inspection_id,string_id,segment_id,inspection_date,yield_strength,wall_thickness,outer_diameter,material_grade,inspection_method,defect_length,defect_depth,remaining_wall,fatigue_damage,corrosion_rate,inspection_confidence
INSP_000000,String_A,String_A_001,2024-03-17,76800.4602173101,0.10717878297264219,1.7815500014486942,CT80,EMAT,0.8345166004851192,120.0,60.0,1.5,0.0,0.7374174884536878
INSP_000001,String_A,String_A_002,2024-03-11,76800.4602173101,0.10531323418800015,1.7815500014486942,CT80,MFL,0.14962400838425996,120.0,60.0,1.5,0.0,0.8313189552397313
INSP_000002,String_A,String_A_003,2024-05-02,76800.4602173101,0.10486299432805501,1.7815500014486942,CT80,MFL,0.7039146095269704,120.0,60.0,1.5,0.0,0.7330925514661318
INSP_000003,String_A,String_A_004,2024-02-14,76800.4602173101,0.1086358939506713,1.7815500014486942,CT80,EMAT,0.0,120.0,60.0,1.5,0.0,0.8477730172591855
INSP_000004,String_A,String_A_005,2024-05-01,76800.4602173101,0.10870738118894022,1.7815500014486942,CT80,UT,0.0,120.0,60.0,1.5,0.0,0.8292001346332964
INSP_000005,String_A,String_A_006,2024-03-02,76800.4602173101,0.108036179672651,1.7815500014486942,CT80,EMAT,0.0,120.0,60.0,1.5,0.0,0.7230567710213359
INSP_000006,String_A,String_A_007,2024-04-24,76800.4602173101,0.10588563444048213,1.7815500014486942,CT80,UT,0.0,120.0,60.0,1.5,0.0,0.9623581554249048
INSP_000007,String_A,String_A_008,2024-03-31,76800.4602173101,0.10500224441258531,1.7815500014486942,CT80,MFL,0.0,120.0,60.0,1.5,0.0,0.818912594164891
INSP_000008,String_A,String_A_009,2024-04-18,76800.4602173101,0.10750614852238642,1.7815500014486942,CT80,MFL,1.037848492840824,120.0,60.0,1.5,0.0,0.7730539471758466
INSP_000009,String_A,String_A_010,2024-03-08,76800.4602173101,0.10646422050416779,1.7815500014486942,CT80,MFL,0.0,120.0,60.0,1.5,0.0,0.9302509958695446
INSP_000010,String_A,String_A_011,2024-03-18,76800.4602173101,0.1051062582137207,1.7815500014486942,CT80,MFL,0.0,120.0,60.0,1.5,0.0,0.7787865000723996
INSP_000011,String_A,String_A_012,2024-03-15,76800.4602173101,0.10669910806546787,1.7815500014486942,CT80,EMAT,0.0,120.0,60.0,1.5,0.0,0.9283588485988824
INSP_000012,String_A,String_A_013,2024-01-11,76800.4602173101,0.10473210017872178,1.7815500014486942,CT80,MFL,0.0,120.0,60.0,1.5,0.0,0.9022925694533512
INSP_000013,String_A,String_A_014,2024-06-09,76800.4602173101,0.10846699878146342,1.7815500014486942,CT80,MFL,0.0,120.0,60.0,1.5,0.0,0.8042440651301639
INSP_000014,String_A,String_A_015,2024-02-07,76800.4602173101,0.10568997972393716,1.7815500014486942,CT80,MFL,0.0,120.0,60.0,1.5,0.0,0.7301603291862434
INSP_000015,String_A,String_A_016,2024-04-19,76800.4602173101,0.10741346996955811,1.7815500014486942,CT80,MFL,0.0,120.0,60.0,1.5,0.0,0.9614971849314136
INSP_000016,String_A,String_A_017,2024-06-26,76800.4602173101,0.1059159313381729,1.7815500014486942,CT80,UT,0.0,120.0,60.0,1.5,0.0,0.7393152434844436
INSP_000017,String_A,String_A_018,2024-06-22,76800.4602173101,0.10680536293852236,1.7815500014486942,CT80,MFL,0.7604834598994362,120.0,60.0,1.5,0.0,0.7229221920697152
INSP_000018,String_A,String_A_019,2024-04-15,76800.4602173101,0.10691909308707577,1.7815500014486942,CT80,MFL,0.0,120.0,60.0,1.5,0.0,0.9524049022145422
INSP_000019,String_A,String_A_020,2024-03-21,76800.4602173101,0.10537440733476046,1.7815500014486942,CT80,UT,0.04578345923016717,120.0,60.0,1.5,0.0,0.9027556030544357
INSP_000020,String_A,String_A_021,2024-02-17,76800.4602173101,0.10872425397721788,1.7815500014486942,CT80,MFL,0.0,120.0,60.0,1.5,0.0,0.8085267292830756
INSP_000021,String_A,String_A_022,2024-03-25,76800.4602173101,0.1078941804727901,1.7815500014486942,CT80,EMAT,0.0,120.0,60.0,1.5,0.0,0.863414146618849
INSP_000022,String_A,String_A_023,2024-04-11,76800.4602173101,0.10859582456482918,1.7815500014486942,CT80,UT,0.3068808780124808,120.0,60.0,1.5,0.0,0.9694175603701681
INSP_000023,String_A,String_A_024,2024-01-17,76800.4602173101,0.10840513101833921,1.7815500014486942,CT80,MFL,0.2615720962327976,120.0,60.0,1.5,0.0,0.9225722571733238
INSP_000024,String_A,String_A_025,2024-05-08,76800.4602173101,0.10713761105536206,1.7815500014486942,CT80,UT,0.0,120.0,60.0,1.5,0.0,0.8244539766120327
INSP_000025,String_A,String_A_026,2024-01-04,76800.4602173101,0.10852058843128988,1.7815500014486942,CT80,MFL,0.0,120.0,60.0,1.5,0.0,0.7037497732076122
INSP_000026,String_A,String_A_027,2024-06-17,76800.4602173101,0.10496305859639962,1.7815500014486942,CT80,MFL,0.0,120.0,60.0,1.5,0.0,0.9827398799231946
INSP_000027,String_A,String_A_028,2024-03-26,76800.4602173101,0.10542191214314844,1.7815500014486942,CT80,UT,0.0,120.0,60.0,1.5,0.0,0.9654790606617606
INSP_000028,String_A,String_A_029,2024-06-01,76800.4602173101,0.10477836857923954,1.7815500014486942,CT80,UT,0.0,120.0,60.0,1.5,0.0,0.7931436924218286
INSP_000029,String_A,String_A_030,2024-02-28,76800.4602173101,0.10597406904735747,1.7815500014486942,CT80,MFL,0.0,120.0,60.0,1.5,0.0,0.7348300310361109
INSP_000030,String_A,String_A_031,2024-04-14,76800.4602173101,0.10624448377738296,1.7815500014486942,CT80,EMAT,0.7121769111653461,120.0,60.0,1.5,0.0,0.9219585863638804
INSP_000031,String_A,String_A_032,2024-03-05,76800.4602173101,0.10574363433288857,1.7815500014486942,CT80,MFL,0.0,120.0,60.0,1.5,0.0,0.9012826367823437
INSP_000032,String_A,String_A_033,2024-03-10,76800.4602173101,0.10812300750540438,1.7815500014486942,CT80,EMAT,0.0,120.0,60.0,1.5,0.0,0.9884073846648284
INSP_000033,String_A,String_A_034,2024-01-24,76800.4602173101,0.1061082071513032,1.7815500014486942,CT80,EMAT,0.0,120.0,60.0,1.5,0.0,0.8897149423180002
INSP_000034,String_A,String_A_035,2024-05-04,76800.4602173101,0.10578455270475799,1.7815500014486942,CT80,EMAT,0.0,120.0,60.0,1.5,0.0,0.9455518134914944
INSP_000035,String_A,String_A_036,2024-01-01,76800.4602173101,0.10690195733508318,1.7815500014486942,CT80,MFL,2.226455055545955,120.0,60.0,1.5,0.0,0.7535480812328893
INSP_000036,String_A,String_A_037,2024-02-26,76800.4602173101,0.10518687849934817,1.7815500014486942,CT80,MFL,0.48795052571127706,120.0,60.0,1.5,0.0,0.8138472103436583
INSP_000037,String_A,String_A_038,2024-04-14,76800.4602173101,0.10800971161964909,1.7815500014486942,CT80,UT,0.6426899302838689,120.0,60.0,1.5,0.0,0.7238017987993713
INSP_000038,String_A,String_A_039,2024-03-08,76800.4602173101,0.10490354376046016,1.7815500014486942,CT80,UT,0.0,120.0,60.0,1.5,0.0,0.7974099677629897
INSP_000039,String_A,String_A_040,2024-05-30,76800.4602173101,0.10879811386334348,1.7815500014486942,CT80,UT,0.0,120.0,60.0,1.5,0.0,0.8429558233367576
INSP_000040,String_A,String_A_041,2024-01-16,76800.4602173101,0.10788185198262457,1.7815500014486942,CT80,MFL,0.0,120.0,60.0,1.5,0.0,0.9667429272192531
INSP_000041,String_A,String_A_042,2024-05-02,76800.4602173101,0.10543357796824447,1.7815500014486942,CT80,MFL,0.0,120.0,60.0,1.5,0.0,0.8930235451082478
INSP_000042,String_A,String_A_043,2024-05-21,76800.4602173101,0.104608875623439,1.7815500014486942,CT80,MFL,0.03785142052500774,120.0,60.0,1.5,0.0,0.8576662788431387
INSP_000043,String_A,String_A_044,2024-03-16,76800.4602173101,0.10806633473312997,1.7815500014486942,CT80,MFL,0.0,120.0,60.0,1.5,0.0,0.764291852170632
INSP_000044,String_A,String_A_045,2024-01-07,76800.4602173101,0.10760272693385214,1.7815500014486942,CT80,EMAT,0.0,120.0,60.0,1.5,0.0,0.923247909495163
INSP_000045,String_A,String_A_046,2024-01-18,76800.4602173101,0.10769727983474735,1.7815500014486942,CT80,MFL,0.0,120.0,60.0,1.5,0.0,0.9307169237747455
INSP_000046,String_A,String_A_047,2024-02-26,76800.4602173101,0.10787769237920125,1.7815500014486942,CT80,MFL,1.6502297277907936,120.0,60.0,1.5,0.0,0.7858570202501317
INSP_000047,String_A,String_A_048,2024-04-18,76800.4602173101,0.10490138378817883,1.7815500014486942,CT80,MFL,0.29512139229252576,120.0,60.0,1.5,0.0,0.9024721206814212
INSP_000048,String_A,String_A_049,2024-03-29,76800.4602173101,0.10611551703155628,1.7815500014486942,CT80,UT,1.1851823185877337,120.0,60.0,1.5,0.0,0.8267044932344659
INSP_000049,String_A,String_A_050,2024-03-16,76800.4602173101,0.10507992331293271,1.7815500014486942,CT80,UT,0.0,120.0,60.0,1.5,0.0,0.9844610741879096
INSP_000050,String_A,String_A_051,2024-04-27,76800.4602173101,0.10826970831394252,1.7815500014486942,CT80,MFL,0.0,120.0,60.0,1.5,0.0,0.9381946818831609
INSP_000051,String_A,String_A_052,2024-05-25,76800.4602173101,0.10724603036159934,1.7815500014486942,CT80,UT,0.0,120.0,60.0,1.5,0.0,0.9338042465690428
INSP_000052,String_A,String_A_053,2024-04-26,76800.4602173101,0.10599783635236415,1.7815500014486942,CT80,EMAT,0.0,120.0,60.0,1.5,0.0,0.8331767077865915
INSP_000053,String_A,String_A_054,2024-06-27,76800.4602173101,0.10485661999172971,1.7815500014486942,CT80,MFL,0.0,120.0,60.0,1.5,0.0,0.8833898034539519
INSP_000054,String_A,String_A_055,2024-01-20,76800.4602173101,0.1059128204403402,1.7815500014486942,CT80,EMAT,0.0,120.0,60.0,1.5,0.0,0.9421024921307348
INSP_000055,String_A,String_A_056,2024-04-18,76800.4602173101,0.10597344149824586,1.7815500014486942,CT80,MFL,1.631719705780128,120.0,60.0,1.5,0.0,0.9683403014967802
INSP_000056,String_A,String_A_057,2024-05-23,76800.4602173101,0.10769983688263902,1.7815500014486942,CT80,MFL,0.0,120.0,60.0,1.5,0.0,0.8336353264207375
INSP_000057,String_A,String_A_058,2024-05-19,76800.4602173101,0.10730690047858914,1.7815500014486942,CT80,UT,0.0,120.0,60.0,1.5,0.0,0.7548227119764803
INSP_000058,String_A,String_A_059,2024-03-08,76800.4602173101,0.10837262587268943,1.7815500014486942,CT80,EMAT,0.22802322336654535,120.0,60.0,1.5,0.0,0.7221311423217656
INSP_000059,String_A,String_A_060,2024-03-19,76800.4602173101,0.10660108822258713,1.7815500014486942,CT80,MFL,0.0,120.0,60.0,1.5,0.0,0.9528767966065512
INSP_000060,String_A,String_A_061,2024-05-19,76800.4602173101,0.10509582534351615,1.7815500014486942,CT80,MFL,0.6743382624966399,120.0,60.0,1.5,0.0,0.9938098898791035
INSP_000061,String_A,String_A_062,2024-06-03,76800.4602173101,0.10762999357466939,1.7815500014486942,CT80,UT,0.22328063172770898,120.0,60.0,1.5,0.0,0.8236141766002467
INSP_000062,String_A,String_A_063,2024-01-10,76800.4602173101,0.10783293286596428,1.7815500014486942,CT80,MFL,0.0,120.0,60.0,1.5,0.0,0.7198410518114621
INSP_000063,String_A,String_A_064,2024-03-26,76800.4602173101,0.10698127617093989,1.7815500014486942,CT80,EMAT,0.0,120.0,60.0,1.5,0.0,0.7967909975219922
INSP_000064,String_A,String_A_065,2024-04-08,76800.4602173101,0.10787639822473495,1.7815500014486942,CT80,EMAT,2.4959798427177535,120.0,60.0,1.5,0.0,0.7835543649247784
INSP_000065,String_A,String_A_066,2024-01-31,76800.4602173101,0.10669321153009703,1.7815500014486942,CT80,MFL,0.0,120.0,60.0,1.5,0.0,0.8587543158267225
INSP_000066,String_A,String_A_067,2024-05-24,76800.4602173101,0.10681673843946697,1.7815500014486942,CT80,UT,0.5025784507083879,120.0,60.0,1.5,0.0,0.805443898600442
INSP_000067,String_A,String_A_068,2024-03-09,76800.4602173101,0.10641038479100652,1.7815500014486942,CT80,UT,0.0,120.0,60.0,1.5,0.0,0.7870776464360358
INSP_000068,String_A,String_A_069,2024-04-21,76800.4602173101,0.10469381173680645,1.7815500014486942,CT80,MFL,0.0,120.0,60.0,1.5,0.0,0.9279175214553645
INSP_000069,String_A,String_A_070,2024-03-07,76800.4602173101,0.1050458684919294,1.7815500014486942,CT80,UT,0.0,120.0,60.0,1.5,0.0,0.7029015584300845
INSP_000070,String_A,String_A_071,2024-04-11,76800.4602173101,0.10471946740353394,1.7815500014486942,CT80,MFL,0.0,120.0,60.0,1.5,0.0,0.7175671851072021
INSP_000071,String_A,String_A_072,2024-05-29,76800.4602173101,0.10730200392238178,1.7815500014486942,CT80,EMAT,0.0,120.0,60.0,1.5,0.0,0.8583620750968417
INSP_000072,String_A,String_A_073,2024-04-17,76800.4602173101,0.10592722187650504,1.7815500014486942,CT80,MFL,0.0,120.0,60.0,1.5,0.0,0.7377271840702933
INSP_000073,String_A,String_A_074,2024-03-25,76800.4602173101,0.10675628327559601,1.7815500014486942,CT80,MFL,0.0,120.0,60.0,1.5,0.0,0.8521384510782217
INSP_000074,String_A,String_A_075,2024-04-17,76800.4602173101,0.10845951163423592,1.7815500014486942,CT80,MFL,0.0,120.0,60.0,1.5,0.0,0.8898810676785495
INSP_000075,String_A,String_A_076,2024-03-09,76800.4602173101,0.10564947852133623,1.7815500014486942,CT80,UT,1.2574555524421276,120.0,60.0,1.5,0.0,0.9885257865587209
INSP_000076,String_A,String_A_077,2024-05-07,76800.4602173101,0.10633714052177644,1.7815500014486942,CT80,MFL,0.0,120.0,60.0,1.5,0.0,0.7999356041940362
INSP_000077,String_A,String_A_078,2024-03-31,76800.4602173101,0.10781059041411516,1.7815500014486942,CT80,MFL,0.7158967316852961,120.0,60.0,1.5,0.0,0.7381875974189802
INSP_000078,String_A,String_A_079,2024-06-24,76800.4602173101,0.10556199371093743,1.7815500014486942,CT80,UT,0.0,120.0,60.0,1.5,0.0,0.9419784226965549
INSP_000079,String_A,String_A_080,2024-06-10,76800.4602173101,0.10491391378233622,1.7815500014486942,CT80,MFL,1.100934030521821,120.0,60.0,1.5,0.0,0.8091095124672335
INSP_000080,String_A,String_A_081,2024-06-27,76800.4602173101,0.10582219036507554,1.7815500014486942,CT80,MFL,0.0,120.0,60.0,1.5,0.0,0.8444853167361787
INSP_000081,String_A,String_A_082,2024-06-04,76800.4602173101,0.10527352235265366,1.7815500014486942,CT80,EMAT,0.0,120.0,60.0,1.5,0.0,0.8282634218247327
INSP_000082,String_A,String_A_083,2024-02-16,76800.4602173101,0.10855398494026487,1.7815500014486942,CT80,EMAT,0.0,120.0,60.0,1.5,0.0,0.7357241136267163
INSP_000083,String_A,String_A_084,2024-01-19,76800.4602173101,0.10803499735265497,1.7815500014486942,CT80,UT,0.0,120.0,60.0,1.5,0.0,0.8890934106112989
INSP_000084,String_A,String_A_085,2024-05-22,76800.4602173101,0.10728916915103379,1.7815500014486942,CT80,UT,0.0,120.0,60.0,1.5,0.0,0.989663482237876
INSP_000085,String_A,String_A_086,2024-06-17,76800.4602173101,0.10830538327560679,1.7815500014486942,CT80,UT,0.0,120.0,60.0,1.5,0.0,0.8252727016565589
INSP_000086,String_A,String_A_087,2024-05-17,76800.4602173101,0.108016008492184,1.7815500014486942,CT80,MFL,0.9632399492919616,120.0,60.0,1.5,0.0,0.7134345711755546
INSP_000087,String_A,String_A_088,2024-03-23,76800.4602173101,0.10538173088157984,1.7815500014486942,CT80,MFL,2.357362210206299,120.0,60.0,1.5,0.0,0.9764218742836694
INSP_000088,String_A,String_A_089,2024-05-10,76800.4602173101,0.10839544790509704,1.7815500014486942,CT80,EMAT,0.0,120.0,60.0,1.5,0.0,0.9454021365950183
INSP_000089,String_A,String_A_090,2024-01-31,76800.4602173101,0.1068876404982604,1.7815500014486942,CT80,MFL,0.0,120.0,60.0,1.5,0.0,0.8807887779664669
INSP_000090,String_A,String_A_091,2024-01-14,76800.4602173101,0.10803209361898414,1.7815500014486942,CT80,UT,0.0,120.0,60.0,1.5,0.0,0.8297257884101786
INSP_000091,String_A,String_A_092,2024-05-11,76800.4602173101,0.10841052655061854,1.7815500014486942,CT80,UT,0.0,120.0,60.0,1.5,0.09256707467642764,0.749139856141565
INSP_000092,String_A,String_A_093,2024-02-19,76800.4602173101,0.10594279225421141,1.7815500014486942,CT80,UT,1.0313502575014546,120.0,60.0,1.5,2.390215847988366,0.7680378399101211
INSP_000093,String_A,String_A_094,2024-04-16,76800.4602173101,0.10505509119760276,1.7815500014486942,CT80,UT,0.12937209316646472,120.0,60.0,1.5,1.0282578151369348,0.8199691406044064
INSP_000094,String_A,String_A_095,2024-04-14,76800.4602173101,0.10555830973441188,1.7815500014486942,CT80,MFL,1.1970901101168139,120.0,60.0,1.5,3.896847337991893,0.9328688308086848
INSP_000095,String_A,String_A_096,2024-05-26,76800.4602173101,0.10640853542517931,1.7815500014486942,CT80,MFL,0.0,120.0,60.0,1.5,1.0963159939364633,0.8962156722195451
INSP_000096,String_A,String_A_097,2024-03-04,76800.4602173101,0.10807723438914638,1.7815500014486942,CT80,MFL,0.0,120.0,60.0,1.5,4.100432487658526,0.7685268779181718
INSP_000097,String_A,String_A_098,2024-06-24,76800.4602173101,0.10825957915214605,1.7815500014486942,CT80,MFL,0.0,120.0,60.0,1.5,1.6786620619559576,0.9829025095686901
INSP_000098,String_A,String_A_099,2024-03-24,76800.4602173101,0.10461498004733086,1.7815500014486942,CT80,EMAT,1.3888366238978758,120.0,60.0,1.5,4.56428725731926,0.7986127764623185
INSP_000099,String_A,String_A_100,2024-03-13,76800.4602173101,0.10676557476799843,1.7815500014486942,CT80,EMAT,0.7867213610432926,120.0,60.0,1.5,3.3836668371115026,0.9896825290654911
INSP_000100,String_A,String_A_101,2024-03-05,76800.4602173101,0.10636714190493057,1.7815500014486942,CT80,UT,0.0,120.0,60.0,1.5,4.251981996457299,0.7190990983437373
INSP_000101,String_A,String_A_102,2024-05-10,76800.4602173101,0.10553343400456136,1.7815500014486942,CT80,MFL,0.0,120.0,60.0,1.5,3.5402595282559313,0.980954500413955
INSP_000102,String_A,String_A_103,2024-06-05,76800.4602173101,0.10509698270324073,1.7815500014486942,CT80,MFL,0.0,120.0,60.0,1.5,1.0444393957985478,0.9501007247727609
INSP_000103,String_A,String_A_104,2024-03-21,76800.4602173101,0.10602651042609894,1.7815500014486942,CT80,MFL,0.0,120.0,60.0,1.5,0.895690973687878,0.7173218663878097
INSP_000104,String_A,String_A_105,2024-04-10,76800.4602173101,0.1086103843857778,1.7815500014486942,CT80,MFL,0.0,120.0,60.0,1.5,5.193337642335984,0.9684111302000273
INSP_000105,String_A,String_A_106,2024-01-19,76800.4602173101,0.10596498763340542,1.7815500014486942,CT80,EMAT,0.028354922049095142,120.0,60.0,1.5,1.842000710339659,0.8627527523385414
INSP_000106,String_A,String_A_107,2024-01-25,76800.4602173101,0.10679990999130823,1.7815500014486942,CT80,UT,0.0,120.0,60.0,1.5,3.5134602001879474,0.7546231361993878
INSP_000107,String_A,String_A_108,2024-01-27,76800.4602173101,0.10758634168271711,1.7815500014486942,CT80,UT,0.0,120.0,60.0,1.5,1.9444061540353659,0.9979376511525002
INSP_000108,String_A,String_A_109,2024-01-16,76800.4602173101,0.10613756051355847,1.7815500014486942,CT80,MFL,0.0,120.0,60.0,1.5,1.3862078773420494,0.940815405268917
INSP_000109,String_A,String_A_110,2024-01-01,76800.4602173101,0.1087336344462862,1.7815500014486942,CT80,MFL,0.0,120.0,60.0,1.5,2.0303068143432843,0.7956254594089345
INSP_000110,String_A,String_A_111,2024-05-19,76800.4602173101,0.10869378621742327,1.7815500014486942,CT80,MFL,0.0,120.0,60.0,1.5,2.174371114256668,0.9489780687978692
INSP_000111,String_A,String_A_112,2024-03-22,76800.4602173101,0.1056601080877666,1.7815500014486942,CT80,EMAT,0.0,120.0,60.0,1.5,1.8976791169963485,0.868881022264498
INSP_000112,String_A,String_A_113,2024-03-18,76800.4602173101,0.10670795126841506,1.7815500014486942,CT80,UT,0.0,120.0,60.0,1.5,1.6549540077555251,0.8566966668920009
INSP_000113,String_A,String_A_114,2024-04-25,76800.4602173101,0.10586968855688238,1.7815500014486942,CT80,MFL,0.0,120.0,60.0,1.5,0.9609626757905467,0.800010513985207
INSP_000114,String_A,String_A_115,2024-03-07,76800.4602173101,0.1058012265248333,1.7815500014486942,CT80,MFL,0.38415277973713674,120.0,60.0,1.5,3.7051962156067937,0.7977080263160262
INSP_000115,String_A,String_A_116,2024-01-06,76800.4602173101,0.10474276543035256,1.7815500014486942,CT80,MFL,0.0,120.0,60.0,1.5,6.776697487364832,0.7982581617525073
INSP_000116,String_A,String_A_117,2024-06-24,76800.4602173101,0.10718740371324749,1.7815500014486942,CT80,MFL,0.0,120.0,60.0,1.5,1.5982108588414494,0.8116841633342862
INSP_000117,String_A,String_A_118,2024-05-07,76800.4602173101,0.10673113299496255,1.7815500014486942,CT80,EMAT,1.5954787560795325,120.0,60.0,1.5,1.0763830516065087,0.7933285927598337
INSP_000118,String_A,String_A_119,2024-04-06,76800.4602173101,0.10480505474585973,1.7815500014486942,CT80,EMAT,0.0,120.0,60.0,1.5,1.9119453976949279,0.7937637980317459
INSP_000119,String_A,String_A_120,2024-06-03,76800.4602173101,0.10577478552408598,1.7815500014486942,CT80,MFL,0.0,120.0,60.0,1.5,2.7248313214527955,0.75877824822569
INSP_000120,String_A,String_A_121,2024-05-20,76800.4602173101,0.10846249727587257,1.7815500014486942,CT80,UT,0.0,120.0,60.0,1.5,0.6260293061112284,0.7540014399031785
INSP_000121,String_A,String_A_122,2024-02-11,76800.4602173101,0.10560794177042913,1.7815500014486942,CT80,MFL,0.0,120.0,60.0,1.5,3.372410229147503,0.8999864520068033
INSP_000122,String_A,String_A_123,2024-04-15,76800.4602173101,0.105203828349605,1.7815500014486942,CT80,UT,0.0,120.0,60.0,1.5,1.9460206632815842,0.8800070444658397
INSP_000123,String_A,String_A_124,2024-02-16,76800.4602173101,0.10667467288407724,1.7815500014486942,CT80,UT,0.0,120.0,60.0,1.5,3.1725766961950286,0.9566229664012871
INSP_000124,String_A,String_A_125,2024-02-25,76800.4602173101,0.10879283558188595,1.7815500014486942,CT80,UT,0.0,120.0,60.0,1.5,7.660096378115014,0.9338638528372724
INSP_000125,String_A,String_A_126,2024-01-17,76800.4602173101,0.10561858548433985,1.7815500014486942,CT80,UT,0.0,120.0,60.0,1.5,2.012165878725052,0.8038598907115555
INSP_000126,String_A,String_A_127,2024-05-12,76800.4602173101,0.10745450695028941,1.7815500014486942,CT80,MFL,0.0,120.0,60.0,1.5,1.8661501020941174,0.7870659558044817
INSP_000127,String_A,String_A_128,2024-01-10,76800.4602173101,0.10783649545422253,1.7815500014486942,CT80,EMAT,0.0,120.0,60.0,1.5,3.53356357889395,0.9992998145374946
INSP_000128,String_A,String_A_129,2024-04-14,76800.4602173101,0.10559972714268219,1.7815500014486942,CT80,EMAT,0.0,120.0,60.0,1.5,1.4018128296362962,0.8055431680740484
INSP_000129,String_A,String_A_130,2024-02-09,76800.4602173101,0.10769390399435892,1.7815500014486942,CT80,UT,0.5401233258012734,120.0,60.0,1.5,1.8189897953857934,0.872941349575134
INSP_000130,String_A,String_A_131,2024-06-05,76800.4602173101,0.10615529105350184,1.7815500014486942,CT80,EMAT,0.0,120.0,60.0,1.5,2.116356575171744,0.8450732514976286
INSP_000131,String_A,String_A_132,2024-05-18,76800.4602173101,0.10728448233819503,1.7815500014486942,CT80,UT,0.0,120.0,60.0,1.5,1.4203485628157695,0.819211322872416
INSP_000132,String_A,String_A_133,2024-02-29,76800.4602173101,0.10728970682301067,1.7815500014486942,CT80,UT,0.6918057592794022,120.0,60.0,1.5,4.056928523147778,0.9157470382154062
INSP_000133,String_A,String_A_134,2024-01-31,76800.4602173101,0.10687241135061466,1.7815500014486942,CT80,UT,0.0,120.0,60.0,1.5,4.088216157594489,0.8854980387903673
INSP_000134,String_A,String_A_135,2024-06-16,76800.4602173101,0.10497073075225233,1.7815500014486942,CT80,UT,0.2893582312776936,120.0,60.0,1.5,4.246220952994357,0.8733139912272619
INSP_000135,String_A,String_A_136,2024-02-06,76800.4602173101,0.10815103203989125,1.7815500014486942,CT80,UT,0.0,120.0,60.0,1.5,1.292963545806717,0.8765993022886026
INSP_000136,String_A,String_A_137,2024-06-05,76800.4602173101,0.10595464492792983,1.7815500014486942,CT80,UT,0.0,120.0,60.0,1.5,2.293086912107817,0.827319626826306
INSP_000137,String_A,String_A_138,2024-01-11,76800.4602173101,0.1053815108320272,1.7815500014486942,CT80,MFL,1.623449575136654,120.0,60.0,1.5,2.6366208377510776,0.7789042846004844
INSP_000138,String_A,String_A_139,2024-05-09,76800.4602173101,0.10475936330660052,1.7815500014486942,CT80,EMAT,1.0912280190577637,120.0,60.0,1.5,1.7347358035995204,0.8566969793164233
INSP_000139,String_A,String_A_140,2024-04-17,76800.4602173101,0.10710769950667293,1.7815500014486942,CT80,MFL,1.7774678545964409,120.0,60.0,1.5,2.9592746210672565,0.7274020060856049
INSP_000140,String_A,String_A_141,2024-01-31,76800.4602173101,0.1074776814075177,1.7815500014486942,CT80,MFL,0.0,120.0,60.0,1.5,1.9238614544982913,0.9215453644995402
INSP_000141,String_A,String_A_142,2024-05-02,76800.4602173101,0.10465611279978984,1.7815500014486942,CT80,MFL,1.2356154184773604,120.0,60.0,1.5,1.4788584330788201,0.9757942102273698
INSP_000142,String_A,String_A_143,2024-02-17,76800.4602173101,0.10677131951370265,1.7815500014486942,CT80,EMAT,0.0,120.0,60.0,1.5,1.320643831123302,0.8541174555618468
INSP_000143,String_A,String_A_144,2024-06-09,76800.4602173101,0.10555216529517393,1.7815500014486942,CT80,MFL,0.0,120.0,60.0,1.5,0.8519013032021658,0.7529318176468504
INSP_000144,String_A,String_A_145,2024-01-07,76800.4602173101,0.10733940866021326,1.7815500014486942,CT80,UT,0.0,120.0,60.0,1.5,1.837678074873196,0.9101721690452358
INSP_000145,String_A,String_A_146,2024-05-17,76800.4602173101,0.10532963617434288,1.7815500014486942,CT80,UT,0.8549284366834602,120.0,60.0,1.5,4.88019639903732,0.7656120052129574
INSP_000146,String_A,String_A_147,2024-06-18,76800.4602173101,0.10753476951391189,1.7815500014486942,CT80,UT,0.0,120.0,60.0,1.5,2.2802407923287102,0.8667143598991842
INSP_000147,String_A,String_A_148,2024-06-16,76800.4602173101,0.1062361940329951,1.7815500014486942,CT80,MFL,0.0,120.0,60.0,1.5,3.6118466203485244,0.7373581863310639
INSP_000148,String_A,String_A_149,2024-03-01,76800.4602173101,0.10858400449257977,1.7815500014486942,CT80,MFL,0.0,120.0,60.0,1.5,1.2315457221144808,0.9057973116683488
INSP_000149,String_A,String_A_150,2024-06-06,76800.4602173101,0.10517235061541955,1.7815500014486942,CT80,UT,0.0,120.0,60.0,1.5,2.621580191729441,0.8896417855391124
INSP_000150,String_A,String_A_151,2024-02-01,76800.4602173101,0.10604124277992037,1.7815500014486942,CT80,UT,0.16211831739279975,120.0,60.0,1.5,1.66104144835357,0.8339785060309961
INSP_000151,String_A,String_A_152,2024-05-01,76800.4602173101,0.1050696972681555,1.7815500014486942,CT80,EMAT,0.0,120.0,60.0,1.5,1.8786987934197534,0.7865986539087321
INSP_000152,String_A,String_A_153,2024-01-05,76800.4602173101,0.10853262378033873,1.7815500014486942,CT80,UT,1.8037754760625786,120.0,60.0,1.5,1.032612615428298,0.7224532728467196
INSP_000153,String_A,String_A_154,2024-01-29,76800.4602173101,0.10833047846863164,1.7815500014486942,CT80,UT,0.0,120.0,60.0,1.5,1.831722320261842,0.8187606384426586
INSP_000154,String_A,String_A_155,2024-02-26,76800.4602173101,0.1056864009690406,1.7815500014486942,CT80,MFL,0.0,120.0,60.0,1.5,4.758086539991018,0.7355810509517786
INSP_000155,String_A,String_A_156,2024-06-22,76800.4602173101,0.10740263476860094,1.7815500014486942,CT80,MFL,0.25330472877938803,120.0,60.0,1.5,2.1767185020533004,0.9950570344308276
INSP_000156,String_A,String_A_157,2024-06-03,76800.4602173101,0.10807385109420722,1.7815500014486942,CT80,UT,0.0,120.0,60.0,1.5,2.4134697785299153,0.9958432590374191
INSP_000157,String_A,String_A_158,2024-01-02,76800.4602173101,0.10695533736820223,1.7815500014486942,CT80,UT,0.01327575180857957,120.0,60.0,1.5,2.999360788045228,0.8782325993685485
INSP_000158,String_A,String_A_159,2024-05-20,76800.4602173101,0.1068462688423924,1.7815500014486942,CT80,MFL,0.0,120.0,60.0,1.5,2.790830861538106,0.7909002294882553
INSP_000159,String_A,String_A_160,2024-03-31,76800.4602173101,0.10561771900316903,1.7815500014486942,CT80,UT,1.8650768415787995,120.0,60.0,1.5,0.3037848267611925,0.749199765487461
INSP_000160,String_A,String_A_161,2024-06-18,76800.4602173101,0.10498273884293932,1.7815500014486942,CT80,EMAT,0.0,120.0,60.0,1.5,4.232083725653157,0.7467044266449792
INSP_000161,String_A,String_A_162,2024-04-21,76800.4602173101,0.10841532662341946,1.7815500014486942,CT80,EMAT,0.0,120.0,60.0,1.5,1.8540596321172975,0.8723231781190729
INSP_000162,String_A,String_A_163,2024-03-11,76800.4602173101,0.10842899655945132,1.7815500014486942,CT80,MFL,0.16695035373845096,120.0,60.0,1.5,2.399907696361281,0.8660730943511963
INSP_000163,String_A,String_A_164,2024-04-24,76800.4602173101,0.10728787869971632,1.7815500014486942,CT80,UT,0.5765249599514093,120.0,60.0,1.5,1.9343963195448002,0.7800046111238359
INSP_000164,String_A,String_A_165,2024-05-31,76800.4602173101,0.10603254913728405,1.7815500014486942,CT80,MFL,0.0,120.0,60.0,1.5,3.6250685454942264,0.9387539484586549
INSP_000165,String_A,String_A_166,2024-04-20,76800.4602173101,0.1060760044739068,1.7815500014486942,CT80,MFL,0.0,120.0,60.0,1.5,1.4095602453944471,0.7092305345754766
INSP_000166,String_A,String_A_167,2024-03-13,76800.4602173101,0.1076842536747821,1.7815500014486942,CT80,MFL,0.271400289827532,120.0,60.0,1.5,2.5575857280737737,0.9739798065938361
INSP_000167,String_A,String_A_168,2024-03-05,76800.4602173101,0.10841487627483327,1.7815500014486942,CT80,EMAT,0.0,120.0,60.0,1.5,1.1442455135372256,0.9540283049597258
INSP_000168,String_A,String_A_169,2024-04-25,76800.4602173101,0.10837208664661446,1.7815500014486942,CT80,MFL,1.1178405138651146,120.0,60.0,1.5,2.0265701863631542,0.7323604403760274
INSP_000169,String_A,String_A_170,2024-01-02,76800.4602173101,0.10791442614906595,1.7815500014486942,CT80,UT,0.5381938325972881,120.0,60.0,1.5,3.3011117800471754,0.837583584045653
INSP_000170,String_A,String_A_171,2024-05-02,76800.4602173101,0.10732599978171098,1.7815500014486942,CT80,MFL,0.17321814703731067,120.0,60.0,1.5,1.6832865838634419,0.8551757914172858
INSP_000171,String_A,String_A_172,2024-06-08,76800.4602173101,0.10494447853899655,1.7815500014486942,CT80,EMAT,0.0,120.0,60.0,1.5,4.199731716506181,0.8036592092151769
INSP_000172,String_A,String_A_173,2024-04-17,76800.4602173101,0.1052752615714098,1.7815500014486942,CT80,UT,0.0,120.0,60.0,1.5,3.8871437915064733,0.9628880255939444
INSP_000173,String_A,String_A_174,2024-03-05,76800.4602173101,0.10842104009962089,1.7815500014486942,CT80,EMAT,0.0,120.0,60.0,1.5,2.98401523523025,0.9859305173603049
INSP_000174,String_A,String_A_175,2024-05-14,76800.4602173101,0.10717401989225193,1.7815500014486942,CT80,UT,0.0,120.0,60.0,1.5,3.116493675547012,0.7971111912836338
INSP_000175,String_A,String_A_176,2024-05-16,76800.4602173101,0.10462456313923515,1.7815500014486942,CT80,MFL,0.8807799272537806,120.0,60.0,1.5,2.6334544626525025,0.9725796920692882
INSP_000176,String_A,String_A_177,2024-04-29,76800.4602173101,0.1050184633684239,1.7815500014486942,CT80,UT,0.0,120.0,60.0,1.5,3.6211574945398706,0.7483107509879762
INSP_000177,String_A,String_A_178,2024-06-12,76800.4602173101,0.10741765118219761,1.7815500014486942,CT80,EMAT,0.0,120.0,60.0,1.5,1.4408607928515023,0.7885477558649915
INSP_000178,String_A,String_A_179,2024-06-05,76800.4602173101,0.10460690970456961,1.7815500014486942,CT80,UT,0.0,120.0,60.0,1.5,2.8758053611072856,0.9850762356443381
INSP_000179,String_A,String_A_180,2024-01-29,76800.4602173101,0.1052717583365263,1.7815500014486942,CT80,UT,0.0,120.0,60.0,1.5,2.205372337189335,0.8740437024042327
INSP_000180,String_A,String_A_181,2024-05-18,76800.4602173101,0.10692773102212318,1.7815500014486942,CT80,EMAT,0.9158389083175191,120.0,60.0,1.5,2.4277877755268946,0.9030202745758874
INSP_000181,String_A,String_A_182,2024-04-25,76800.4602173101,0.10753885670579907,1.7815500014486942,CT80,MFL,0.0,120.0,60.0,1.5,2.0828044679306656,0.9176004060828524
INSP_000182,String_A,String_A_183,2024-05-13,76800.4602173101,0.10736838719475111,1.7815500014486942,CT80,MFL,0.0,120.0,60.0,1.5,2.1687094966139466,0.8467224309281973
INSP_000183,String_A,String_A_184,2024-06-24,76800.4602173101,0.10554266098523561,1.7815500014486942,CT80,EMAT,0.7759520191397195,120.0,60.0,1.5,4.016425631391221,0.7542419587180751
INSP_000184,String_A,String_A_185,2024-06-12,76800.4602173101,0.10762544489998285,1.7815500014486942,CT80,UT,4.086682190605288,120.0,60.0,1.5,3.9847592903775544,0.898008757248681
INSP_000185,String_A,String_A_186,2024-05-19,76800.4602173101,0.10559806890430476,1.7815500014486942,CT80,UT,0.0,120.0,60.0,1.5,4.629312138366647,0.79533697552154
INSP_000186,String_A,String_A_187,2024-05-29,76800.4602173101,0.10597436516205627,1.7815500014486942,CT80,MFL,0.0,120.0,60.0,1.5,3.742438273891333,0.9698135317382137
INSP_000187,String_A,String_A_188,2024-04-27,76800.4602173101,0.10777191633394213,1.7815500014486942,CT80,MFL,0.31378516490871516,120.0,60.0,1.5,4.063949853902399,0.7437488562205816
INSP_000188,String_A,String_A_189,2024-05-16,76800.4602173101,0.10735844791787628,1.7815500014486942,CT80,MFL,0.0,120.0,60.0,1.5,3.373332595907355,0.8107615341038719
INSP_000189,String_A,String_A_190,2024-04-04,76800.4602173101,0.10821045747261188,1.7815500014486942,CT80,UT,0.0,120.0,60.0,1.5,0.9044049577775966,0.8151841662127446
INSP_000190,String_A,String_A_191,2024-01-15,76800.4602173101,0.10739251281629808,1.7815500014486942,CT80,MFL,0.0,120.0,60.0,1.5,3.5036798227149966,0.8813161364742673
INSP_000191,String_A,String_A_192,2024-02-27,76800.4602173101,0.10701129175060047,1.7815500014486942,CT80,MFL,0.25164435049461775,120.0,60.0,1.5,5.614533850214381,0.831363326503763
INSP_000192,String_A,String_A_193,2024-04-10,76800.4602173101,0.10498518058969715,1.7815500014486942,CT80,MFL,2.008663652763869,120.0,60.0,1.5,3.0130514814112903,0.851071156443113
INSP_000193,String_A,String_A_194,2024-04-07,76800.4602173101,0.10615500363746655,1.7815500014486942,CT80,UT,0.0,120.0,60.0,1.5,4.199874243920025,0.7287632690296796
INSP_000194,String_A,String_A_195,2024-04-17,76800.4602173101,0.10571739552775543,1.7815500014486942,CT80,MFL,0.0,120.0,60.0,1.5,1.7037496011535005,0.7206740969217911
INSP_000195,String_A,String_A_196,2024-06-10,76800.4602173101,0.10562684290750912,1.7815500014486942,CT80,MFL,0.0,120.0,60.0,1.5,0.5120685293111599,0.8343241099239308
INSP_000196,String_A,String_A_197,2024-05-15,76800.4602173101,0.10873887853279593,1.7815500014486942,CT80,MFL,0.4122536306457824,120.0,60.0,1.5,1.8495551851328846,0.7059633178576941
INSP_000197,String_A,String_A_198,2024-02-17,76800.4602173101,0.10626335367660525,1.7815500014486942,CT80,MFL,0.0,120.0,60.0,1.5,2.365467413993817,0.94274358306181
INSP_000198,String_A,String_A_199,2024-02-13,76800.4602173101,0.10839326039329772,1.7815500014486942,CT80,UT,0.39365616498339356,120.0,60.0,1.5,1.1932199079795356,0.8920234350740844
INSP_000199,String_A,String_A_200,2024-05-26,76800.4602173101,0.10727949978936951,1.7815500014486942,CT80,MFL,0.0,120.0,60.0,1.5,2.482736672950495,0.8583777580053595
INSP_000200,String_A,String_A_201,2024-01-30,76800.4602173101,0.10797818373033446,1.7815500014486942,CT80,UT,1.0855622657142865,120.0,60.0,1.5,2.5461509030004126,0.7587162604016471
INSP_000201,String_A,String_A_202,2024-04-10,76800.4602173101,0.10673095400415912,1.7815500014486942,CT80,EMAT,0.0,120.0,60.0,1.5,1.8906069711574145,0.8165862790616628
INSP_000202,String_A,String_A_203,2024-06-05,76800.4602173101,0.10704798318313595,1.7815500014486942,CT80,MFL,0.7586511193837518,120.0,60.0,1.5,1.1805977548685116,0.9005878367944575
INSP_000203,String_A,String_A_204,2024-06-07,76800.4602173101,0.10668775643520843,1.7815500014486942,CT80,MFL,0.0,120.0,60.0,1.5,1.9396570404596094,0.877704029955618
INSP_000204,String_A,String_A_205,2024-01-29,76800.4602173101,0.1054187537753387,1.7815500014486942,CT80,MFL,0.0,120.0,60.0,1.5,2.502554170990486,0.9144646887495638
INSP_000205,String_A,String_A_206,2024-06-25,76800.4602173101,0.10766929770493854,1.7815500014486942,CT80,UT,0.0,120.0,60.0,1.5,1.9708319312202836,0.9083422936696504
INSP_000206,String_A,String_A_207,2024-04-06,76800.4602173101,0.10578386053255848,1.7815500014486942,CT80,MFL,0.0,120.0,60.0,1.5,2.9038982097938146,0.9863433128924007
INSP_000207,String_A,String_A_208,2024-02-28,76800.4602173101,0.10468910257944239,1.7815500014486942,CT80,MFL,0.0,120.0,60.0,1.5,0.6068796255382611,0.8004955114512902
INSP_000208,String_A,String_A_209,2024-03-03,76800.4602173101,0.10734068718564967,1.7815500014486942,CT80,MFL,0.0,120.0,60.0,1.5,2.472655399493142,0.853362154616006
INSP_000209,String_A,String_A_210,2024-02-27,76800.4602173101,0.10534135079717837,1.7815500014486942,CT80,EMAT,0.0,120.0,60.0,1.5,2.4157366809439904,0.9574998453113828
INSP_000210,String_A,String_A_211,2024-02-12,76800.4602173101,0.10859992107632765,1.7815500014486942,CT80,EMAT,0.5416209491033445,120.0,60.0,1.5,3.007678288395036,0.7686641018474776
INSP_000211,String_A,String_A_212,2024-06-03,76800.4602173101,0.10865742161759356,1.7815500014486942,CT80,MFL,0.0,120.0,60.0,1.5,1.475049542269996,0.8643979911124394
INSP_000212,String_A,String_A_213,2024-01-02,76800.4602173101,0.10849066489080797,1.7815500014486942,CT80,UT,0.0,120.0,60.0,1.5,2.4743322371240573,0.9756605359686052
INSP_000213,String_A,String_A_214,2024-04-28,76800.4602173101,0.10616543184739069,1.7815500014486942,CT80,EMAT,0.0,120.0,60.0,1.5,2.3017456974064863,0.721030703992567
INSP_000214,String_A,String_A_215,2024-02-24,76800.4602173101,0.10465128389401979,1.7815500014486942,CT80,MFL,0.0,120.0,60.0,1.5,2.737175479621217,0.7975622546203277
INSP_000215,String_A,String_A_216,2024-06-20,76800.4602173101,0.10854809789864425,1.7815500014486942,CT80,UT,0.0,120.0,60.0,1.5,2.4710852441883184,0.7161719222723494
INSP_000216,String_A,String_A_217,2024-05-05,76800.4602173101,0.10641313017637496,1.7815500014486942,CT80,MFL,1.6608156544674828,120.0,60.0,1.5,1.6168939384034897,0.7740457042430137
INSP_000217,String_A,String_A_218,2024-05-17,76800.4602173101,0.10871174724528135,1.7815500014486942,CT80,MFL,0.9761050354571955,120.0,60.0,1.5,1.9249936634433185,0.8292670031791907
INSP_000218,String_A,String_A_219,2024-03-23,76800.4602173101,0.10869879214875129,1.7815500014486942,CT80,MFL,0.0,120.0,60.0,1.5,4.296663115590952,0.7115101570724507
INSP_000219,String_A,String_A_220,2024-06-24,76800.4602173101,0.10822661929547825,1.7815500014486942,CT80,MFL,0.0,120.0,60.0,1.5,2.798826231189777,0.8530594545487769
INSP_000220,String_A,String_A_221,2024-06-05,76800.4602173101,0.1058422427363758,1.7815500014486942,CT80,MFL,0.0,120.0,60.0,1.5,2.8943112939654174,0.9769651844280179
INSP_000221,String_A,String_A_222,2024-02-27,76800.4602173101,0.10622920339042345,1.7815500014486942,CT80,EMAT,0.2793715093572019,120.0,60.0,1.5,2.5669622896622846,0.7154853317549148
INSP_000222,String_A,String_A_223,2024-04-24,76800.4602173101,0.10821862477806246,1.7815500014486942,CT80,MFL,0.7184585873179357,120.0,60.0,1.5,4.532475095669295,0.7508240256176458
INSP_000223,String_A,String_A_224,2024-05-25,76800.4602173101,0.10593817568897813,1.7815500014486942,CT80,MFL,0.0,120.0,60.0,1.5,2.5533134103619495,0.7382735131298734
INSP_000224,String_A,String_A_225,2024-04-24,76800.4602173101,0.10530883145836543,1.7815500014486942,CT80,EMAT,0.9358311343074865,120.0,60.0,1.5,1.7831859778946584,0.7507062653513485
INSP_000225,String_A,String_A_226,2024-05-26,76800.4602173101,0.1069621693534192,1.7815500014486942,CT80,UT,0.0,120.0,60.0,1.5,1.8209628852517192,0.7738761417636193
INSP_000226,String_A,String_A_227,2024-02-18,76800.4602173101,0.10858154902357382,1.7815500014486942,CT80,MFL,1.224326044358587,120.0,60.0,1.5,3.1738832991744075,0.9273506058627795
INSP_000227,String_A,String_A_228,2024-03-05,76800.4602173101,0.10755650643179239,1.7815500014486942,CT80,UT,0.0,120.0,60.0,1.5,1.326212945798783,0.8093416549833335
INSP_000228,String_A,String_A_229,2024-02-14,76800.4602173101,0.10701877308630527,1.7815500014486942,CT80,UT,0.0,120.0,60.0,1.5,1.2248607718828504,0.960608992023642
INSP_000229,String_A,String_A_230,2024-05-08,76800.4602173101,0.10500012871493414,1.7815500014486942,CT80,MFL,0.0,120.0,60.0,1.5,0.5156199078216964,0.9538025430140585
INSP_000230,String_A,String_A_231,2024-01-22,76800.4602173101,0.10721063826767897,1.7815500014486942,CT80,MFL,6.387600774245758,120.0,60.0,1.5,5.944899711731848,0.7079478771955544
INSP_000231,String_A,String_A_232,2024-05-10,76800.4602173101,0.10881163274530162,1.7815500014486942,CT80,EMAT,0.0,120.0,60.0,1.5,6.431930477044455,0.9190894313869971
INSP_000232,String_A,String_A_233,2024-06-21,76800.4602173101,0.10518329182220722,1.7815500014486942,CT80,MFL,0.0,120.0,60.0,1.5,4.180038823066678,0.8804990501555623
INSP_000233,String_A,String_A_234,2024-05-23,76800.4602173101,0.10679794221081086,1.7815500014486942,CT80,UT,0.0,120.0,60.0,1.5,2.481868202189139,0.7964528344914696
INSP_000234,String_A,String_A_235,2024-03-02,76800.4602173101,0.10833062240595605,1.7815500014486942,CT80,MFL,0.0,120.0,60.0,1.5,2.384586153422069,0.7857718658187386
INSP_000235,String_A,String_A_236,2024-06-10,76800.4602173101,0.10774748696864642,1.7815500014486942,CT80,MFL,0.0,120.0,60.0,1.5,2.7506615972560593,0.7962616409855059
INSP_000236,String_A,String_A_237,2024-04-01,76800.4602173101,0.10756071521894983,1.7815500014486942,CT80,UT,0.9158635857539074,120.0,60.0,1.5,1.3958099768153787,0.7900984929267755
INSP_000237,String_A,String_A_238,2024-05-14,76800.4602173101,0.10758405841519622,1.7815500014486942,CT80,UT,1.4815907398797832,120.0,60.0,1.5,2.216404277941283,0.7491612528203696
INSP_000238,String_A,String_A_239,2024-06-19,76800.4602173101,0.1061198943434376,1.7815500014486942,CT80,MFL,0.00935577699382935,120.0,60.0,1.5,3.0703866880971713,0.8201332718108841
INSP_000239,String_A,String_A_240,2024-06-19,76800.4602173101,0.10583858418109925,1.7815500014486942,CT80,UT,0.0,120.0,60.0,1.5,0.9371929988912243,0.7898409296002453
INSP_000240,String_A,String_A_241,2024-05-14,76800.4602173101,0.10804029396182958,1.7815500014486942,CT80,MFL,0.0,120.0,60.0,1.5,2.5241304501671475,0.8721102999022381
INSP_000241,String_A,String_A_242,2024-02-01,76800.4602173101,0.10804350511140662,1.7815500014486942,CT80,UT,0.0,120.0,60.0,1.5,4.154662057373786,0.89688842716196
INSP_000242,String_A,String_A_243,2024-04-23,76800.4602173101,0.10828665067498687,1.7815500014486942,CT80,EMAT,0.0,120.0,60.0,1.5,5.776383779426311,0.9573037795798827
INSP_000243,String_A,String_A_244,2024-01-26,76800.4602173101,0.10848373307228103,1.7815500014486942,CT80,UT,0.0,120.0,60.0,1.5,1.4359917558804964,0.9778951269283574
INSP_000244,String_A,String_A_245,2024-01-24,76800.4602173101,0.10676811510779587,1.7815500014486942,CT80,MFL,0.920309219768958,120.0,60.0,1.5,0.0,0.9408700446263204
INSP_000245,String_A,String_A_246,2024-06-08,76800.4602173101,0.10672616955346485,1.7815500014486942,CT80,MFL,0.0,120.0,60.0,1.5,0.0,0.7563890744764415
INSP_000246,String_A,String_A_247,2024-02-15,76800.4602173101,0.10799305565549862,1.7815500014486942,CT80,MFL,0.0,120.0,60.0,1.5,0.0,0.7563433670477284
INSP_000247,String_A,String_A_248,2024-06-12,76800.4602173101,0.10735986102211308,1.7815500014486942,CT80,EMAT,0.0,120.0,60.0,1.5,0.0,0.865858700097644
INSP_000248,String_A,String_A_249,2024-03-29,76800.4602173101,0.10758185056938215,1.7815500014486942,CT80,MFL,0.0,120.0,60.0,1.5,0.0,0.7558646188023493
INSP_000249,String_A,String_A_250,2024-04-30,76800.4602173101,0.10798237297316322,1.7815500014486942,CT80,UT,0.0,120.0,60.0,1.5,0.0,0.9845233576499346
INSP_000250,String_A,String_A_251,2024-03-13,76800.4602173101,0.10838454688646328,1.7815500014486942,CT80,UT,0.0,120.0,60.0,1.5,0.0,0.7453673440532486
INSP_000251,String_A,String_A_252,2024-06-26,76800.4602173101,0.1060281325033707,1.7815500014486942,CT80,MFL,0.0,120.0,60.0,1.5,0.0,0.8873731641116722
INSP_000252,String_A,String_A_253,2024-05-30,76800.4602173101,0.10618858683018716,1.7815500014486942,CT80,MFL,0.0,120.0,60.0,1.5,0.0,0.8341497590478337
INSP_000253,String_A,String_A_254,2024-01-27,76800.4602173101,0.10498649184186007,1.7815500014486942,CT80,UT,0.26097909804698605,120.0,60.0,1.5,0.0,0.7485213292603125
INSP_000254,String_A,String_A_255,2024-01-02,76800.4602173101,0.10705385812963689,1.7815500014486942,CT80,MFL,0.6702319180383054,120.0,60.0,1.5,0.0,0.9827623897825037
INSP_000255,String_A,String_A_256,2024-03-25,76800.4602173101,0.10473873281932557,1.7815500014486942,CT80,MFL,0.0,120.0,60.0,1.5,0.0,0.968780286142287
INSP_000256,String_A,String_A_257,2024-03-20,76800.4602173101,0.10657284205010603,1.7815500014486942,CT80,MFL,0.0,120.0,60.0,1.5,0.0,0.836458797134072
INSP_000257,String_A,String_A_258,2024-02-07,76800.4602173101,0.10690173771256088,1.7815500014486942,CT80,UT,0.0,120.0,60.0,1.5,0.0,0.7944892454682007
INSP_000258,String_A,String_A_259,2024-03-26,76800.4602173101,0.10580848669889409,1.7815500014486942,CT80,MFL,0.0,120.0,60.0,1.5,0.0,0.7336370950918891
INSP_000259,String_A,String_A_260,2024-02-20,76800.4602173101,0.10710744473423175,1.7815500014486942,CT80,UT,0.09192082047025413,120.0,60.0,1.5,0.0,0.8896097253146779
INSP_000260,String_A,String_A_261,2024-02-08,76800.4602173101,0.10471550197387987,1.7815500014486942,CT80,MFL,0.0,120.0,60.0,1.5,0.0,0.706654202822565
INSP_000261,String_A,String_A_262,2024-02-05,76800.4602173101,0.10474473437202449,1.7815500014486942,CT80,MFL,0.0,120.0,60.0,1.5,0.0,0.7707527173024614
INSP_000262,String_A,String_A_263,2024-03-02,76800.4602173101,0.10809681017410627,1.7815500014486942,CT80,UT,0.0,120.0,60.0,1.5,0.0,0.7828679998297341
INSP_000263,String_A,String_A_264,2024-05-09,76800.4602173101,0.10612288031868404,1.7815500014486942,CT80,EMAT,0.0,120.0,60.0,1.5,0.0,0.705521969034399
INSP_000264,String_A,String_A_265,2024-05-27,76800.4602173101,0.10512769725231613,1.7815500014486942,CT80,UT,0.0,120.0,60.0,1.5,0.0,0.7080190533028182
INSP_000265,String_A,String_A_266,2024-04-07,76800.4602173101,0.10681464857186031,1.7815500014486942,CT80,EMAT,0.0,120.0,60.0,1.5,0.0,0.8535508271606784
INSP_000266,String_A,String_A_267,2024-02-15,76800.4602173101,0.10787224201821992,1.7815500014486942,CT80,UT,0.0,120.0,60.0,1.5,0.0,0.8592317718624689
INSP_000267,String_A,String_A_268,2024-06-08,76800.4602173101,0.10550659706164524,1.7815500014486942,CT80,UT,0.0,120.0,60.0,1.5,0.0,0.7522682590887969
INSP_000268,String_A,String_A_269,2024-04-04,76800.4602173101,0.10724429018591779,1.7815500014486942,CT80,MFL,0.0,120.0,60.0,1.5,0.0,0.9943030437877334
INSP_000269,String_A,String_A_270,2024-01-14,76800.4602173101,0.10494963310034715,1.7815500014486942,CT80,MFL,0.0,120.0,60.0,1.5,0.0,0.9223215270787614
INSP_000270,String_A,String_A_271,2024-02-14,76800.4602173101,0.10480592118138682,1.7815500014486942,CT80,MFL,0.0,120.0,60.0,1.5,0.0,0.8591834197580555
INSP_000271,String_A,String_A_272,2024-02-09,76800.4602173101,0.10685354308407853,1.7815500014486942,CT80,EMAT,0.0,120.0,60.0,1.5,0.0,0.9610975484286717
INSP_000272,String_A,String_A_273,2024-03-20,76800.4602173101,0.10689315952742072,1.7815500014486942,CT80,EMAT,0.0,120.0,60.0,1.5,0.0,0.9949694036696706
INSP_000273,String_A,String_A_274,2024-03-13,76800.4602173101,0.10730635590993065,1.7815500014486942,CT80,MFL,0.0,120.0,60.0,1.5,0.0,0.997067959392897
INSP_000274,String_A,String_A_275,2024-03-21,76800.4602173101,0.10768483275657098,1.7815500014486942,CT80,EMAT,0.0,120.0,60.0,1.5,0.0,0.9247191924800948
INSP_000275,String_A,String_A_276,2024-06-10,76800.4602173101,0.10875100839901783,1.7815500014486942,CT80,UT,0.1954610752195463,120.0,60.0,1.5,0.0,0.7102882593866152
INSP_000276,String_A,String_A_277,2024-05-10,76800.4602173101,0.10678927954223903,1.7815500014486942,CT80,UT,0.0,120.0,60.0,1.5,0.0,0.8742040659041768
INSP_000277,String_A,String_A_278,2024-03-22,76800.4602173101,0.10596393555187573,1.7815500014486942,CT80,MFL,0.0,120.0,60.0,1.5,0.0,0.7550368190750064
INSP_000278,String_A,String_A_279,2024-03-13,76800.4602173101,0.10797978406145804,1.7815500014486942,CT80,UT,0.0,120.0,60.0,1.5,0.0,0.8963189995473267
INSP_000279,String_A,String_A_280,2024-03-29,76800.4602173101,0.10574142830650694,1.7815500014486942,CT80,EMAT,1.4603123103508362,120.0,60.0,1.5,0.0,0.9601451178584666
INSP_000280,String_A,String_A_281,2024-04-04,76800.4602173101,0.10645917875392384,1.7815500014486942,CT80,MFL,0.8230650179881445,120.0,60.0,1.5,0.0,0.7000462214702584
INSP_000281,String_A,String_A_282,2024-05-23,76800.4602173101,0.10492021652602707,1.7815500014486942,CT80,UT,0.0,120.0,60.0,1.5,0.0,0.8689067814588805
INSP_000282,String_A,String_A_283,2024-06-07,76800.4602173101,0.10469351982288248,1.7815500014486942,CT80,UT,1.0552264916087652,120.0,60.0,1.5,0.0,0.821315783670439
INSP_000283,String_A,String_A_284,2024-02-23,76800.4602173101,0.10869464475491242,1.7815500014486942,CT80,UT,0.0,120.0,60.0,1.5,0.0,0.9708359311394564
INSP_000284,String_A,String_A_285,2024-03-05,76800.4602173101,0.10815392467694454,1.7815500014486942,CT80,UT,0.0,120.0,60.0,1.5,0.0,0.9593855005966205
INSP_000285,String_A,String_A_286,2024-06-03,76800.4602173101,0.1075562691273932,1.7815500014486942,CT80,UT,0.0,120.0,60.0,1.5,0.0,0.9726429319679712
INSP_000286,String_A,String_A_287,2024-01-08,76800.4602173101,0.10633103624637961,1.7815500014486942,CT80,MFL,0.0,120.0,60.0,1.5,0.0,0.725392374174241
INSP_000287,String_A,String_A_288,2024-05-09,76800.4602173101,0.10532505956872679,1.7815500014486942,CT80,UT,0.0,120.0,60.0,1.5,0.0,0.7638931275702582
INSP_000288,String_A,String_A_289,2024-03-18,76800.4602173101,0.10525309942739892,1.7815500014486942,CT80,UT,0.06204421890383385,120.0,60.0,1.5,0.0,0.7079625475641397
INSP_000289,String_A,String_A_290,2024-06-09,76800.4602173101,0.10565353672570132,1.7815500014486942,CT80,UT,0.0,120.0,60.0,1.5,0.0,0.9030997743996982
INSP_000290,String_A,String_A_291,2024-03-08,76800.4602173101,0.10692983500239525,1.7815500014486942,CT80,MFL,0.0,120.0,60.0,1.5,0.0,0.9503902478880326
INSP_000291,String_A,String_A_292,2024-02-25,76800.4602173101,0.10763576128540803,1.7815500014486942,CT80,EMAT,0.9567662614499871,120.0,60.0,1.5,0.0,0.9362929893350476
INSP_000292,String_A,String_A_293,2024-03-13,76800.4602173101,0.10740354543203573,1.7815500014486942,CT80,EMAT,0.0,120.0,60.0,1.5,0.0,0.9033532635722632
INSP_000293,String_A,String_A_294,2024-03-09,76800.4602173101,0.10578028130122226,1.7815500014486942,CT80,MFL,0.24342785178806786,120.0,60.0,1.5,0.0,0.9448849072721204
INSP_000294,String_A,String_A_295,2024-02-12,76800.4602173101,0.10866142020682013,1.7815500014486942,CT80,EMAT,0.46488589199965796,120.0,60.0,1.5,0.0,0.8793376734761302
INSP_000295,String_A,String_A_296,2024-02-07,76800.4602173101,0.10773522828599465,1.7815500014486942,CT80,EMAT,1.2629892310308868,120.0,60.0,1.5,0.0,0.7129482627133389
INSP_000296,String_A,String_A_297,2024-06-21,76800.4602173101,0.10695172273327616,1.7815500014486942,CT80,EMAT,0.0,120.0,60.0,1.5,0.0,0.8123634076148478
INSP_000297,String_A,String_A_298,2024-04-18,76800.4602173101,0.10719660897972746,1.7815500014486942,CT80,MFL,0.0,120.0,60.0,1.5,0.0,0.9861870978997477
INSP_000298,String_A,String_A_299,2024-01-16,76800.4602173101,0.10637648653463307,1.7815500014486942,CT80,MFL,0.0,120.0,60.0,1.5,0.0,0.8576518447502266
INSP_000299,String_A,String_A_300,2024-05-04,76800.4602173101,0.10564281392046194,1.7815500014486942,CT80,MFL,0.8903734419868174,120.0,60.0,1.5,0.0,0.9714089944125825
INSP_000300,String_A,String_A_301,2024-05-23,76800.4602173101,0.1061048747304074,1.7815500014486942,CT80,MFL,0.0,120.0,60.0,1.5,0.0,0.8634958410265543
INSP_000301,String_A,String_A_302,2024-04-29,76800.4602173101,0.10782038716242069,1.7815500014486942,CT80,UT,0.0,120.0,60.0,1.5,0.0,0.9494001078904599
INSP_000302,String_A,String_A_303,2024-04-03,76800.4602173101,0.10464674562653711,1.7815500014486942,CT80,UT,0.0,120.0,60.0,1.5,0.0,0.9280365465613075
INSP_000303,String_A,String_A_304,2024-02-20,76800.4602173101,0.10508079235695884,1.7815500014486942,CT80,UT,0.5409124024043738,120.0,60.0,1.5,0.0,0.9946911666196255
INSP_000304,String_A,String_A_305,2024-02-11,76800.4602173101,0.10478167839719763,1.7815500014486942,CT80,MFL,0.0,120.0,60.0,1.5,0.0,0.7034912313131898
INSP_000305,String_A,String_A_306,2024-04-10,76800.4602173101,0.10475916549423275,1.7815500014486942,CT80,MFL,0.0,120.0,60.0,1.5,0.0,0.9207609815151221
INSP_000306,String_A,String_A_307,2024-06-19,76800.4602173101,0.10823708264327936,1.7815500014486942,CT80,MFL,1.2111720395972785,120.0,60.0,1.5,0.0,0.9058220316215513
INSP_000307,String_A,String_A_308,2024-03-01,76800.4602173101,0.10758906901335856,1.7815500014486942,CT80,UT,0.0,120.0,60.0,1.5,0.0,0.7436977276204892
INSP_000308,String_A,String_A_309,2024-05-10,76800.4602173101,0.10660945036790723,1.7815500014486942,CT80,MFL,0.0,120.0,60.0,1.5,0.0,0.9035537027811906
INSP_000309,String_A,String_A_310,2024-04-23,76800.4602173101,0.10500293615533664,1.7815500014486942,CT80,EMAT,0.0,120.0,60.0,1.5,0.0,0.9298518840992005
INSP_000310,String_A,String_A_311,2024-04-21,76800.4602173101,0.10668390676246998,1.7815500014486942,CT80,MFL,0.12104508412503286,120.0,60.0,1.5,0.0,0.7303808686416718
INSP_000311,String_A,String_A_312,2024-06-07,76800.4602173101,0.10660645342992152,1.7815500014486942,CT80,MFL,0.0,120.0,60.0,1.5,0.0,0.7869973710014934
INSP_000312,String_A,String_A_313,2024-04-11,76800.4602173101,0.1053246649186014,1.7815500014486942,CT80,MFL,0.14095611182251752,120.0,60.0,1.5,0.0,0.900165259476535
INSP_000313,String_A,String_A_314,2024-03-15,76800.4602173101,0.10643732353557259,1.7815500014486942,CT80,UT,0.0,120.0,60.0,1.5,0.0,0.9072491904444057
INSP_000314,String_A,String_A_315,2024-06-19,76800.4602173101,0.1062864350541699,1.7815500014486942,CT80,MFL,0.903453976698689,120.0,60.0,1.5,0.0,0.7686037936480784
INSP_000315,String_A,String_A_316,2024-06-19,76800.4602173101,0.10721423630668896,1.7815500014486942,CT80,MFL,2.4041394741472812,120.0,60.0,1.5,0.0,0.9219259353461614
INSP_000316,String_A,String_A_317,2024-06-07,76800.4602173101,0.10729638295157173,1.7815500014486942,CT80,EMAT,0.0,120.0,60.0,1.5,0.0,0.9298383410551667
INSP_000317,String_A,String_A_318,2024-03-03,76800.4602173101,0.10477869608432272,1.7815500014486942,CT80,EMAT,2.9743093416823996,120.0,60.0,1.5,0.0,0.8056404293865755
INSP_000318,String_A,String_A_319,2024-04-26,76800.4602173101,0.10618444466304298,1.7815500014486942,CT80,MFL,0.0,120.0,60.0,1.5,0.0,0.9115889865638487
INSP_000319,String_A,String_A_320,2024-03-29,76800.4602173101,0.10725696609493077,1.7815500014486942,CT80,MFL,1.2795808416335683,120.0,60.0,1.5,0.0,0.7548409598350682
INSP_000320,String_A,String_A_321,2024-05-09,76800.4602173101,0.10673308483568475,1.7815500014486942,CT80,UT,0.0,120.0,60.0,1.5,0.0,0.800361157522204
INSP_000321,String_A,String_A_322,2024-06-11,76800.4602173101,0.10824147632383559,1.7815500014486942,CT80,UT,0.0,120.0,60.0,1.5,0.0,0.8583217442004473
INSP_000322,String_A,String_A_323,2024-03-01,76800.4602173101,0.10739712626319467,1.7815500014486942,CT80,EMAT,0.0,120.0,60.0,1.5,0.0,0.7976320295466754
INSP_000323,String_A,String_A_324,2024-03-18,76800.4602173101,0.10528083538317291,1.7815500014486942,CT80,UT,0.612899151273667,120.0,60.0,1.5,0.0,0.9925308614665902
INSP_000324,String_A,String_A_325,2024-04-15,76800.4602173101,0.10488654588991325,1.7815500014486942,CT80,UT,3.105152317223724,120.0,60.0,1.5,0.0,0.7242784071278404
INSP_000325,String_A,String_A_326,2024-01-25,76800.4602173101,0.10732765450071369,1.7815500014486942,CT80,EMAT,0.565216451739317,120.0,60.0,1.5,0.0,0.7464859018156125
INSP_000326,String_A,String_A_327,2024-01-22,76800.4602173101,0.1046984740377559,1.7815500014486942,CT80,MFL,0.0,120.0,60.0,1.5,0.0,0.7102289377280119
INSP_000327,String_A,String_A_328,2024-03-27,76800.4602173101,0.1070858545741918,1.7815500014486942,CT80,UT,0.0,120.0,60.0,1.5,0.0,0.9717068281022456
INSP_000328,String_A,String_A_329,2024-06-24,76800.4602173101,0.10859894632880603,1.7815500014486942,CT80,MFL,0.0,120.0,60.0,1.5,0.0,0.8414691209418612
INSP_000329,String_A,String_A_330,2024-05-12,76800.4602173101,0.10704188006829822,1.7815500014486942,CT80,EMAT,1.8525753208376365,120.0,60.0,1.5,0.0,0.7270226150945013
INSP_000330,String_A,String_A_331,2024-06-26,76800.4602173101,0.10624231795029994,1.7815500014486942,CT80,UT,0.0,120.0,60.0,1.5,0.0,0.9336515404169399
INSP_000331,String_A,String_A_332,2024-05-27,76800.4602173101,0.10733136382225522,1.7815500014486942,CT80,MFL,1.3460449635367995,120.0,60.0,1.5,0.0,0.7254915826694337
INSP_000332,String_A,String_A_333,2024-05-05,76800.4602173101,0.10654148725831024,1.7815500014486942,CT80,MFL,0.5019441633678468,120.0,60.0,1.5,0.0,0.702752712641148
INSP_000333,String_A,String_A_334,2024-06-14,76800.4602173101,0.1069144252101083,1.7815500014486942,CT80,MFL,0.32960253805502215,120.0,60.0,1.5,0.0,0.9561050083402266
INSP_000334,String_A,String_A_335,2024-06-16,76800.4602173101,0.10860421643494421,1.7815500014486942,CT80,MFL,0.15820559584468494,120.0,60.0,1.5,0.0,0.9545594689703338
INSP_000335,String_A,String_A_336,2024-03-12,76800.4602173101,0.10623349313462448,1.7815500014486942,CT80,MFL,0.0,120.0,60.0,1.5,0.0,0.7324440609644893
INSP_000336,String_A,String_A_337,2024-03-07,76800.4602173101,0.10868842149886687,1.7815500014486942,CT80,UT,2.127923819197033,120.0,60.0,1.5,0.0,0.8336366011545487
INSP_000337,String_A,String_A_338,2024-04-26,76800.4602173101,0.10845005271759472,1.7815500014486942,CT80,UT,0.0,120.0,60.0,1.5,0.0,0.85455219414229
INSP_000338,String_A,String_A_339,2024-01-10,76800.4602173101,0.10542109369856732,1.7815500014486942,CT80,UT,0.0,120.0,60.0,1.5,0.0,0.8576331753149277
INSP_000339,String_A,String_A_340,2024-05-06,76800.4602173101,0.10488139155682948,1.7815500014486942,CT80,UT,0.0,120.0,60.0,1.5,0.0,0.763799859762572
INSP_000340,String_A,String_A_341,2024-05-14,76800.4602173101,0.10501550278692826,1.7815500014486942,CT80,MFL,0.0,120.0,60.0,1.5,0.0,0.8345403275202925
INSP_000341,String_A,String_A_342,2024-03-29,76800.4602173101,0.10466308798518768,1.7815500014486942,CT80,MFL,0.07228735346535832,120.0,60.0,1.5,0.0,0.8201597124094337
INSP_000342,String_A,String_A_343,2024-05-30,76800.4602173101,0.10498845984235125,1.7815500014486942,CT80,MFL,0.8332440284670964,120.0,60.0,1.5,0.0,0.8541175859982331
INSP_000343,String_A,String_A_344,2024-04-11,76800.4602173101,0.10750091390804241,1.7815500014486942,CT80,EMAT,1.3311908147024958,120.0,60.0,1.5,0.0,0.8771193621432813
INSP_000344,String_A,String_A_345,2024-03-09,76800.4602173101,0.10488919211603949,1.7815500014486942,CT80,MFL,0.0,120.0,60.0,1.5,0.0,0.7716254534513538
INSP_000345,String_A,String_A_346,2024-02-26,76800.4602173101,0.10594694217905973,1.7815500014486942,CT80,MFL,0.0,120.0,60.0,1.5,0.0,0.9350792669557199
INSP_000346,String_A,String_A_347,2024-04-25,76800.4602173101,0.10819189635809223,1.7815500014486942,CT80,MFL,1.0570780814597265,120.0,60.0,1.5,0.0,0.7766499838571289
INSP_000347,String_A,String_A_348,2024-05-20,76800.4602173101,0.10468464583387035,1.7815500014486942,CT80,UT,0.0,120.0,60.0,1.5,0.0,0.8076927959158684
INSP_000348,String_A,String_A_349,2024-06-25,76800.4602173101,0.10806209605785956,1.7815500014486942,CT80,UT,0.0,120.0,60.0,1.5,0.0,0.8379833608595935
INSP_000349,String_A,String_A_350,2024-03-24,76800.4602173101,0.1057884811211967,1.7815500014486942,CT80,MFL,0.0,120.0,60.0,1.5,0.0,0.9888505052275454
INSP_000350,String_A,String_A_351,2024-01-06,76800.4602173101,0.10508972345994129,1.7815500014486942,CT80,UT,0.0,120.0,60.0,1.5,0.0,0.9165631678036592
INSP_000351,String_A,String_A_352,2024-01-27,76800.4602173101,0.10755952603867416,1.7815500014486942,CT80,UT,1.7318567556786302,120.0,60.0,1.5,0.0,0.9454896380273714
INSP_000352,String_A,String_A_353,2024-02-02,76800.4602173101,0.10727012647367562,1.7815500014486942,CT80,UT,0.6698252027365436,120.0,60.0,1.5,0.0,0.9214401331345878
INSP_000353,String_A,String_A_354,2024-04-02,76800.4602173101,0.10833104476665437,1.7815500014486942,CT80,MFL,0.34086015194380437,120.0,60.0,1.5,0.0,0.9134612977571799
INSP_000354,String_A,String_A_355,2024-02-20,76800.4602173101,0.10772316523406449,1.7815500014486942,CT80,MFL,1.901268759796673,120.0,60.0,1.5,0.0,0.829171988410279
INSP_000355,String_A,String_A_356,2024-06-24,76800.4602173101,0.10801519252826203,1.7815500014486942,CT80,EMAT,0.0,120.0,60.0,1.5,0.0,0.789479886295475
INSP_000356,String_A,String_A_357,2024-06-02,76800.4602173101,0.10578924863985592,1.7815500014486942,CT80,MFL,0.0,120.0,60.0,1.5,0.0,0.9700785257938578
INSP_000357,String_A,String_A_358,2024-03-21,76800.4602173101,0.10534275464942414,1.7815500014486942,CT80,MFL,4.032009010255213,120.0,60.0,1.5,0.0,0.8816321393698339
INSP_000358,String_A,String_A_359,2024-03-08,76800.4602173101,0.10778951802557302,1.7815500014486942,CT80,UT,0.0,120.0,60.0,1.5,0.0,0.8068927859535002
INSP_000359,String_A,String_A_360,2024-04-10,76800.4602173101,0.10802950922694604,1.7815500014486942,CT80,EMAT,0.0,120.0,60.0,1.5,0.0,0.8195873333077658
INSP_000360,String_A,String_A_361,2024-04-14,76800.4602173101,0.10881355921467598,1.7815500014486942,CT80,MFL,0.0,120.0,60.0,1.5,0.0,0.9906353004522109
INSP_000361,String_A,String_A_362,2024-05-13,76800.4602173101,0.10634668021201953,1.7815500014486942,CT80,EMAT,0.0,120.0,60.0,1.5,0.0,0.9344779072954252
INSP_000362,String_A,String_A_363,2024-01-06,76800.4602173101,0.10617336916982283,1.7815500014486942,CT80,MFL,0.47514160729399185,120.0,60.0,1.5,0.0,0.7162196718317659
INSP_000363,String_A,String_A_364,2024-03-21,76800.4602173101,0.10789964510771677,1.7815500014486942,CT80,MFL,0.16162242392169107,120.0,60.0,1.5,0.0,0.8554946053985043
INSP_000364,String_A,String_A_365,2024-03-06,76800.4602173101,0.10604012089637634,1.7815500014486942,CT80,MFL,0.17384063565153296,120.0,60.0,1.5,0.0,0.7509006487906155
INSP_000365,String_A,String_A_366,2024-05-14,76800.4602173101,0.10855850846063021,1.7815500014486942,CT80,MFL,0.0,120.0,60.0,1.5,0.0,0.9163524822337081
INSP_000366,String_A,String_A_367,2024-02-19,76800.4602173101,0.10824968482151827,1.7815500014486942,CT80,MFL,0.5535716247754269,120.0,60.0,1.5,0.0,0.9364523837601587
INSP_000367,String_A,String_A_368,2024-04-29,76800.4602173101,0.1064165873782747,1.7815500014486942,CT80,EMAT,0.0,120.0,60.0,1.5,0.0,0.8785936801246025
INSP_000368,String_A,String_A_369,2024-01-24,76800.4602173101,0.1077906121848484,1.7815500014486942,CT80,MFL,0.0,120.0,60.0,1.5,0.0,0.9572149833535356
INSP_000369,String_A,String_A_370,2024-04-15,76800.4602173101,0.10780628634702301,1.7815500014486942,CT80,EMAT,0.0,120.0,60.0,1.5,0.0,0.8211245322726857
INSP_000370,String_A,String_A_371,2024-03-31,76800.4602173101,0.10502551679748567,1.7815500014486942,CT80,UT,0.0,120.0,60.0,1.5,0.0,0.728641965275033
INSP_000371,String_A,String_A_372,2024-05-31,76800.4602173101,0.10843810977917587,1.7815500014486942,CT80,UT,0.49451707635939096,120.0,60.0,1.5,0.0,0.770429355352214
INSP_000372,String_A,String_A_373,2024-02-16,76800.4602173101,0.10674211807690036,1.7815500014486942,CT80,UT,1.2910644798148296,120.0,60.0,1.5,0.0,0.746251724785163
INSP_000373,String_A,String_A_374,2024-05-21,76800.4602173101,0.10811327448530852,1.7815500014486942,CT80,UT,0.0,120.0,60.0,1.5,0.0,0.7289954146366104
INSP_000374,String_A,String_A_375,2024-04-22,76800.4602173101,0.10595152673231664,1.7815500014486942,CT80,UT,0.0,120.0,60.0,1.5,0.0,0.9019067704687922
INSP_000375,String_A,String_A_376,2024-03-07,76800.4602173101,0.10840810157419899,1.7815500014486942,CT80,UT,0.0,120.0,60.0,1.5,0.0,0.9944845628584557
INSP_000376,String_A,String_A_377,2024-05-25,76800.4602173101,0.10624672228297738,1.7815500014486942,CT80,MFL,0.0,120.0,60.0,1.5,0.0,0.8246442029951665
INSP_000377,String_A,String_A_378,2024-03-25,76800.4602173101,0.10463156651203684,1.7815500014486942,CT80,MFL,0.0,120.0,60.0,1.5,0.0,0.7898958606254237
INSP_000378,String_A,String_A_379,2024-06-01,76800.4602173101,0.10845018647777122,1.7815500014486942,CT80,MFL,0.0,120.0,60.0,1.5,0.0,0.8208736699844998
INSP_000379,String_A,String_A_380,2024-06-14,76800.4602173101,0.10497498633561875,1.7815500014486942,CT80,UT,0.0,120.0,60.0,1.5,0.0,0.7235388617823661
INSP_000380,String_A,String_A_381,2024-05-05,76800.4602173101,0.10594838506050851,1.7815500014486942,CT80,UT,0.31598185331821405,120.0,60.0,1.5,0.0,0.8683030736397179
INSP_000381,String_A,String_A_382,2024-04-20,76800.4602173101,0.10864091587992362,1.7815500014486942,CT80,UT,1.0800935355991512,120.0,60.0,1.5,0.0,0.9264270935651393
INSP_000382,String_A,String_A_383,2024-01-25,76800.4602173101,0.10864324313721252,1.7815500014486942,CT80,EMAT,0.0,120.0,60.0,1.5,0.0,0.7005977656038672
INSP_000383,String_A,String_A_384,2024-03-12,76800.4602173101,0.1070331875792974,1.7815500014486942,CT80,MFL,0.28375826069956334,120.0,60.0,1.5,0.0,0.8145215850979162
INSP_000384,String_A,String_A_385,2024-03-01,76800.4602173101,0.10728248190555074,1.7815500014486942,CT80,UT,0.0,120.0,60.0,1.5,0.0,0.7497774081532282
INSP_000385,String_A,String_A_386,2024-06-20,76800.4602173101,0.10649962168253972,1.7815500014486942,CT80,MFL,3.964484140469628,120.0,60.0,1.5,0.0,0.833643016937292
INSP_000386,String_A,String_A_387,2024-06-23,76800.4602173101,0.10583695746314914,1.7815500014486942,CT80,UT,0.3504397930239261,120.0,60.0,1.5,0.0,0.8382522354030661
INSP_000387,String_A,String_A_388,2024-06-09,76800.4602173101,0.10598830210223473,1.7815500014486942,CT80,EMAT,0.0,120.0,60.0,1.5,0.0,0.9388664019841476
INSP_000388,String_A,String_A_389,2024-03-02,76800.4602173101,0.10745614150618114,1.7815500014486942,CT80,MFL,0.0,120.0,60.0,1.5,0.0,0.992991814374667
INSP_000389,String_A,String_A_390,2024-04-22,76800.4602173101,0.10779703014369042,1.7815500014486942,CT80,MFL,0.0,120.0,60.0,1.5,0.0,0.9205339934787103
INSP_000390,String_A,String_A_391,2024-04-23,76800.4602173101,0.10796438589883194,1.7815500014486942,CT80,EMAT,0.4286259478391859,120.0,60.0,1.5,0.0,0.7778836242578318
INSP_000391,String_A,String_A_392,2024-03-25,76800.4602173101,0.10795601522871721,1.7815500014486942,CT80,UT,0.0,120.0,60.0,1.5,0.0,0.7519981684115289
INSP_000392,String_A,String_A_393,2024-02-20,76800.4602173101,0.1049746423834255,1.7815500014486942,CT80,MFL,0.0,120.0,60.0,1.5,0.0,0.9565350220213933
INSP_000393,String_A,String_A_394,2024-05-28,76800.4602173101,0.10669587827747497,1.7815500014486942,CT80,UT,0.0,120.0,60.0,1.5,0.0,0.7951388508164858
INSP_000394,String_A,String_A_395,2024-05-22,76800.4602173101,0.10483100901354767,1.7815500014486942,CT80,MFL,0.0,120.0,60.0,1.5,0.0,0.8374875797630514
INSP_000395,String_A,String_A_396,2024-01-26,76800.4602173101,0.10693112510529619,1.7815500014486942,CT80,MFL,0.0,120.0,60.0,1.5,0.0,0.9960250595100626
INSP_000396,String_A,String_A_397,2024-03-03,76800.4602173101,0.1064701029264431,1.7815500014486942,CT80,UT,1.105914488208658,120.0,60.0,1.5,0.0,0.8666906357364452
INSP_000397,String_A,String_A_398,2024-02-01,76800.4602173101,0.10837472372657833,1.7815500014486942,CT80,MFL,0.0,120.0,60.0,1.5,0.0,0.8485343225263012
INSP_000398,String_A,String_A_399,2024-06-05,76800.4602173101,0.10608328462669993,1.7815500014486942,CT80,UT,0.0,120.0,60.0,1.5,0.0,0.7332340157826244
INSP_000399,String_A,String_A_400,2024-06-12,76800.4602173101,0.1050850371368298,1.7815500014486942,CT80,MFL,0.0,120.0,60.0,1.5,0.0,0.8469518299278982
INSP_000400,String_A,String_A_401,2024-02-14,76800.4602173101,0.10519570403505003,1.7815500014486942,CT80,MFL,0.0,120.0,60.0,1.5,0.0,0.97045759565686
INSP_000401,String_A,String_A_402,2024-01-24,76800.4602173101,0.10783603022630453,1.7815500014486942,CT80,UT,0.0,120.0,60.0,1.5,0.0,0.798267449217867
INSP_000402,String_A,String_A_403,2024-06-28,76800.4602173101,0.10722434464809066,1.7815500014486942,CT80,UT,0.0,120.0,60.0,1.5,0.0,0.9282691621863973
INSP_000403,String_A,String_A_404,2024-03-29,76800.4602173101,0.10501697413030121,1.7815500014486942,CT80,MFL,0.0,120.0,60.0,1.5,0.0,0.7561938887401608
INSP_000404,String_A,String_A_405,2024-04-03,76800.4602173101,0.10494433699077152,1.7815500014486942,CT80,MFL,2.5812841567245286,120.0,60.0,1.5,0.0,0.9971633352930975
INSP_000405,String_A,String_A_406,2024-05-20,76800.4602173101,0.1075775914042173,1.7815500014486942,CT80,MFL,0.0,120.0,60.0,1.5,0.0,0.9564545516312494
INSP_000406,String_A,String_A_407,2024-05-24,76800.4602173101,0.10489591271596695,1.7815500014486942,CT80,EMAT,0.0,120.0,60.0,1.5,0.0,0.7678851695167701
INSP_000407,String_A,String_A_408,2024-02-16,76800.4602173101,0.10809364913084142,1.7815500014486942,CT80,MFL,0.5837408518462414,120.0,60.0,1.5,0.0,0.7554782266112537
INSP_000408,String_A,String_A_409,2024-02-03,76800.4602173101,0.1076001011311809,1.7815500014486942,CT80,UT,0.0,120.0,60.0,1.5,0.0,0.7294391046478828
INSP_000409,String_A,String_A_410,2024-01-15,76800.4602173101,0.10493256356507984,1.7815500014486942,CT80,MFL,0.0,120.0,60.0,1.5,0.0,0.7330610358695039
INSP_000410,String_A,String_A_411,2024-03-30,76800.4602173101,0.10494745708185062,1.7815500014486942,CT80,UT,0.0,120.0,60.0,1.5,0.0,0.8845215983454793
INSP_000411,String_A,String_A_412,2024-01-29,76800.4602173101,0.10879705794408884,1.7815500014486942,CT80,UT,0.0,120.0,60.0,1.5,0.0,0.8376388747652901
INSP_000412,String_A,String_A_413,2024-06-09,76800.4602173101,0.10618298551079464,1.7815500014486942,CT80,MFL,0.0,120.0,60.0,1.5,0.0,0.8416550395732956
INSP_000413,String_A,String_A_414,2024-06-27,76800.4602173101,0.1061674955792764,1.7815500014486942,CT80,MFL,0.0,120.0,60.0,1.5,0.0,0.7044569551290625
INSP_000414,String_A,String_A_415,2024-01-03,76800.4602173101,0.10805497181233248,1.7815500014486942,CT80,UT,1.2035892610417271,120.0,60.0,1.5,0.0,0.8577266123298806
INSP_000415,String_A,String_A_416,2024-05-05,76800.4602173101,0.10862890611623267,1.7815500014486942,CT80,UT,0.0,120.0,60.0,1.5,0.0,0.991302126074163
INSP_000416,String_A,String_A_417,2024-04-09,76800.4602173101,0.10879433226037367,1.7815500014486942,CT80,MFL,0.0,120.0,60.0,1.5,0.0,0.814212291119003
INSP_000417,String_A,String_A_418,2024-06-10,76800.4602173101,0.1078013145374884,1.7815500014486942,CT80,UT,0.0,120.0,60.0,1.5,0.0,0.983102569978348
INSP_000418,String_A,String_A_419,2024-02-15,76800.4602173101,0.10619147523246629,1.7815500014486942,CT80,MFL,0.0,120.0,60.0,1.5,0.0,0.8866634862030929
INSP_000419,String_A,String_A_420,2024-04-19,76800.4602173101,0.10494174972362143,1.7815500014486942,CT80,EMAT,3.208421853991775,120.0,60.0,1.5,0.0,0.9412797680624914
INSP_000420,String_A,String_A_421,2024-06-13,76800.4602173101,0.10790277820671137,1.7815500014486942,CT80,EMAT,0.09082811831842114,120.0,60.0,1.5,0.0,0.8776527500035907
INSP_000421,String_A,String_A_422,2024-03-29,76800.4602173101,0.10696901216606902,1.7815500014486942,CT80,UT,0.0,120.0,60.0,1.5,0.0,0.8766249018637479
INSP_000422,String_A,String_A_423,2024-04-12,76800.4602173101,0.10639621664516224,1.7815500014486942,CT80,MFL,0.0,120.0,60.0,1.5,0.0,0.7672496531605624
INSP_000423,String_A,String_A_424,2024-06-16,76800.4602173101,0.10845433748413222,1.7815500014486942,CT80,MFL,0.7104967842729017,120.0,60.0,1.5,0.0,0.7985440531531276
INSP_000424,String_A,String_A_425,2024-03-16,76800.4602173101,0.10505998134075478,1.7815500014486942,CT80,UT,0.12255405518128078,120.0,60.0,1.5,0.0,0.9610947002189625
INSP_000425,String_A,String_A_426,2024-04-03,76800.4602173101,0.10668821494772866,1.7815500014486942,CT80,MFL,0.971464374940345,120.0,60.0,1.5,0.0,0.9738225432950682
INSP_000426,String_A,String_A_427,2024-06-14,76800.4602173101,0.10463376917792322,1.7815500014486942,CT80,UT,0.0,120.0,60.0,1.5,0.0,0.7905877292395951
INSP_000427,String_A,String_A_428,2024-03-11,76800.4602173101,0.10658591574170481,1.7815500014486942,CT80,EMAT,0.0,120.0,60.0,1.5,0.0,0.8685168028138283
INSP_000428,String_A,String_A_429,2024-02-21,76800.4602173101,0.1048256496172451,1.7815500014486942,CT80,MFL,0.0,120.0,60.0,1.5,0.0,0.7368027083125227
INSP_000429,String_A,String_A_430,2024-02-07,76800.4602173101,0.1050925113568348,1.7815500014486942,CT80,UT,1.9407239732818022,120.0,60.0,1.5,0.0,0.9574801749679798
INSP_000430,String_A,String_A_431,2024-01-04,76800.4602173101,0.10508699749377645,1.7815500014486942,CT80,EMAT,0.0,120.0,60.0,1.5,0.0,0.7848834459916986
INSP_000431,String_A,String_A_432,2024-04-20,76800.4602173101,0.10735664394122163,1.7815500014486942,CT80,EMAT,0.0,120.0,60.0,1.5,0.0,0.7534633729832062
INSP_000432,String_A,String_A_433,2024-02-28,76800.4602173101,0.10777001020979776,1.7815500014486942,CT80,EMAT,0.0,120.0,60.0,1.5,0.0,0.9012728930975081
INSP_000433,String_A,String_A_434,2024-01-15,76800.4602173101,0.107075580386487,1.7815500014486942,CT80,MFL,0.0,120.0,60.0,1.5,0.0,0.8035309326250247
INSP_000434,String_A,String_A_435,2024-01-14,76800.4602173101,0.10869261338303449,1.7815500014486942,CT80,MFL,0.0,120.0,60.0,1.5,0.0,0.8194216492732569
INSP_000435,String_A,String_A_436,2024-06-11,76800.4602173101,0.10618554586046783,1.7815500014486942,CT80,MFL,0.5763848600291828,120.0,60.0,1.5,0.0,0.9966723623571289
INSP_000436,String_A,String_A_437,2024-02-06,76800.4602173101,0.10580494716578456,1.7815500014486942,CT80,MFL,0.25520301717435345,120.0,60.0,1.5,0.0,0.9995362581165539
INSP_000437,String_A,String_A_438,2024-06-11,76800.4602173101,0.10829316830133096,1.7815500014486942,CT80,EMAT,0.0,120.0,60.0,1.5,0.0,0.8985886956238822
INSP_000438,String_A,String_A_439,2024-05-11,76800.4602173101,0.10553978608064972,1.7815500014486942,CT80,MFL,0.0,120.0,60.0,1.5,0.0,0.9974659342724741
INSP_000439,String_A,String_A_440,2024-06-05,76800.4602173101,0.1086970955717367,1.7815500014486942,CT80,EMAT,0.0,120.0,60.0,1.5,0.0,0.8373976312321912
INSP_000440,String_A,String_A_441,2024-01-03,76800.4602173101,0.10463718775098389,1.7815500014486942,CT80,EMAT,0.0,120.0,60.0,1.5,0.0,0.759846665511172
INSP_000441,String_A,String_A_442,2024-04-21,76800.4602173101,0.10872550985009821,1.7815500014486942,CT80,MFL,0.0,120.0,60.0,1.5,0.0,0.9542369789744964
INSP_000442,String_A,String_A_443,2024-05-15,76800.4602173101,0.10476954338554492,1.7815500014486942,CT80,MFL,0.0,120.0,60.0,1.5,0.0,0.8777846353634899
INSP_000443,String_A,String_A_444,2024-05-26,76800.4602173101,0.10838940379326847,1.7815500014486942,CT80,MFL,0.0,120.0,60.0,1.5,0.0,0.8006057533425633
INSP_000444,String_A,String_A_445,2024-02-09,76800.4602173101,0.10683794697161601,1.7815500014486942,CT80,EMAT,0.0,120.0,60.0,1.5,0.0,0.8078454387087171
INSP_000445,String_A,String_A_446,2024-01-25,76800.4602173101,0.10882405895634817,1.7815500014486942,CT80,UT,0.0,120.0,60.0,1.5,0.0,0.8154927653087332
INSP_000446,String_A,String_A_447,2024-04-24,76800.4602173101,0.10490032475740749,1.7815500014486942,CT80,MFL,1.3781861515413083,120.0,60.0,1.5,0.0,0.8048025777229746
INSP_000447,String_A,String_A_448,2024-05-09,76800.4602173101,0.10694958932922878,1.7815500014486942,CT80,UT,0.0,120.0,60.0,1.5,0.0,0.8162966552907274
INSP_000448,String_A,String_A_449,2024-01-25,76800.4602173101,0.1087230497856884,1.7815500014486942,CT80,UT,0.5924093514444553,120.0,60.0,1.5,0.0,0.8032003690284708
INSP_000449,String_A,String_A_450,2024-06-03,76800.4602173101,0.10681829661016795,1.7815500014486942,CT80,MFL,0.12267113511557157,120.0,60.0,1.5,0.0,0.7275410945568341
INSP_000450,String_A,String_A_451,2024-05-27,76800.4602173101,0.10727207215028588,1.7815500014486942,CT80,UT,1.6613945377925614,120.0,60.0,1.5,0.0,0.812063063476049
INSP_000451,String_A,String_A_452,2024-02-11,76800.4602173101,0.10755530644269291,1.7815500014486942,CT80,UT,1.2129512261792912,120.0,60.0,1.5,0.0,0.9891793936608848
INSP_000452,String_A,String_A_453,2024-01-12,76800.4602173101,0.10652564226167581,1.7815500014486942,CT80,MFL,0.0,120.0,60.0,1.5,0.0,0.861736834764524
INSP_000453,String_A,String_A_454,2024-01-27,76800.4602173101,0.10726421519839822,1.7815500014486942,CT80,EMAT,1.3795631635776786,120.0,60.0,1.5,0.0,0.8946454293499894
INSP_000454,String_A,String_A_455,2024-05-28,76800.4602173101,0.10707961672531048,1.7815500014486942,CT80,MFL,0.0,120.0,60.0,1.5,0.0,0.9089286723315865
INSP_000455,String_A,String_A_456,2024-01-16,76800.4602173101,0.10843215526324264,1.7815500014486942,CT80,MFL,0.17740201937080735,120.0,60.0,1.5,0.0,0.8258655614616305
INSP_000456,String_A,String_A_457,2024-03-15,76800.4602173101,0.10477930383408282,1.7815500014486942,CT80,MFL,0.0,0.0,100.0,0.0,0.0,0.9316628920300103
INSP_000457,String_A,String_A_458,2024-04-10,76800.4602173101,0.10578467513318801,1.7815500014486942,CT80,UT,0.0,0.0,100.0,0.0,0.0,0.9743748657615894
INSP_000458,String_A,String_A_459,2024-06-15,76800.4602173101,0.10864240789396439,1.7815500014486942,CT80,UT,0.0,0.0,100.0,0.0,0.0,0.8005323821338147
INSP_000459,String_A,String_A_460,2024-06-18,76800.4602173101,0.10838565012085173,1.7815500014486942,CT80,UT,0.0,0.0,100.0,0.0,0.0,0.9622600629827933
INSP_000460,String_A,String_A_461,2024-02-09,76800.4602173101,0.1065304048971563,1.7815500014486942,CT80,MFL,0.05206981040602606,0.0,100.0,0.0,0.0,0.8169065798356847
INSP_000461,String_A,String_A_462,2024-02-20,76800.4602173101,0.10723251738968294,1.7815500014486942,CT80,UT,0.0,0.0,100.0,0.0,0.0,0.8722436700654502
INSP_000462,String_A,String_A_463,2024-06-28,76800.4602173101,0.10576938430680725,1.7815500014486942,CT80,MFL,2.1269688960791724,0.0,100.0,0.0,0.0,0.9827930810464911
INSP_000463,String_A,String_A_464,2024-02-10,76800.4602173101,0.105388352202025,1.7815500014486942,CT80,MFL,0.0,0.0,100.0,0.0,0.0,0.7249407808019459
INSP_000464,String_A,String_A_465,2024-05-07,76800.4602173101,0.1065647330043475,1.7815500014486942,CT80,MFL,0.0,0.0,100.0,0.0,0.0,0.8026003448508195
INSP_000465,String_A,String_A_466,2024-01-22,76800.4602173101,0.10609368858255795,1.7815500014486942,CT80,UT,0.0,0.0,100.0,0.0,0.0,0.7860765010768648
INSP_000466,String_A,String_A_467,2024-05-04,76800.4602173101,0.10707680700882447,1.7815500014486942,CT80,MFL,0.0,0.0,100.0,0.0,0.0,0.9382464989547259
INSP_000467,String_A,String_A_468,2024-03-30,76800.4602173101,0.10491713555238227,1.7815500014486942,CT80,MFL,0.0,0.0,100.0,0.0,0.0,0.7441957783282318
INSP_000468,String_A,String_A_469,2024-02-04,76800.4602173101,0.10874478761484653,1.7815500014486942,CT80,UT,0.0,0.0,100.0,0.0,0.0,0.8914202829727268
INSP_000469,String_A,String_A_470,2024-04-06,76800.4602173101,0.10879522734261823,1.7815500014486942,CT80,MFL,1.197680261418946,0.0,100.0,0.0,0.0,0.8566437258374514
INSP_000470,String_A,String_A_471,2024-05-15,76800.4602173101,0.10756560713469897,1.7815500014486942,CT80,UT,0.0,0.0,100.0,0.0,0.0,0.8972331798760061
INSP_000471,String_A,String_A_472,2024-05-24,76800.4602173101,0.10687378454398491,1.7815500014486942,CT80,MFL,0.9334012646905828,0.0,100.0,0.0,0.0,0.7648400284093627
INSP_000472,String_A,String_A_473,2024-04-17,76800.4602173101,0.10590661061144536,1.7815500014486942,CT80,MFL,0.597354926449702,0.0,100.0,0.0,0.0,0.9001844996873098
INSP_000473,String_A,String_A_474,2024-03-13,76800.4602173101,0.10805922118767633,1.7815500014486942,CT80,MFL,0.0,0.0,100.0,0.0,0.0,0.9136885538512043
INSP_000474,String_A,String_A_475,2024-05-31,76800.4602173101,0.10750827500216807,1.7815500014486942,CT80,UT,0.8636691058585542,0.0,100.0,0.0,0.0,0.8011685374865682
INSP_000475,String_A,String_A_476,2024-03-05,76800.4602173101,0.10527948009537351,1.7815500014486942,CT80,UT,0.0,0.0,100.0,0.0,0.0,0.8643902230674703
INSP_000476,String_A,String_A_477,2024-05-29,76800.4602173101,0.1084738577947506,1.7815500014486942,CT80,MFL,0.0,0.0,100.0,0.0,0.0,0.7192965303786404
INSP_000477,String_A,String_A_478,2024-01-12,76800.4602173101,0.10809653988412064,1.7815500014486942,CT80,UT,0.15826634869321615,0.0,100.0,0.0,0.0,0.900150141490384
INSP_000478,String_A,String_A_479,2024-05-31,76800.4602173101,0.10863979722801577,1.7815500014486942,CT80,MFL,1.0009031437371938,0.0,100.0,0.0,0.0,0.7596763056646343
INSP_000479,String_A,String_A_480,2024-05-16,76800.4602173101,0.10768324551309322,1.7815500014486942,CT80,MFL,0.0,0.0,100.0,0.0,0.0,0.971850638159556
INSP_000480,String_A,String_A_481,2024-02-10,76800.4602173101,0.10720384222606358,1.7815500014486942,CT80,MFL,0.0,0.0,100.0,0.0,0.0,0.9556740198284907
INSP_000481,String_A,String_A_482,2024-06-06,76800.4602173101,0.106370693677916,1.7815500014486942,CT80,MFL,0.0,0.0,100.0,0.0,0.0,0.8913992195558565
INSP_000482,String_A,String_A_483,2024-04-16,76800.4602173101,0.10856692291493016,1.7815500014486942,CT80,MFL,0.0,0.0,100.0,0.0,0.0,0.9860311649520133
INSP_000483,String_A,String_A_484,2024-06-18,76800.4602173101,0.10828234590516117,1.7815500014486942,CT80,UT,0.44081496284946386,0.0,100.0,0.0,0.0,0.9457055448577215
INSP_000484,String_A,String_A_485,2024-06-28,76800.4602173101,0.10477833178739206,1.7815500014486942,CT80,UT,1.1695008876522004,0.0,100.0,0.0,0.0,0.8108772756996209
INSP_000485,String_A,String_A_486,2024-04-05,76800.4602173101,0.10469785789780012,1.7815500014486942,CT80,MFL,0.0,0.0,100.0,0.0,0.0,0.947105564944702
INSP_000486,String_A,String_A_487,2024-01-29,76800.4602173101,0.10619234513180957,1.7815500014486942,CT80,EMAT,0.0,0.0,100.0,0.0,0.0,0.8596759357562105
INSP_000487,String_A,String_A_488,2024-06-15,76800.4602173101,0.1080453831053063,1.7815500014486942,CT80,MFL,0.0,0.0,100.0,0.0,0.0,0.7952868688380887
INSP_000488,String_A,String_A_489,2024-05-25,76800.4602173101,0.10879977524448291,1.7815500014486942,CT80,MFL,0.0,0.0,100.0,0.0,0.0,0.8757209193993786
INSP_000489,String_A,String_A_490,2024-05-12,76800.4602173101,0.10522740067739657,1.7815500014486942,CT80,MFL,0.15113339899405545,0.0,100.0,0.0,0.0,0.9231324445908415
INSP_000490,String_A,String_A_491,2024-03-04,76800.4602173101,0.10712152086922015,1.7815500014486942,CT80,MFL,5.614660143970934,0.0,100.0,0.0,0.0,0.891259710361378
INSP_000491,String_A,String_A_492,2024-06-16,76800.4602173101,0.10621124514637278,1.7815500014486942,CT80,EMAT,0.22086527435096165,0.0,100.0,0.0,0.0,0.7682880599382623
INSP_000492,String_A,String_A_493,2024-06-25,76800.4602173101,0.10872566169560824,1.7815500014486942,CT80,EMAT,0.0,0.0,100.0,0.0,0.0,0.9289104168848608
INSP_000493,String_A,String_A_494,2024-06-10,76800.4602173101,0.10818012992313555,1.7815500014486942,CT80,UT,0.0,0.0,100.0,0.0,0.0,0.8433192117724917
INSP_000494,String_A,String_A_495,2024-06-05,76800.4602173101,0.10816395028469053,1.7815500014486942,CT80,MFL,0.0,0.0,100.0,0.0,0.0,0.8492617096354494
INSP_000495,String_A,String_A_496,2024-03-17,76800.4602173101,0.1065860545532987,1.7815500014486942,CT80,MFL,0.0,0.0,100.0,0.0,0.0,0.9156807992242958
INSP_000496,String_A,String_A_497,2024-02-10,76800.4602173101,0.10635607933769646,1.7815500014486942,CT80,MFL,0.0,0.0,100.0,0.0,0.0,0.7598570828087101
INSP_000497,String_A,String_A_498,2024-05-19,76800.4602173101,0.10575241966975113,1.7815500014486942,CT80,MFL,1.3754483557033363,0.0,100.0,0.0,0.0,0.7104061444256863
INSP_000498,String_A,String_A_499,2024-03-07,76800.4602173101,0.10482595791324209,1.7815500014486942,CT80,MFL,0.0,0.0,100.0,0.0,0.0,0.8096921514416595
INSP_000499,String_A,String_A_500,2024-06-04,76800.4602173101,0.10827661926968858,1.7815500014486942,CT80,UT,0.0,0.0,100.0,0.0,0.0,0.8225274604579238
INSP_000500,String_B,String_B_001,2024-04-24,91532.01879589542,0.0961890238346943,1.7259213048309705,CT90,EMAT,0.0,120.0,60.0,1.5,0.0,0.9260108600951984
INSP_000501,String_B,String_B_002,2024-01-17,91532.01879589542,0.0968989271584873,1.7259213048309705,CT90,UT,0.46974232425240653,120.0,60.0,1.5,0.0,0.8535238646866945
INSP_000502,String_B,String_B_003,2024-04-23,91532.01879589542,0.09688721998088085,1.7259213048309705,CT90,MFL,0.0,120.0,60.0,1.5,0.0,0.7545848541135604
INSP_000503,String_B,String_B_004,2024-02-13,91532.01879589542,0.09521064048128998,1.7259213048309705,CT90,MFL,0.5294518820512458,120.0,60.0,1.5,0.0,0.7172226421151553
INSP_000504,String_B,String_B_005,2024-06-08,91532.01879589542,0.09602215217768593,1.7259213048309705,CT90,MFL,0.35979658787028834,120.0,60.0,1.5,0.0,0.7703284314084676
INSP_000505,String_B,String_B_006,2024-01-24,91532.01879589542,0.09669010977355323,1.7259213048309705,CT90,MFL,0.0,120.0,60.0,1.5,0.0,0.781037356015226
INSP_000506,String_B,String_B_007,2024-01-02,91532.01879589542,0.09632866008457416,1.7259213048309705,CT90,MFL,0.0,120.0,60.0,1.5,0.0,0.7248891238385177
INSP_000507,String_B,String_B_008,2024-03-23,91532.01879589542,0.09403992278662415,1.7259213048309705,CT90,MFL,0.0,120.0,60.0,1.5,0.0,0.9170888041562897
INSP_000508,String_B,String_B_009,2024-03-22,91532.01879589542,0.09481206771417836,1.7259213048309705,CT90,EMAT,0.0,120.0,60.0,1.5,0.0,0.9189616976204971
INSP_000509,String_B,String_B_010,2024-01-25,91532.01879589542,0.09359080577757568,1.7259213048309705,CT90,UT,0.0,120.0,60.0,1.5,0.0,0.9554239415196599
INSP_000510,String_B,String_B_011,2024-03-25,91532.01879589542,0.09672539390358315,1.7259213048309705,CT90,MFL,0.01730566892601325,120.0,60.0,1.5,0.0,0.708635906367448
INSP_000511,String_B,String_B_012,2024-01-03,91532.01879589542,0.09540346361091334,1.7259213048309705,CT90,EMAT,4.352623966893246,120.0,60.0,1.5,0.0,0.9289847237748123
INSP_000512,String_B,String_B_013,2024-02-29,91532.01879589542,0.09396884266091315,1.7259213048309705,CT90,UT,3.041827342630468,120.0,60.0,1.5,0.0,0.7218189401006367
INSP_000513,String_B,String_B_014,2024-02-27,91532.01879589542,0.09565246260074226,1.7259213048309705,CT90,MFL,0.0,120.0,60.0,1.5,0.0,0.7129790432822234
INSP_000514,String_B,String_B_015,2024-05-22,91532.01879589542,0.09544888731373999,1.7259213048309705,CT90,EMAT,0.0,120.0,60.0,1.5,0.0,0.90785564490571
INSP_000515,String_B,String_B_016,2024-03-28,91532.01879589542,0.09446101832852478,1.7259213048309705,CT90,MFL,0.0,120.0,60.0,1.5,0.0,0.8735799355577791
INSP_000516,String_B,String_B_017,2024-01-14,91532.01879589542,0.09353151885035858,1.7259213048309705,CT90,UT,0.0,120.0,60.0,1.5,0.0,0.8325441818159105
INSP_000517,String_B,String_B_018,2024-03-12,91532.01879589542,0.09565197814325264,1.7259213048309705,CT90,EMAT,0.0,120.0,60.0,1.5,0.0,0.7005181031852024
INSP_000518,String_B,String_B_019,2024-06-09,91532.01879589542,0.09507716926343442,1.7259213048309705,CT90,MFL,0.0,120.0,60.0,1.5,0.0,0.9065416343092838
INSP_000519,String_B,String_B_020,2024-03-06,91532.01879589542,0.09603480988859542,1.7259213048309705,CT90,EMAT,0.7357324739361794,120.0,60.0,1.5,0.0,0.7197047500282476
INSP_000520,String_B,String_B_021,2024-06-12,91532.01879589542,0.09507662130422558,1.7259213048309705,CT90,MFL,0.0,120.0,60.0,1.5,0.0,0.9970887746886354
INSP_000521,String_B,String_B_022,2024-03-10,91532.01879589542,0.09633828970121044,1.7259213048309705,CT90,MFL,1.6372053342937987,120.0,60.0,1.5,0.0,0.7956446845814242
INSP_000522,String_B,String_B_023,2024-05-27,91532.01879589542,0.09519724598734304,1.7259213048309705,CT90,MFL,0.0,120.0,60.0,1.5,0.0,0.7903501056184948
INSP_000523,String_B,String_B_024,2024-06-06,91532.01879589542,0.09523156429183446,1.7259213048309705,CT90,EMAT,0.38828181991390304,120.0,60.0,1.5,0.0,0.7631135709261807
INSP_000524,String_B,String_B_025,2024-05-22,91532.01879589542,0.0964312836901017,1.7259213048309705,CT90,EMAT,0.0,120.0,60.0,1.5,0.0,0.7461859563291635
INSP_000525,String_B,String_B_026,2024-05-30,91532.01879589542,0.09463323489160712,1.7259213048309705,CT90,MFL,0.0,120.0,60.0,1.5,0.0,0.920200967403025
INSP_000526,String_B,String_B_027,2024-03-06,91532.01879589542,0.09360925786811243,1.7259213048309705,CT90,EMAT,0.0,120.0,60.0,1.5,0.0,0.7381879260149501
INSP_000527,String_B,String_B_028,2024-05-02,91532.01879589542,0.09320937416999069,1.7259213048309705,CT90,EMAT,0.0,120.0,60.0,1.5,0.0,0.905852344971523
INSP_000528,String_B,String_B_029,2024-02-12,91532.01879589542,0.09596952157155976,1.7259213048309705,CT90,EMAT,0.0,120.0,60.0,1.5,0.0,0.8256951238793628
INSP_000529,String_B,String_B_030,2024-03-29,91532.01879589542,0.09545717629514316,1.7259213048309705,CT90,EMAT,0.0,120.0,60.0,1.5,0.0,0.868780213786924
INSP_000530,String_B,String_B_031,2024-02-29,91532.01879589542,0.09577550311877706,1.7259213048309705,CT90,EMAT,0.0,120.0,60.0,1.5,0.0,0.73895571950529
INSP_000531,String_B,String_B_032,2024-05-07,91532.01879589542,0.09390926381373386,1.7259213048309705,CT90,UT,0.0,120.0,60.0,1.5,0.0,0.9557233541485515
INSP_000532,String_B,String_B_033,2024-03-06,91532.01879589542,0.09361821160722972,1.7259213048309705,CT90,MFL,0.511106636928733,120.0,60.0,1.5,0.0,0.9156225224218816
INSP_000533,String_B,String_B_034,2024-03-01,91532.01879589542,0.09315526972953794,1.7259213048309705,CT90,MFL,0.0,120.0,60.0,1.5,0.0,0.7523401300131258
INSP_000534,String_B,String_B_035,2024-01-17,91532.01879589542,0.09443223272346507,1.7259213048309705,CT90,UT,0.0,120.0,60.0,1.5,0.0,0.7334209130286026
INSP_000535,String_B,String_B_036,2024-02-21,91532.01879589542,0.09534168721004761,1.7259213048309705,CT90,MFL,0.2039862820280222,120.0,60.0,1.5,0.0,0.9573322131049635
INSP_000536,String_B,String_B_037,2024-01-18,91532.01879589542,0.09459052737137898,1.7259213048309705,CT90,UT,3.13034285541254,120.0,60.0,1.5,0.0,0.714371799112382
INSP_000537,String_B,String_B_038,2024-06-01,91532.01879589542,0.09476240470369017,1.7259213048309705,CT90,MFL,0.0,120.0,60.0,1.5,0.0,0.912087484983288
INSP_000538,String_B,String_B_039,2024-05-25,91532.01879589542,0.09653580303907625,1.7259213048309705,CT90,UT,0.0,120.0,60.0,1.5,0.0,0.7531614374190352
INSP_000539,String_B,String_B_040,2024-01-14,91532.01879589542,0.09442337077468854,1.7259213048309705,CT90,MFL,0.0,120.0,60.0,1.5,0.0,0.8359398901063626
INSP_000540,String_B,String_B_041,2024-05-15,91532.01879589542,0.09505316005880728,1.7259213048309705,CT90,UT,2.738517479604646,120.0,60.0,1.5,0.0,0.9508849191081542
INSP_000541,String_B,String_B_042,2024-03-14,91532.01879589542,0.09607788144841634,1.7259213048309705,CT90,MFL,1.1656888105963368,120.0,60.0,1.5,0.0,0.7147643835718283
INSP_000542,String_B,String_B_043,2024-05-07,91532.01879589542,0.09460686257282083,1.7259213048309705,CT90,MFL,0.0,120.0,60.0,1.5,0.0,0.9643389405274256
INSP_000543,String_B,String_B_044,2024-01-16,91532.01879589542,0.09546392946086593,1.7259213048309705,CT90,MFL,0.0,120.0,60.0,1.5,0.0,0.9065134983646179
INSP_000544,String_B,String_B_045,2024-05-25,91532.01879589542,0.09637698209323763,1.7259213048309705,CT90,UT,0.5015571787994211,120.0,60.0,1.5,0.0,0.7183178954587852
INSP_000545,String_B,String_B_046,2024-03-01,91532.01879589542,0.09670817836989903,1.7259213048309705,CT90,UT,0.0,120.0,60.0,1.5,0.0,0.8929250757504092
INSP_000546,String_B,String_B_047,2024-02-23,91532.01879589542,0.09365887922753034,1.7259213048309705,CT90,EMAT,1.58995326130149,120.0,60.0,1.5,0.0,0.9013430903686068
INSP_000547,String_B,String_B_048,2024-01-27,91532.01879589542,0.09662103297561368,1.7259213048309705,CT90,UT,0.0,120.0,60.0,1.5,0.0,0.855053075129711
INSP_000548,String_B,String_B_049,2024-05-10,91532.01879589542,0.09497004191370224,1.7259213048309705,CT90,MFL,0.0,120.0,60.0,1.5,0.0,0.8875429890141843
INSP_000549,String_B,String_B_050,2024-01-01,91532.01879589542,0.09408132867553605,1.7259213048309705,CT90,UT,0.0,120.0,60.0,1.5,0.0,0.9775048007686176
INSP_000550,String_B,String_B_051,2024-02-13,91532.01879589542,0.09484471587370538,1.7259213048309705,CT90,EMAT,0.0,120.0,60.0,1.5,0.0,0.7991289737441145
INSP_000551,String_B,String_B_052,2024-03-10,91532.01879589542,0.09682412378608482,1.7259213048309705,CT90,MFL,0.0,120.0,60.0,1.5,0.0,0.9273489510565438
INSP_000552,String_B,String_B_053,2024-02-26,91532.01879589542,0.09497194875717291,1.7259213048309705,CT90,UT,0.0,120.0,60.0,1.5,0.0,0.9570773211530013
INSP_000553,String_B,String_B_054,2024-01-28,91532.01879589542,0.09434925611909253,1.7259213048309705,CT90,MFL,0.1432236482433306,120.0,60.0,1.5,0.0,0.7523196107246992
INSP_000554,String_B,String_B_055,2024-01-27,91532.01879589542,0.09550692324640354,1.7259213048309705,CT90,EMAT,0.0,120.0,60.0,1.5,0.0,0.885183642995521
INSP_000555,String_B,String_B_056,2024-06-13,91532.01879589542,0.09401255335135714,1.7259213048309705,CT90,EMAT,0.0,120.0,60.0,1.5,0.0,0.7186554317435332
INSP_000556,String_B,String_B_057,2024-03-13,91532.01879589542,0.09338828064681293,1.7259213048309705,CT90,EMAT,1.0372190626584425,120.0,60.0,1.5,0.0,0.704485909839506
INSP_000557,String_B,String_B_058,2024-04-21,91532.01879589542,0.09358974294326046,1.7259213048309705,CT90,MFL,0.22892990692411241,120.0,60.0,1.5,0.0,0.7920316620380486
INSP_000558,String_B,String_B_059,2024-02-14,91532.01879589542,0.09358657418803953,1.7259213048309705,CT90,UT,0.11000902816667531,120.0,60.0,1.5,0.0,0.737945300279885
INSP_000559,String_B,String_B_060,2024-05-11,91532.01879589542,0.09367723023534673,1.7259213048309705,CT90,MFL,0.0,120.0,60.0,1.5,0.0,0.9793500358567696
INSP_000560,String_B,String_B_061,2024-06-26,91532.01879589542,0.09362754325606776,1.7259213048309705,CT90,UT,0.7741385593396798,120.0,60.0,1.5,0.0,0.9210135539223309
INSP_000561,String_B,String_B_062,2024-03-11,91532.01879589542,0.09553532403025222,1.7259213048309705,CT90,MFL,0.5559729252554517,120.0,60.0,1.5,0.0,0.8175120004421084
INSP_000562,String_B,String_B_063,2024-03-12,91532.01879589542,0.09379114432071675,1.7259213048309705,CT90,MFL,1.3594519461283867,120.0,60.0,1.5,0.0,0.9070840592536422
INSP_000563,String_B,String_B_064,2024-05-27,91532.01879589542,0.09441353567663069,1.7259213048309705,CT90,EMAT,0.0,120.0,60.0,1.5,0.0,0.9196994751654185
INSP_000564,String_B,String_B_065,2024-01-18,91532.01879589542,0.09650779595764285,1.7259213048309705,CT90,UT,0.0,120.0,60.0,1.5,0.0,0.7435294053555043
INSP_000565,String_B,String_B_066,2024-06-05,91532.01879589542,0.09490105423299892,1.7259213048309705,CT90,EMAT,0.18956672816149917,120.0,60.0,1.5,0.0,0.7442939472892811
INSP_000566,String_B,String_B_067,2024-05-03,91532.01879589542,0.09563671940637991,1.7259213048309705,CT90,UT,0.0,120.0,60.0,1.5,0.0,0.828809544661572
INSP_000567,String_B,String_B_068,2024-03-26,91532.01879589542,0.09375481551056619,1.7259213048309705,CT90,MFL,1.5889776267523616,120.0,60.0,1.5,0.0,0.7435047273701179
INSP_000568,String_B,String_B_069,2024-02-16,91532.01879589542,0.09383069827147296,1.7259213048309705,CT90,UT,0.0,120.0,60.0,1.5,0.0,0.977460650102157
INSP_000569,String_B,String_B_070,2024-03-10,91532.01879589542,0.09325530074181262,1.7259213048309705,CT90,MFL,1.2906564732380894,120.0,60.0,1.5,0.0,0.9540789856098084
INSP_000570,String_B,String_B_071,2024-01-14,91532.01879589542,0.09374195323967423,1.7259213048309705,CT90,MFL,0.0,120.0,60.0,1.5,0.0,0.834532022587158
INSP_000571,String_B,String_B_072,2024-04-03,91532.01879589542,0.09415864328832144,1.7259213048309705,CT90,UT,0.9952511374174231,120.0,60.0,1.5,0.0,0.7974156672809759
INSP_000572,String_B,String_B_073,2024-05-06,91532.01879589542,0.09377263984025164,1.7259213048309705,CT90,UT,0.0,120.0,60.0,1.5,0.0,0.8822170185512278
INSP_000573,String_B,String_B_074,2024-01-17,91532.01879589542,0.09343706962827682,1.7259213048309705,CT90,UT,0.0,120.0,60.0,1.5,0.0,0.8810125425134626
INSP_000574,String_B,String_B_075,2024-04-16,91532.01879589542,0.09355841631018229,1.7259213048309705,CT90,UT,0.0,120.0,60.0,1.5,0.0,0.8291772372669866
INSP_000575,String_B,String_B_076,2024-06-02,91532.01879589542,0.09485095931852436,1.7259213048309705,CT90,UT,0.6971004485215121,120.0,60.0,1.5,0.0,0.930917162881912
INSP_000576,String_B,String_B_077,2024-01-14,91532.01879589542,0.09388406812994202,1.7259213048309705,CT90,EMAT,0.0,120.0,60.0,1.5,0.0,0.9971191542874205
INSP_000577,String_B,String_B_078,2024-01-23,91532.01879589542,0.09448422547198268,1.7259213048309705,CT90,MFL,0.0,120.0,60.0,1.5,0.0,0.8408566735843992
INSP_000578,String_B,String_B_079,2024-01-15,91532.01879589542,0.09501298562924845,1.7259213048309705,CT90,EMAT,0.7451645793178645,120.0,60.0,1.5,0.0,0.8662616862695436
INSP_000579,String_B,String_B_080,2024-03-12,91532.01879589542,0.09572350034879158,1.7259213048309705,CT90,MFL,0.32105808632278365,120.0,60.0,1.5,0.0,0.7816153870695735
INSP_000580,String_B,String_B_081,2024-04-06,91532.01879589542,0.09324938613139618,1.7259213048309705,CT90,UT,2.6771408559525733,120.0,60.0,1.5,0.0,0.728136733432334
INSP_000581,String_B,String_B_082,2024-02-06,91532.01879589542,0.09613775951585438,1.7259213048309705,CT90,EMAT,0.0,120.0,60.0,1.5,0.0,0.7260182885759335
INSP_000582,String_B,String_B_083,2024-01-28,91532.01879589542,0.09548602148006545,1.7259213048309705,CT90,MFL,0.0,120.0,60.0,1.5,0.0,0.7283547948303449
INSP_000583,String_B,String_B_084,2024-05-14,91532.01879589542,0.09341068432140572,1.7259213048309705,CT90,MFL,0.0,120.0,60.0,1.5,0.0,0.9339866740559895
INSP_000584,String_B,String_B_085,2024-02-28,91532.01879589542,0.09641959877160576,1.7259213048309705,CT90,MFL,0.0,120.0,60.0,1.5,0.0,0.7571466629467676
INSP_000585,String_B,String_B_086,2024-05-23,91532.01879589542,0.09659931512202088,1.7259213048309705,CT90,MFL,0.0,120.0,60.0,1.5,0.0,0.7870504287115766
INSP_000586,String_B,String_B_087,2024-06-17,91532.01879589542,0.09333209624744848,1.7259213048309705,CT90,UT,2.3045137510565157,120.0,60.0,1.5,0.0,0.7672426098522296
INSP_000587,String_B,String_B_088,2024-02-25,91532.01879589542,0.09415213506295937,1.7259213048309705,CT90,MFL,0.0,120.0,60.0,1.5,0.0,0.7007108103145606
INSP_000588,String_B,String_B_089,2024-05-23,91532.01879589542,0.09616356486321363,1.7259213048309705,CT90,MFL,0.0,120.0,60.0,1.5,0.0,0.9583747188901618
INSP_000589,String_B,String_B_090,2024-05-21,91532.01879589542,0.09594338682345789,1.7259213048309705,CT90,UT,0.0,120.0,60.0,1.5,0.0,0.9583100330038796
INSP_000590,String_B,String_B_091,2024-04-11,91532.01879589542,0.09380117987355423,1.7259213048309705,CT90,MFL,0.0,120.0,60.0,1.5,0.0,0.9504160227174934
INSP_000591,String_B,String_B_092,2024-01-13,91532.01879589542,0.0938955274286795,1.7259213048309705,CT90,EMAT,0.348902928531595,120.0,60.0,1.5,1.8117761572358608,0.7090057001519257
INSP_000592,String_B,String_B_093,2024-03-19,91532.01879589542,0.09450779399060726,1.7259213048309705,CT90,MFL,0.0,120.0,60.0,1.5,2.589128993941801,0.7055389367236574
INSP_000593,String_B,String_B_094,2024-02-23,91532.01879589542,0.09494118734372588,1.7259213048309705,CT90,MFL,0.0,120.0,60.0,1.5,2.080818423729896,0.7667058309373302
INSP_000594,String_B,String_B_095,2024-05-04,91532.01879589542,0.09544936813181512,1.7259213048309705,CT90,UT,0.0,120.0,60.0,1.5,1.8532078689786466,0.8460319595539672
INSP_000595,String_B,String_B_096,2024-04-21,91532.01879589542,0.09450187183036514,1.7259213048309705,CT90,UT,0.0,120.0,60.0,1.5,3.8428552487901473,0.7364734990026455
INSP_000596,String_B,String_B_097,2024-03-16,91532.01879589542,0.09485763192130596,1.7259213048309705,CT90,UT,0.0,120.0,60.0,1.5,3.13519847984827,0.8505008810542476
INSP_000597,String_B,String_B_098,2024-01-21,91532.01879589542,0.09594038956490829,1.7259213048309705,CT90,MFL,0.9241484240747839,120.0,60.0,1.5,2.7996167664748413,0.7708156194734227
INSP_000598,String_B,String_B_099,2024-01-02,91532.01879589542,0.09323939617098427,1.7259213048309705,CT90,EMAT,0.0,120.0,60.0,1.5,2.5977865804422056,0.9803421642960023
INSP_000599,String_B,String_B_100,2024-03-01,91532.01879589542,0.09405926038850727,1.7259213048309705,CT90,UT,0.02068362096060753,120.0,60.0,1.5,1.5466563390639703,0.7761409780368334
INSP_000600,String_B,String_B_101,2024-06-09,91532.01879589542,0.0958107284263613,1.7259213048309705,CT90,MFL,0.0,120.0,60.0,1.5,1.0405372179503887,0.9713245647988396
INSP_000601,String_B,String_B_102,2024-03-05,91532.01879589542,0.09650178598321137,1.7259213048309705,CT90,EMAT,6.155635857479315,120.0,60.0,1.5,2.1040441353016153,0.9985326425923535
INSP_000602,String_B,String_B_103,2024-05-20,91532.01879589542,0.09504437428003953,1.7259213048309705,CT90,MFL,0.0,120.0,60.0,1.5,1.4253321709536937,0.8196743664802347
INSP_000603,String_B,String_B_104,2024-03-28,91532.01879589542,0.09512203124400821,1.7259213048309705,CT90,EMAT,0.0,120.0,60.0,1.5,4.284909990848951,0.8647701680282427
INSP_000604,String_B,String_B_105,2024-03-02,91532.01879589542,0.09350725364309115,1.7259213048309705,CT90,EMAT,0.0,120.0,60.0,1.5,4.01089508552694,0.7873654974715466
INSP_000605,String_B,String_B_106,2024-03-31,91532.01879589542,0.09480016699392912,1.7259213048309705,CT90,UT,0.0,120.0,60.0,1.5,4.306225899567157,0.9045519969107284
INSP_000606,String_B,String_B_107,2024-04-08,91532.01879589542,0.09512394561252908,1.7259213048309705,CT90,MFL,0.0,120.0,60.0,1.5,3.6076082305111505,0.9232985833540288
INSP_000607,String_B,String_B_108,2024-02-13,91532.01879589542,0.09402138791381197,1.7259213048309705,CT90,EMAT,0.0,120.0,60.0,1.5,1.903028266683381,0.8127633384616675
INSP_000608,String_B,String_B_109,2024-02-01,91532.01879589542,0.09412312427760765,1.7259213048309705,CT90,EMAT,0.0,120.0,60.0,1.5,3.9817350802701235,0.8857298895853946
INSP_000609,String_B,String_B_110,2024-04-02,91532.01879589542,0.09453367981979757,1.7259213048309705,CT90,UT,2.0124842853072744,120.0,60.0,1.5,2.484909287504943,0.8847197907856341
INSP_000610,String_B,String_B_111,2024-02-08,91532.01879589542,0.09317627055155536,1.7259213048309705,CT90,MFL,0.0,120.0,60.0,1.5,4.309697023472544,0.9618536682237284
INSP_000611,String_B,String_B_112,2024-05-04,91532.01879589542,0.09432390082921607,1.7259213048309705,CT90,UT,0.0,120.0,60.0,1.5,2.46700156970123,0.8275252601510271
INSP_000612,String_B,String_B_113,2024-06-14,91532.01879589542,0.09390350242658688,1.7259213048309705,CT90,MFL,0.0,120.0,60.0,1.5,1.1729176592015707,0.776284153133824
INSP_000613,String_B,String_B_114,2024-03-31,91532.01879589542,0.09434448993827609,1.7259213048309705,CT90,EMAT,0.0,120.0,60.0,1.5,0.7658861038194725,0.729389750346414
INSP_000614,String_B,String_B_115,2024-04-18,91532.01879589542,0.09355509610091316,1.7259213048309705,CT90,UT,0.0,120.0,60.0,1.5,2.8043813303112812,0.91599527763038
INSP_000615,String_B,String_B_116,2024-04-27,91532.01879589542,0.0964840036668116,1.7259213048309705,CT90,EMAT,0.0,120.0,60.0,1.5,3.2416563045490676,0.9956724081834885
INSP_000616,String_B,String_B_117,2024-05-26,91532.01879589542,0.09535565132350539,1.7259213048309705,CT90,MFL,0.0,120.0,60.0,1.5,2.198466008222325,0.9796015921247568
INSP_000617,String_B,String_B_118,2024-03-09,91532.01879589542,0.09568058881274907,1.7259213048309705,CT90,MFL,0.0,120.0,60.0,1.5,1.5478829475163365,0.7554296585314577
INSP_000618,String_B,String_B_119,2024-01-30,91532.01879589542,0.09609885070670789,1.7259213048309705,CT90,MFL,2.6341782475145012,120.0,60.0,1.5,2.807332703527071,0.8217017126217172
INSP_000619,String_B,String_B_120,2024-03-26,91532.01879589542,0.09499408035593042,1.7259213048309705,CT90,MFL,0.0,120.0,60.0,1.5,4.290039785782391,0.7856196552055429
INSP_000620,String_B,String_B_121,2024-05-01,91532.01879589542,0.09343029709473222,1.7259213048309705,CT90,EMAT,0.0,120.0,60.0,1.5,0.2337707107932297,0.8859611216369966
INSP_000621,String_B,String_B_122,2024-04-02,91532.01879589542,0.09514100485891049,1.7259213048309705,CT90,UT,0.14728971306422528,120.0,60.0,1.5,1.5756617749845525,0.8460689400760546
INSP_000622,String_B,String_B_123,2024-03-04,91532.01879589542,0.09532999624847935,1.7259213048309705,CT90,UT,0.0,120.0,60.0,1.5,2.6755520622640137,0.9745961131513609
INSP_000623,String_B,String_B_124,2024-01-12,91532.01879589542,0.09593267000190045,1.7259213048309705,CT90,MFL,0.0,120.0,60.0,1.5,1.1813701807003374,0.9897470426252625
INSP_000624,String_B,String_B_125,2024-03-29,91532.01879589542,0.09474030627567279,1.7259213048309705,CT90,UT,0.0,120.0,60.0,1.5,1.9772167958546871,0.8314629467078245
INSP_000625,String_B,String_B_126,2024-04-20,91532.01879589542,0.09358480515062313,1.7259213048309705,CT90,MFL,0.0,120.0,60.0,1.5,2.1454448938431425,0.81184934816144
INSP_000626,String_B,String_B_127,2024-01-07,91532.01879589542,0.09417834844203515,1.7259213048309705,CT90,MFL,0.0,120.0,60.0,1.5,2.091103211774905,0.9698445810907961
INSP_000627,String_B,String_B_128,2024-02-20,91532.01879589542,0.09447971272631481,1.7259213048309705,CT90,MFL,0.34497466888875394,120.0,60.0,1.5,1.5452401153874658,0.87988531906541
INSP_000628,String_B,String_B_129,2024-01-05,91532.01879589542,0.09555448551706008,1.7259213048309705,CT90,EMAT,0.0,120.0,60.0,1.5,2.054924259680254,0.7611559591992662
INSP_000629,String_B,String_B_130,2024-01-16,91532.01879589542,0.09526895755774187,1.7259213048309705,CT90,MFL,0.0,120.0,60.0,1.5,1.9119448692084742,0.7551194869581861
INSP_000630,String_B,String_B_131,2024-06-27,91532.01879589542,0.09445316755841182,1.7259213048309705,CT90,EMAT,0.571989094433842,120.0,60.0,1.5,3.562737518696571,0.7991281725501702
INSP_000631,String_B,String_B_132,2024-03-26,91532.01879589542,0.09684875794541332,1.7259213048309705,CT90,EMAT,0.501995780028064,120.0,60.0,1.5,4.397739192644626,0.9953139201491721
INSP_000632,String_B,String_B_133,2024-05-27,91532.01879589542,0.09540194431355617,1.7259213048309705,CT90,MFL,0.0,120.0,60.0,1.5,3.265019609767087,0.8436469546465961
INSP_000633,String_B,String_B_134,2024-03-14,91532.01879589542,0.09400146180859678,1.7259213048309705,CT90,UT,0.0,120.0,60.0,1.5,0.8563852866981807,0.7209451884269634
INSP_000634,String_B,String_B_135,2024-06-15,91532.01879589542,0.09348677339595754,1.7259213048309705,CT90,EMAT,0.0,120.0,60.0,1.5,1.7852103438775555,0.8051194119520795
INSP_000635,String_B,String_B_136,2024-03-07,91532.01879589542,0.09368086472890047,1.7259213048309705,CT90,MFL,0.0,120.0,60.0,1.5,2.7403523811473423,0.7118788281658762
INSP_000636,String_B,String_B_137,2024-02-26,91532.01879589542,0.09403463936786113,1.7259213048309705,CT90,MFL,0.0,120.0,60.0,1.5,2.446180783458905,0.8096869347685393
INSP_000637,String_B,String_B_138,2024-04-16,91532.01879589542,0.0937105892183863,1.7259213048309705,CT90,EMAT,0.0,120.0,60.0,1.5,1.125475002036678,0.7541771886333105
INSP_000638,String_B,String_B_139,2024-02-16,91532.01879589542,0.09380895469139497,1.7259213048309705,CT90,MFL,0.0,120.0,60.0,1.5,5.59027723881069,0.974980054978136
INSP_000639,String_B,String_B_140,2024-01-16,91532.01879589542,0.09418336164103662,1.7259213048309705,CT90,EMAT,0.37488419897625963,120.0,60.0,1.5,2.3926610745470134,0.9983044269393492
INSP_000640,String_B,String_B_141,2024-03-04,91532.01879589542,0.09375881966212006,1.7259213048309705,CT90,MFL,0.0,120.0,60.0,1.5,4.901594107083071,0.806394800026504
INSP_000641,String_B,String_B_142,2024-05-15,91532.01879589542,0.09650770861358042,1.7259213048309705,CT90,UT,1.6645470598924899,120.0,60.0,1.5,0.9642208413055013,0.7306701838920022
INSP_000642,String_B,String_B_143,2024-04-02,91532.01879589542,0.09340488823351424,1.7259213048309705,CT90,MFL,1.1024552794060196,120.0,60.0,1.5,2.1052061132967625,0.7669462746442377
INSP_000643,String_B,String_B_144,2024-06-16,91532.01879589542,0.09509314328036696,1.7259213048309705,CT90,MFL,0.0,120.0,60.0,1.5,1.8590783841896792,0.7186289632612712
INSP_000644,String_B,String_B_145,2024-04-24,91532.01879589542,0.09465950794256071,1.7259213048309705,CT90,MFL,0.0,120.0,60.0,1.5,2.959081643160136,0.9768303914003088
INSP_000645,String_B,String_B_146,2024-04-12,91532.01879589542,0.09683303874425271,1.7259213048309705,CT90,UT,0.0,120.0,60.0,1.5,4.312077842339829,0.7994233063226435
INSP_000646,String_B,String_B_147,2024-04-13,91532.01879589542,0.0935257478282386,1.7259213048309705,CT90,UT,0.0,120.0,60.0,1.5,2.6288989362961512,0.9976744485428233
INSP_000647,String_B,String_B_148,2024-03-03,91532.01879589542,0.09461185127637382,1.7259213048309705,CT90,MFL,0.0,120.0,60.0,1.5,1.8703142445695489,0.824056977201013
INSP_000648,String_B,String_B_149,2024-06-09,91532.01879589542,0.09678398764644641,1.7259213048309705,CT90,UT,0.0,120.0,60.0,1.5,1.8771191601903376,0.7087509493956029
INSP_000649,String_B,String_B_150,2024-06-22,91532.01879589542,0.09638892707839714,1.7259213048309705,CT90,MFL,1.0590024518869736,120.0,60.0,1.5,3.8115719028588995,0.8931929147990103
INSP_000650,String_B,String_B_151,2024-06-01,91532.01879589542,0.09620487386960727,1.7259213048309705,CT90,MFL,0.517284166962945,120.0,60.0,1.5,6.335083931118035,0.7096336759176722
INSP_000651,String_B,String_B_152,2024-04-14,91532.01879589542,0.09408003074277077,1.7259213048309705,CT90,MFL,0.0,120.0,60.0,1.5,0.9961536138228774,0.8626222748202939
INSP_000652,String_B,String_B_153,2024-01-17,91532.01879589542,0.09374937283208226,1.7259213048309705,CT90,MFL,0.0,120.0,60.0,1.5,3.09841479411284,0.7113922839634597
INSP_000653,String_B,String_B_154,2024-04-02,91532.01879589542,0.09564084423571284,1.7259213048309705,CT90,MFL,0.1643149020247218,120.0,60.0,1.5,3.4140102888455637,0.7546065128774101
INSP_000654,String_B,String_B_155,2024-02-28,91532.01879589542,0.09663162875868482,1.7259213048309705,CT90,MFL,0.0,120.0,60.0,1.5,3.1346548838525248,0.8689390360217808
INSP_000655,String_B,String_B_156,2024-01-20,91532.01879589542,0.09521569899345293,1.7259213048309705,CT90,UT,2.696554818984478,120.0,60.0,1.5,2.2061325772960445,0.9634308463306065
INSP_000656,String_B,String_B_157,2024-06-02,91532.01879589542,0.09527212821998562,1.7259213048309705,CT90,EMAT,0.017761085609578876,120.0,60.0,1.5,3.198434000045759,0.7585776774903923
INSP_000657,String_B,String_B_158,2024-04-17,91532.01879589542,0.09416392055590908,1.7259213048309705,CT90,MFL,0.0,120.0,60.0,1.5,3.6785924980530944,0.8073813219045849
INSP_000658,String_B,String_B_159,2024-06-01,91532.01879589542,0.09602407314612937,1.7259213048309705,CT90,EMAT,3.1439981961602355,120.0,60.0,1.5,5.208628769888033,0.8561475375794643
INSP_000659,String_B,String_B_160,2024-05-14,91532.01879589542,0.09381076624451859,1.7259213048309705,CT90,MFL,1.3513302392851103,120.0,60.0,1.5,1.5899501902602369,0.7612185449690683
INSP_000660,String_B,String_B_161,2024-05-27,91532.01879589542,0.09432998109833612,1.7259213048309705,CT90,EMAT,0.0,120.0,60.0,1.5,2.9655361119849157,0.7259836976313019
INSP_000661,String_B,String_B_162,2024-05-03,91532.01879589542,0.09471665846674238,1.7259213048309705,CT90,UT,2.3710483137704124,120.0,60.0,1.5,3.575001415777716,0.7337629851833011
INSP_000662,String_B,String_B_163,2024-01-31,91532.01879589542,0.09502891943900092,1.7259213048309705,CT90,MFL,0.0,120.0,60.0,1.5,2.7608888878999016,0.7303452859719647
INSP_000663,String_B,String_B_164,2024-03-27,91532.01879589542,0.0940211569831773,1.7259213048309705,CT90,MFL,0.0,120.0,60.0,1.5,3.870186782048589,0.8794778925115354
INSP_000664,String_B,String_B_165,2024-03-10,91532.01879589542,0.09353637993400897,1.7259213048309705,CT90,UT,0.0,120.0,60.0,1.5,2.2602045484342304,0.7630838101831441
INSP_000665,String_B,String_B_166,2024-01-26,91532.01879589542,0.09542035616127821,1.7259213048309705,CT90,MFL,0.0,120.0,60.0,1.5,1.0078921088308954,0.9581839038820759
INSP_000666,String_B,String_B_167,2024-02-12,91532.01879589542,0.09419679610231298,1.7259213048309705,CT90,UT,0.0,120.0,60.0,1.5,2.106646265517209,0.8957838960716715
INSP_000667,String_B,String_B_168,2024-01-23,91532.01879589542,0.09530870524140593,1.7259213048309705,CT90,MFL,0.8242733077056377,120.0,60.0,1.5,1.7347691593331718,0.8433677417622001
INSP_000668,String_B,String_B_169,2024-06-17,91532.01879589542,0.09368657831804197,1.7259213048309705,CT90,MFL,0.0,120.0,60.0,1.5,2.79150620581379,0.8063621137851721
INSP_000669,String_B,String_B_170,2024-06-07,91532.01879589542,0.09492833238704831,1.7259213048309705,CT90,MFL,2.51220697166478,120.0,60.0,1.5,2.9898834099165743,0.7037167076543717
INSP_000670,String_B,String_B_171,2024-02-07,91532.01879589542,0.09512383984369603,1.7259213048309705,CT90,MFL,0.21250528548811037,120.0,60.0,1.5,1.4295796077660181,0.750569214707564
INSP_000671,String_B,String_B_172,2024-02-04,91532.01879589542,0.09329692943992522,1.7259213048309705,CT90,UT,0.4835134639209077,120.0,60.0,1.5,4.425031068568098,0.7234032717486619
INSP_000672,String_B,String_B_173,2024-01-28,91532.01879589542,0.0943790962571369,1.7259213048309705,CT90,MFL,0.0,120.0,60.0,1.5,2.1400279395929966,0.9115440418891796
INSP_000673,String_B,String_B_174,2024-01-09,91532.01879589542,0.0936107757723681,1.7259213048309705,CT90,MFL,0.5653164261405623,120.0,60.0,1.5,3.8283179349018823,0.8370361949300189
INSP_000674,String_B,String_B_175,2024-03-30,91532.01879589542,0.09334082488779652,1.7259213048309705,CT90,MFL,0.0,120.0,60.0,1.5,1.0529405033372756,0.8549699294272639
INSP_000675,String_B,String_B_176,2024-06-24,91532.01879589542,0.0968618488830818,1.7259213048309705,CT90,MFL,0.1500627538960666,120.0,60.0,1.5,2.362562586753145,0.7186686332463373
INSP_000676,String_B,String_B_177,2024-04-11,91532.01879589542,0.09432494461090395,1.7259213048309705,CT90,UT,0.44904159725361587,120.0,60.0,1.5,3.3545879587081657,0.7722275657596628
INSP_000677,String_B,String_B_178,2024-04-12,91532.01879589542,0.09617752289424762,1.7259213048309705,CT90,UT,0.0,120.0,60.0,1.5,1.7452889663859936,0.8008653698712175
INSP_000678,String_B,String_B_179,2024-04-04,91532.01879589542,0.0940676344881023,1.7259213048309705,CT90,MFL,0.0,120.0,60.0,1.5,2.555970732033671,0.8939663319429422
INSP_000679,String_B,String_B_180,2024-05-11,91532.01879589542,0.09568971034445094,1.7259213048309705,CT90,EMAT,0.1396495715590927,120.0,60.0,1.5,0.588627612023834,0.8805983020466959
INSP_000680,String_B,String_B_181,2024-03-13,91532.01879589542,0.09598886586758082,1.7259213048309705,CT90,EMAT,0.0,120.0,60.0,1.5,2.832082265428545,0.7642679152540988
INSP_000681,String_B,String_B_182,2024-04-10,91532.01879589542,0.0953634272143098,1.7259213048309705,CT90,UT,0.0,120.0,60.0,1.5,3.293975821277719,0.8651248435802323
INSP_000682,String_B,String_B_183,2024-02-04,91532.01879589542,0.09489198951649061,1.7259213048309705,CT90,UT,0.0,120.0,60.0,1.5,1.717563199865203,0.7718394352694887
INSP_000683,String_B,String_B_184,2024-06-05,91532.01879589542,0.09466499547375962,1.7259213048309705,CT90,UT,0.0,120.0,60.0,1.5,0.7358922074065739,0.8415783269982613
INSP_000684,String_B,String_B_185,2024-03-16,91532.01879589542,0.09442569941286338,1.7259213048309705,CT90,EMAT,0.0,120.0,60.0,1.5,2.6442851835498353,0.7954735281733857
INSP_000685,String_B,String_B_186,2024-02-22,91532.01879589542,0.09663221074814174,1.7259213048309705,CT90,UT,0.0,120.0,60.0,1.5,1.523032639784799,0.9182682271262343
INSP_000686,String_B,String_B_187,2024-02-26,91532.01879589542,0.09625635374959338,1.7259213048309705,CT90,MFL,0.3299006718032926,120.0,60.0,1.5,3.3815637511956815,0.8076591309024019
INSP_000687,String_B,String_B_188,2024-04-03,91532.01879589542,0.09676710226053274,1.7259213048309705,CT90,UT,0.3903500594942162,120.0,60.0,1.5,3.2288593710586997,0.8602213774346381
INSP_000688,String_B,String_B_189,2024-02-27,91532.01879589542,0.09357232944924507,1.7259213048309705,CT90,MFL,0.9610542406270645,120.0,60.0,1.5,0.9819830172074419,0.8310750691382784
INSP_000689,String_B,String_B_190,2024-03-10,91532.01879589542,0.09587729640577385,1.7259213048309705,CT90,MFL,0.0,120.0,60.0,1.5,3.1353986750228535,0.9916591319071653
INSP_000690,String_B,String_B_191,2024-04-15,91532.01879589542,0.09666569373591996,1.7259213048309705,CT90,MFL,0.0,120.0,60.0,1.5,1.9738256478277751,0.7202758091974824
INSP_000691,String_B,String_B_192,2024-02-02,91532.01879589542,0.0937886856514295,1.7259213048309705,CT90,MFL,0.0,120.0,60.0,1.5,4.74208043253656,0.9282107069473073
INSP_000692,String_B,String_B_193,2024-01-01,91532.01879589542,0.09335268581599375,1.7259213048309705,CT90,UT,0.0,120.0,60.0,1.5,2.079219258594748,0.8608904606857336
INSP_000693,String_B,String_B_194,2024-05-15,91532.01879589542,0.09591625846730223,1.7259213048309705,CT90,MFL,0.0,120.0,60.0,1.5,2.782315137598681,0.8381240169761408
INSP_000694,String_B,String_B_195,2024-03-27,91532.01879589542,0.09528299783008366,1.7259213048309705,CT90,MFL,0.18059931665084572,120.0,60.0,1.5,4.273082858207863,0.9749431922575094
INSP_000695,String_B,String_B_196,2024-04-15,91532.01879589542,0.09629894935168144,1.7259213048309705,CT90,MFL,0.0,120.0,60.0,1.5,2.0040382997910515,0.9328829577581695
INSP_000696,String_B,String_B_197,2024-05-07,91532.01879589542,0.0936311350311799,1.7259213048309705,CT90,MFL,0.0,120.0,60.0,1.5,2.079389454698938,0.8835775019573106
INSP_000697,String_B,String_B_198,2024-02-13,91532.01879589542,0.0961220157850676,1.7259213048309705,CT90,MFL,1.9992347319849808,120.0,60.0,1.5,1.1218093068418125,0.8687710412312515
INSP_000698,String_B,String_B_199,2024-02-22,91532.01879589542,0.09386618381618143,1.7259213048309705,CT90,UT,0.0,120.0,60.0,1.5,2.279673709604658,0.7005790008765209
INSP_000699,String_B,String_B_200,2024-03-20,91532.01879589542,0.09372189258288967,1.7259213048309705,CT90,MFL,0.0,120.0,60.0,1.5,1.3965652976580514,0.7568815554228541
INSP_000700,String_B,String_B_201,2024-03-04,91532.01879589542,0.09372421003213777,1.7259213048309705,CT90,MFL,0.0,120.0,60.0,1.5,2.1119642551441724,0.990839258730168
INSP_000701,String_B,String_B_202,2024-01-31,91532.01879589542,0.09619538393687925,1.7259213048309705,CT90,EMAT,0.10448160063574477,120.0,60.0,1.5,3.03959602465258,0.9907950772725579
INSP_000702,String_B,String_B_203,2024-03-21,91532.01879589542,0.09562774943864556,1.7259213048309705,CT90,MFL,1.6401989762300246,120.0,60.0,1.5,2.1625705994555275,0.8030773904530254
INSP_000703,String_B,String_B_204,2024-05-17,91532.01879589542,0.09508764861412265,1.7259213048309705,CT90,MFL,0.0,120.0,60.0,1.5,1.5699700948831974,0.8937192547170327
INSP_000704,String_B,String_B_205,2024-05-07,91532.01879589542,0.09446355583966931,1.7259213048309705,CT90,MFL,0.0,120.0,60.0,1.5,3.310114414364817,0.9528697118407051
INSP_000705,String_B,String_B_206,2024-05-26,91532.01879589542,0.09643336205508982,1.7259213048309705,CT90,MFL,0.16257918756220244,120.0,60.0,1.5,0.43222380013298684,0.7833821612611634
INSP_000706,String_B,String_B_207,2024-04-30,91532.01879589542,0.09459129140820602,1.7259213048309705,CT90,MFL,0.0,120.0,60.0,1.5,2.395655567013804,0.7020253475646578
INSP_000707,String_B,String_B_208,2024-02-05,91532.01879589542,0.096203077869992,1.7259213048309705,CT90,UT,1.7220133354226,120.0,60.0,1.5,2.971221730976829,0.8116720409338949
INSP_000708,String_B,String_B_209,2024-03-05,91532.01879589542,0.09476871265256682,1.7259213048309705,CT90,MFL,0.0,120.0,60.0,1.5,2.5796589543724746,0.8681231484510911
INSP_000709,String_B,String_B_210,2024-02-19,91532.01879589542,0.09453238883181465,1.7259213048309705,CT90,MFL,0.0,120.0,60.0,1.5,2.915085579064016,0.9256196436475828
INSP_000710,String_B,String_B_211,2024-06-22,91532.01879589542,0.09485818318554451,1.7259213048309705,CT90,MFL,0.30216633148485,120.0,60.0,1.5,2.4389636859137904,0.9578576567940389
INSP_000711,String_B,String_B_212,2024-03-06,91532.01879589542,0.09424523592182374,1.7259213048309705,CT90,EMAT,0.0,120.0,60.0,1.5,2.066889095278512,0.763541490461952
INSP_000712,String_B,String_B_213,2024-06-23,91532.01879589542,0.09594091564466975,1.7259213048309705,CT90,UT,0.0,120.0,60.0,1.5,3.0818027587681107,0.860886274601895
INSP_000713,String_B,String_B_214,2024-02-13,91532.01879589542,0.09501033748235142,1.7259213048309705,CT90,UT,0.0,120.0,60.0,1.5,1.3965445213968073,0.9847224078815839
INSP_000714,String_B,String_B_215,2024-06-02,91532.01879589542,0.0939824082415579,1.7259213048309705,CT90,MFL,0.0,120.0,60.0,1.5,1.8853803519666528,0.9216017190588446
INSP_000715,String_B,String_B_216,2024-04-17,91532.01879589542,0.09651838337844336,1.7259213048309705,CT90,EMAT,1.0152310447023096,120.0,60.0,1.5,3.4169333479176967,0.7242390781620995
INSP_000716,String_B,String_B_217,2024-01-08,91532.01879589542,0.09455878664121821,1.7259213048309705,CT90,MFL,0.0,120.0,60.0,1.5,2.9872715001651855,0.9544755524809736
INSP_000717,String_B,String_B_218,2024-05-07,91532.01879589542,0.09516550087223316,1.7259213048309705,CT90,EMAT,0.0,120.0,60.0,1.5,1.3979264998398317,0.9892730475726919
INSP_000718,String_B,String_B_219,2024-05-25,91532.01879589542,0.09654459402166528,1.7259213048309705,CT90,EMAT,0.0,120.0,60.0,1.5,1.9538640585427236,0.8892697271310859
INSP_000719,String_B,String_B_220,2024-04-22,91532.01879589542,0.09547210438447316,1.7259213048309705,CT90,MFL,1.380982341716751,120.0,60.0,1.5,2.9297238946322586,0.8091744208450189
INSP_000720,String_B,String_B_221,2024-06-02,91532.01879589542,0.09354421255469178,1.7259213048309705,CT90,UT,0.0,120.0,60.0,1.5,3.670720067286821,0.9722058306671888
INSP_000721,String_B,String_B_222,2024-01-03,91532.01879589542,0.0966713620697312,1.7259213048309705,CT90,MFL,1.4251787582529838,120.0,60.0,1.5,1.4454840545639955,0.8747352150431027
INSP_000722,String_B,String_B_223,2024-04-21,91532.01879589542,0.0954852906016714,1.7259213048309705,CT90,UT,0.0,120.0,60.0,1.5,0.9036201872260361,0.9488059383786158
INSP_000723,String_B,String_B_224,2024-02-26,91532.01879589542,0.09437264133569692,1.7259213048309705,CT90,EMAT,0.0,120.0,60.0,1.5,1.8458935979864848,0.9360267641755239
INSP_000724,String_B,String_B_225,2024-05-13,91532.01879589542,0.09362923387612088,1.7259213048309705,CT90,MFL,0.07418374386420691,120.0,60.0,1.5,2.7424408889308634,0.81584049964079
INSP_000725,String_B,String_B_226,2024-04-23,91532.01879589542,0.09611729571922713,1.7259213048309705,CT90,MFL,1.444059194787551,120.0,60.0,1.5,6.3847528604216,0.8678662240974259
INSP_000726,String_B,String_B_227,2024-06-04,91532.01879589542,0.09545627647252836,1.7259213048309705,CT90,EMAT,0.0,120.0,60.0,1.5,2.2309395840510544,0.7029473343154843
INSP_000727,String_B,String_B_228,2024-05-23,91532.01879589542,0.09512715214951002,1.7259213048309705,CT90,MFL,0.0,120.0,60.0,1.5,1.9655710761783967,0.9275691365425665
INSP_000728,String_B,String_B_229,2024-03-18,91532.01879589542,0.09649679181559365,1.7259213048309705,CT90,UT,0.0,120.0,60.0,1.5,2.038143260537456,0.7400189711710597
INSP_000729,String_B,String_B_230,2024-05-01,91532.01879589542,0.09609666940265321,1.7259213048309705,CT90,MFL,0.8336024040639793,120.0,60.0,1.5,1.4042405877499033,0.732827073200081
INSP_000730,String_B,String_B_231,2024-05-18,91532.01879589542,0.09367636454298446,1.7259213048309705,CT90,UT,0.0,120.0,60.0,1.5,3.2133410375882465,0.7994082095062348
INSP_000731,String_B,String_B_232,2024-03-18,91532.01879589542,0.09428454385762308,1.7259213048309705,CT90,MFL,0.0,120.0,60.0,1.5,4.388701930842958,0.7611450548610382
INSP_000732,String_B,String_B_233,2024-04-24,91532.01879589542,0.09404425873129497,1.7259213048309705,CT90,EMAT,0.2649304517240395,120.0,60.0,1.5,2.9999985446544937,0.7421383268170547
INSP_000733,String_B,String_B_234,2024-05-13,91532.01879589542,0.09592699591177617,1.7259213048309705,CT90,MFL,0.19587762716093313,120.0,60.0,1.5,4.206613502251268,0.9491401079212967
INSP_000734,String_B,String_B_235,2024-03-05,91532.01879589542,0.09322742325199597,1.7259213048309705,CT90,UT,1.4602742941338522,120.0,60.0,1.5,1.8352116329541879,0.9239262248808491
INSP_000735,String_B,String_B_236,2024-02-18,91532.01879589542,0.095265580802511,1.7259213048309705,CT90,UT,0.0,120.0,60.0,1.5,2.0336454445465364,0.8407220265465076
INSP_000736,String_B,String_B_237,2024-03-19,91532.01879589542,0.09599734300581463,1.7259213048309705,CT90,UT,0.7346494288262632,120.0,60.0,1.5,4.514476553126664,0.7401055305968299
INSP_000737,String_B,String_B_238,2024-05-15,91532.01879589542,0.09643170941969464,1.7259213048309705,CT90,EMAT,0.0,120.0,60.0,1.5,1.2415842525144485,0.7636092757940619
INSP_000738,String_B,String_B_239,2024-03-02,91532.01879589542,0.09439991064512045,1.7259213048309705,CT90,MFL,3.6350254912768296,120.0,60.0,1.5,1.2290970094381626,0.8037910315980568
INSP_000739,String_B,String_B_240,2024-06-09,91532.01879589542,0.09622077775775364,1.7259213048309705,CT90,UT,0.0,120.0,60.0,1.5,3.891669093941427,0.9997341284099923
INSP_000740,String_B,String_B_241,2024-01-05,91532.01879589542,0.09352040060042979,1.7259213048309705,CT90,MFL,0.0,120.0,60.0,1.5,2.0620412819418195,0.8474244760957632
INSP_000741,String_B,String_B_242,2024-06-08,91532.01879589542,0.09631651870859116,1.7259213048309705,CT90,EMAT,0.0,120.0,60.0,1.5,2.29480598195687,0.8180095222569552
INSP_000742,String_B,String_B_243,2024-03-26,91532.01879589542,0.09358445691686153,1.7259213048309705,CT90,MFL,0.0,120.0,60.0,1.5,3.212267647865071,0.7128825851784103
INSP_000743,String_B,String_B_244,2024-03-30,91532.01879589542,0.09460969170412939,1.7259213048309705,CT90,EMAT,0.0,120.0,60.0,1.5,1.585515418146469,0.7523873712251218
INSP_000744,String_B,String_B_245,2024-04-18,91532.01879589542,0.09612972238996231,1.7259213048309705,CT90,MFL,0.0,120.0,60.0,1.5,0.0,0.8050741007595601
INSP_000745,String_B,String_B_246,2024-02-26,91532.01879589542,0.09366968622392534,1.7259213048309705,CT90,MFL,0.0,120.0,60.0,1.5,0.0,0.7276211002143935
INSP_000746,String_B,String_B_247,2024-03-06,91532.01879589542,0.09397115530188403,1.7259213048309705,CT90,MFL,0.0,120.0,60.0,1.5,0.0,0.7945739752513793
INSP_000747,String_B,String_B_248,2024-02-01,91532.01879589542,0.09584455975989366,1.7259213048309705,CT90,EMAT,0.0,120.0,60.0,1.5,0.0,0.739793843073703
INSP_000748,String_B,String_B_249,2024-03-10,91532.01879589542,0.09583613883887508,1.7259213048309705,CT90,UT,0.3540695794060797,120.0,60.0,1.5,0.0,0.9686623098677742
INSP_000749,String_B,String_B_250,2024-03-03,91532.01879589542,0.09553636100496413,1.7259213048309705,CT90,UT,0.0,120.0,60.0,1.5,0.0,0.7915006404348843
INSP_000750,String_B,String_B_251,2024-03-13,91532.01879589542,0.09573700408897498,1.7259213048309705,CT90,EMAT,0.0,120.0,60.0,1.5,0.0,0.9613389266646988
INSP_000751,String_B,String_B_252,2024-02-04,91532.01879589542,0.09516235288472087,1.7259213048309705,CT90,EMAT,0.0,120.0,60.0,1.5,0.0,0.848892372401001
INSP_000752,String_B,String_B_253,2024-02-09,91532.01879589542,0.09405683642384642,1.7259213048309705,CT90,UT,0.0,120.0,60.0,1.5,0.0,0.9769797081806209
INSP_000753,String_B,String_B_254,2024-06-11,91532.01879589542,0.09441364477531489,1.7259213048309705,CT90,UT,0.3698810537086993,120.0,60.0,1.5,0.0,0.7530413137833278
INSP_000754,String_B,String_B_255,2024-04-16,91532.01879589542,0.09379007132384543,1.7259213048309705,CT90,MFL,0.05541222524676855,120.0,60.0,1.5,0.0,0.9489078813355654
INSP_000755,String_B,String_B_256,2024-01-23,91532.01879589542,0.09655211213306779,1.7259213048309705,CT90,MFL,0.0,120.0,60.0,1.5,0.0,0.9595033472669653
INSP_000756,String_B,String_B_257,2024-03-20,91532.01879589542,0.09531688882011126,1.7259213048309705,CT90,EMAT,0.0,120.0,60.0,1.5,0.0,0.7027693304265886
INSP_000757,String_B,String_B_258,2024-02-19,91532.01879589542,0.09462323538370183,1.7259213048309705,CT90,MFL,0.7138759967736622,120.0,60.0,1.5,0.0,0.941995668719638
INSP_000758,String_B,String_B_259,2024-05-05,91532.01879589542,0.0948556220538477,1.7259213048309705,CT90,MFL,0.0,120.0,60.0,1.5,0.0,0.8674712488187719
INSP_000759,String_B,String_B_260,2024-04-06,91532.01879589542,0.0966996766905249,1.7259213048309705,CT90,MFL,0.0,120.0,60.0,1.5,0.0,0.7907423781241371
INSP_000760,String_B,String_B_261,2024-04-27,91532.01879589542,0.09368273533184111,1.7259213048309705,CT90,UT,0.0,120.0,60.0,1.5,0.0,0.7133681375062751
INSP_000761,String_B,String_B_262,2024-02-19,91532.01879589542,0.09532767336166384,1.7259213048309705,CT90,UT,0.0,120.0,60.0,1.5,0.0,0.8977479928947517
INSP_000762,String_B,String_B_263,2024-01-27,91532.01879589542,0.09502237697976096,1.7259213048309705,CT90,MFL,0.0,120.0,60.0,1.5,0.0,0.866088988750189
INSP_000763,String_B,String_B_264,2024-05-29,91532.01879589542,0.09542352609465167,1.7259213048309705,CT90,UT,0.0,120.0,60.0,1.5,0.0,0.8718833785835969
INSP_000764,String_B,String_B_265,2024-06-23,91532.01879589542,0.0931688186985192,1.7259213048309705,CT90,MFL,0.0,120.0,60.0,1.5,0.0,0.8284163597607458
INSP_000765,String_B,String_B_266,2024-04-23,91532.01879589542,0.09641407085398777,1.7259213048309705,CT90,MFL,0.0,120.0,60.0,1.5,0.0,0.7676842217136516
INSP_000766,String_B,String_B_267,2024-06-23,91532.01879589542,0.09664204947343773,1.7259213048309705,CT90,MFL,0.0,120.0,60.0,1.5,0.0,0.8022407879746406
INSP_000767,String_B,String_B_268,2024-05-31,91532.01879589542,0.095247506097639,1.7259213048309705,CT90,MFL,0.0,120.0,60.0,1.5,0.0,0.86220481066938
INSP_000768,String_B,String_B_269,2024-04-23,91532.01879589542,0.0957472731307322,1.7259213048309705,CT90,MFL,0.0,120.0,60.0,1.5,0.0,0.8237127596950571
INSP_000769,String_B,String_B_270,2024-02-07,91532.01879589542,0.09660549764847372,1.7259213048309705,CT90,EMAT,0.0,120.0,60.0,1.5,0.0,0.8957490223168736
INSP_000770,String_B,String_B_271,2024-04-24,91532.01879589542,0.09578750681039092,1.7259213048309705,CT90,UT,0.17230523796957917,120.0,60.0,1.5,0.0,0.9023652803649423
INSP_000771,String_B,String_B_272,2024-03-29,91532.01879589542,0.0936796483630742,1.7259213048309705,CT90,MFL,0.0,120.0,60.0,1.5,0.0,0.9111371188724512
INSP_000772,String_B,String_B_273,2024-02-26,91532.01879589542,0.09528989576863389,1.7259213048309705,CT90,EMAT,0.0,120.0,60.0,1.5,0.0,0.7205898855437392
INSP_000773,String_B,String_B_274,2024-04-10,91532.01879589542,0.09540551717625485,1.7259213048309705,CT90,MFL,0.0,120.0,60.0,1.5,0.0,0.9630960604940584
INSP_000774,String_B,String_B_275,2024-04-18,91532.01879589542,0.09471169655094906,1.7259213048309705,CT90,EMAT,0.15631065291817656,120.0,60.0,1.5,0.0,0.9280405017000658
INSP_000775,String_B,String_B_276,2024-03-22,91532.01879589542,0.09589848809537395,1.7259213048309705,CT90,MFL,0.0,120.0,60.0,1.5,0.0,0.9395485816789457
INSP_000776,String_B,String_B_277,2024-04-16,91532.01879589542,0.09665059465612226,1.7259213048309705,CT90,EMAT,0.0,120.0,60.0,1.5,0.0,0.9380798822513017
INSP_000777,String_B,String_B_278,2024-05-26,91532.01879589542,0.09661716034904576,1.7259213048309705,CT90,MFL,0.0,120.0,60.0,1.5,0.0,0.7008988671206411
INSP_000778,String_B,String_B_279,2024-05-05,91532.01879589542,0.0948131896113357,1.7259213048309705,CT90,UT,0.0,120.0,60.0,1.5,0.0,0.9756029794526576
INSP_000779,String_B,String_B_280,2024-05-21,91532.01879589542,0.09353030457419487,1.7259213048309705,CT90,MFL,0.9368600386812111,120.0,60.0,1.5,0.0,0.7714119710232412
INSP_000780,String_B,String_B_281,2024-04-07,91532.01879589542,0.09684239655605686,1.7259213048309705,CT90,UT,0.0,120.0,60.0,1.5,0.0,0.9722070986027214
INSP_000781,String_B,String_B_282,2024-05-24,91532.01879589542,0.09628781272849454,1.7259213048309705,CT90,UT,0.12121163037844984,120.0,60.0,1.5,0.0,0.9831701336418827
INSP_000782,String_B,String_B_283,2024-06-27,91532.01879589542,0.09357371818857241,1.7259213048309705,CT90,EMAT,1.7667350430686195,120.0,60.0,1.5,0.0,0.7959689903503081
INSP_000783,String_B,String_B_284,2024-05-21,91532.01879589542,0.09659919915394602,1.7259213048309705,CT90,MFL,0.0,120.0,60.0,1.5,0.0,0.9548641216214856
INSP_000784,String_B,String_B_285,2024-06-23,91532.01879589542,0.09640560617583609,1.7259213048309705,CT90,MFL,0.0,120.0,60.0,1.5,0.0,0.913400344764244
INSP_000785,String_B,String_B_286,2024-02-10,91532.01879589542,0.09507158461707907,1.7259213048309705,CT90,MFL,0.7789769412490801,120.0,60.0,1.5,0.0,0.9891250922270021
INSP_000786,String_B,String_B_287,2024-06-09,91532.01879589542,0.09534684665583074,1.7259213048309705,CT90,UT,2.2227666402916344,120.0,60.0,1.5,0.0,0.9220172975660093
INSP_000787,String_B,String_B_288,2024-03-23,91532.01879589542,0.0946162102747065,1.7259213048309705,CT90,MFL,0.0,120.0,60.0,1.5,0.0,0.8085719773577895
INSP_000788,String_B,String_B_289,2024-01-11,91532.01879589542,0.09330809422752372,1.7259213048309705,CT90,UT,0.9658459519505384,120.0,60.0,1.5,0.0,0.7846452132440751
INSP_000789,String_B,String_B_290,2024-02-01,91532.01879589542,0.09437374951825442,1.7259213048309705,CT90,UT,0.0,120.0,60.0,1.5,0.0,0.7333567587935867
INSP_000790,String_B,String_B_291,2024-04-03,91532.01879589542,0.09615084310467245,1.7259213048309705,CT90,MFL,0.0,120.0,60.0,1.5,0.0,0.814768188179243
INSP_000791,String_B,String_B_292,2024-05-28,91532.01879589542,0.09311760168741749,1.7259213048309705,CT90,MFL,0.0,120.0,60.0,1.5,0.0,0.8139533526847611
INSP_000792,String_B,String_B_293,2024-06-26,91532.01879589542,0.09436729685242636,1.7259213048309705,CT90,EMAT,1.287338658472883,120.0,60.0,1.5,0.0,0.7808915307539708
INSP_000793,String_B,String_B_294,2024-05-30,91532.01879589542,0.09461304103564559,1.7259213048309705,CT90,MFL,0.0,120.0,60.0,1.5,0.0,0.8610739304801377
INSP_000794,String_B,String_B_295,2024-01-02,91532.01879589542,0.09514210329116411,1.7259213048309705,CT90,EMAT,0.0,120.0,60.0,1.5,0.0,0.8338390643313603
INSP_000795,String_B,String_B_296,2024-06-25,91532.01879589542,0.0965954513423685,1.7259213048309705,CT90,EMAT,0.10696420763018925,120.0,60.0,1.5,0.0,0.9338512013863272
INSP_000796,String_B,String_B_297,2024-04-08,91532.01879589542,0.09441611477859066,1.7259213048309705,CT90,MFL,1.5349625300709167,120.0,60.0,1.5,0.0,0.7785026563785221
INSP_000797,String_B,String_B_298,2024-03-02,91532.01879589542,0.09441842216720567,1.7259213048309705,CT90,EMAT,0.0,120.0,60.0,1.5,0.0,0.71243829593793
INSP_000798,String_B,String_B_299,2024-01-21,91532.01879589542,0.09590250474281706,1.7259213048309705,CT90,MFL,0.7968065152023387,120.0,60.0,1.5,0.0,0.9096784072017495
INSP_000799,String_B,String_B_300,2024-01-02,91532.01879589542,0.09481842817538126,1.7259213048309705,CT90,EMAT,0.008086194349083479,120.0,60.0,1.5,0.0,0.9019119251887572
INSP_000800,String_B,String_B_301,2024-03-02,91532.01879589542,0.09395349832717194,1.7259213048309705,CT90,MFL,0.0,120.0,60.0,1.5,0.0,0.7091680796293044
INSP_000801,String_B,String_B_302,2024-01-24,91532.01879589542,0.09481927016130423,1.7259213048309705,CT90,MFL,0.0,120.0,60.0,1.5,0.0,0.9171666796089082
INSP_000802,String_B,String_B_303,2024-01-07,91532.01879589542,0.09363525667744324,1.7259213048309705,CT90,EMAT,0.0,120.0,60.0,1.5,0.0,0.786097841226135
INSP_000803,String_B,String_B_304,2024-02-15,91532.01879589542,0.09377027054872365,1.7259213048309705,CT90,MFL,0.0,120.0,60.0,1.5,0.0,0.7459046848537934
INSP_000804,String_B,String_B_305,2024-02-28,91532.01879589542,0.09499379753641002,1.7259213048309705,CT90,MFL,0.0,120.0,60.0,1.5,0.0,0.7105341675701023
INSP_000805,String_B,String_B_306,2024-05-23,91532.01879589542,0.09469191670811729,1.7259213048309705,CT90,UT,3.3676083911775687,120.0,60.0,1.5,0.0,0.9141003459889329
INSP_000806,String_B,String_B_307,2024-01-28,91532.01879589542,0.09657641442405879,1.7259213048309705,CT90,EMAT,1.0859448114376458,120.0,60.0,1.5,0.0,0.7359875618662163
INSP_000807,String_B,String_B_308,2024-03-24,91532.01879589542,0.09447709681664321,1.7259213048309705,CT90,UT,0.0,120.0,60.0,1.5,0.0,0.9226849247603681
INSP_000808,String_B,String_B_309,2024-04-25,91532.01879589542,0.09530623573105657,1.7259213048309705,CT90,UT,0.0,120.0,60.0,1.5,0.0,0.8151707689183887
INSP_000809,String_B,String_B_310,2024-06-04,91532.01879589542,0.09550260429409423,1.7259213048309705,CT90,MFL,0.0,120.0,60.0,1.5,0.0,0.9240604819694557
INSP_000810,String_B,String_B_311,2024-02-15,91532.01879589542,0.09314975893503567,1.7259213048309705,CT90,MFL,0.0,120.0,60.0,1.5,0.0,0.7429372474139416
INSP_000811,String_B,String_B_312,2024-03-15,91532.01879589542,0.09562144201366349,1.7259213048309705,CT90,MFL,0.14500849556814527,120.0,60.0,1.5,0.0,0.9366174689715856
INSP_000812,String_B,String_B_313,2024-03-01,91532.01879589542,0.09377653667410506,1.7259213048309705,CT90,UT,0.0,120.0,60.0,1.5,0.0,0.8564089406813439
INSP_000813,String_B,String_B_314,2024-05-03,91532.01879589542,0.09675206720638392,1.7259213048309705,CT90,UT,0.0,120.0,60.0,1.5,0.0,0.8198018343030122
INSP_000814,String_B,String_B_315,2024-02-01,91532.01879589542,0.09366491836546183,1.7259213048309705,CT90,MFL,0.26431994456245034,120.0,60.0,1.5,0.0,0.7943592121469221
INSP_000815,String_B,String_B_316,2024-05-30,91532.01879589542,0.09467557167016269,1.7259213048309705,CT90,UT,0.0,120.0,60.0,1.5,0.0,0.7073582810963728
INSP_000816,String_B,String_B_317,2024-05-23,91532.01879589542,0.09342432873869884,1.7259213048309705,CT90,EMAT,0.0,120.0,60.0,1.5,0.0,0.8883518704869702
INSP_000817,String_B,String_B_318,2024-04-13,91532.01879589542,0.0968881221570146,1.7259213048309705,CT90,MFL,0.0,120.0,60.0,1.5,0.0,0.8207426045633659
INSP_000818,String_B,String_B_319,2024-03-13,91532.01879589542,0.09500834103925872,1.7259213048309705,CT90,UT,0.43469781689350273,120.0,60.0,1.5,0.0,0.7229871881587685
INSP_000819,String_B,String_B_320,2024-02-16,91532.01879589542,0.09536246306581617,1.7259213048309705,CT90,MFL,0.02047341426305258,120.0,60.0,1.5,0.0,0.9381857781065078
INSP_000820,String_B,String_B_321,2024-05-02,91532.01879589542,0.09335489061407602,1.7259213048309705,CT90,MFL,0.5380414883660188,120.0,60.0,1.5,0.0,0.9850420708278227
INSP_000821,String_B,String_B_322,2024-01-27,91532.01879589542,0.09594984978751689,1.7259213048309705,CT90,MFL,1.0091645120705932,120.0,60.0,1.5,0.0,0.7646069805229112
INSP_000822,String_B,String_B_323,2024-03-12,91532.01879589542,0.09389764125376322,1.7259213048309705,CT90,MFL,0.7070253621943721,120.0,60.0,1.5,0.0,0.8136270422838425
INSP_000823,String_B,String_B_324,2024-03-20,91532.01879589542,0.09651260629987471,1.7259213048309705,CT90,MFL,0.8654010002805003,120.0,60.0,1.5,0.0,0.9170546613830775
INSP_000824,String_B,String_B_325,2024-02-28,91532.01879589542,0.09387953063383163,1.7259213048309705,CT90,UT,0.0,120.0,60.0,1.5,0.0,0.9516231566017843
INSP_000825,String_B,String_B_326,2024-02-04,91532.01879589542,0.09382461333852193,1.7259213048309705,CT90,EMAT,0.0,120.0,60.0,1.5,0.0,0.7713928553598697
INSP_000826,String_B,String_B_327,2024-06-19,91532.01879589542,0.09323888873782277,1.7259213048309705,CT90,UT,1.2440008787691663,120.0,60.0,1.5,0.0,0.8649483907322791
INSP_000827,String_B,String_B_328,2024-04-25,91532.01879589542,0.094893854391418,1.7259213048309705,CT90,UT,1.0209010630965605,120.0,60.0,1.5,0.0,0.7895556396845282
INSP_000828,String_B,String_B_329,2024-03-24,91532.01879589542,0.09524639630639795,1.7259213048309705,CT90,UT,0.0,120.0,60.0,1.5,0.0,0.9054185142503537
INSP_000829,String_B,String_B_330,2024-01-06,91532.01879589542,0.09334969282982773,1.7259213048309705,CT90,MFL,0.0,120.0,60.0,1.5,0.0,0.8034551956282096
INSP_000830,String_B,String_B_331,2024-06-04,91532.01879589542,0.09604700494344104,1.7259213048309705,CT90,UT,0.0,120.0,60.0,1.5,0.0,0.7855904824447671
INSP_000831,String_B,String_B_332,2024-05-26,91532.01879589542,0.0948224975720425,1.7259213048309705,CT90,UT,0.0,120.0,60.0,1.5,0.0,0.8715368676815314
INSP_000832,String_B,String_B_333,2024-04-26,91532.01879589542,0.0950926830234448,1.7259213048309705,CT90,UT,0.0,120.0,60.0,1.5,0.0,0.8331064695278645
INSP_000833,String_B,String_B_334,2024-01-29,91532.01879589542,0.09477489843836527,1.7259213048309705,CT90,EMAT,0.0,120.0,60.0,1.5,0.0,0.8171274418535663
INSP_000834,String_B,String_B_335,2024-05-25,91532.01879589542,0.09462289963132624,1.7259213048309705,CT90,MFL,0.0,120.0,60.0,1.5,0.0,0.8044911775297454
INSP_000835,String_B,String_B_336,2024-06-13,91532.01879589542,0.09522663325897124,1.7259213048309705,CT90,EMAT,0.08115249610937494,120.0,60.0,1.5,0.0,0.7740052369681935
INSP_000836,String_B,String_B_337,2024-05-17,91532.01879589542,0.09368991293453671,1.7259213048309705,CT90,MFL,0.0,120.0,60.0,1.5,0.0,0.9121331000433667
INSP_000837,String_B,String_B_338,2024-01-08,91532.01879589542,0.09379132689588203,1.7259213048309705,CT90,MFL,0.0,120.0,60.0,1.5,0.0,0.8586054457621712
INSP_000838,String_B,String_B_339,2024-03-14,91532.01879589542,0.09637478535985136,1.7259213048309705,CT90,MFL,0.0,120.0,60.0,1.5,0.0,0.9501010843568736
INSP_000839,String_B,String_B_340,2024-03-05,91532.01879589542,0.0966952387561078,1.7259213048309705,CT90,EMAT,0.0,120.0,60.0,1.5,0.0,0.9518242827457808
INSP_000840,String_B,String_B_341,2024-02-24,91532.01879589542,0.09451857540186306,1.7259213048309705,CT90,UT,0.0,120.0,60.0,1.5,0.0,0.7471220263879831
INSP_000841,String_B,String_B_342,2024-05-19,91532.01879589542,0.09412882975794551,1.7259213048309705,CT90,EMAT,4.224282178328325,120.0,60.0,1.5,0.0,0.8654977708918156
INSP_000842,String_B,String_B_343,2024-02-09,91532.01879589542,0.09554719826430826,1.7259213048309705,CT90,UT,0.291019387604959,120.0,60.0,1.5,0.0,0.9437413480987027
INSP_000843,String_B,String_B_344,2024-01-08,91532.01879589542,0.09465318985017276,1.7259213048309705,CT90,MFL,0.0,120.0,60.0,1.5,0.0,0.8578463190192963
INSP_000844,String_B,String_B_345,2024-01-14,91532.01879589542,0.09319646815150931,1.7259213048309705,CT90,UT,0.23313005336244674,120.0,60.0,1.5,0.0,0.8569082338960654
INSP_000845,String_B,String_B_346,2024-01-04,91532.01879589542,0.09369337986999153,1.7259213048309705,CT90,MFL,0.0,120.0,60.0,1.5,0.0,0.8920204042708022
INSP_000846,String_B,String_B_347,2024-04-13,91532.01879589542,0.09582069446962012,1.7259213048309705,CT90,MFL,0.0,120.0,60.0,1.5,0.0,0.9899990931439036
INSP_000847,String_B,String_B_348,2024-03-15,91532.01879589542,0.09560391097925856,1.7259213048309705,CT90,UT,0.0,120.0,60.0,1.5,0.0,0.8509902798190065
INSP_000848,String_B,String_B_349,2024-03-27,91532.01879589542,0.09320296477151324,1.7259213048309705,CT90,UT,1.0277742496173767,120.0,60.0,1.5,0.0,0.8426223960293169
INSP_000849,String_B,String_B_350,2024-06-20,91532.01879589542,0.0939434942153452,1.7259213048309705,CT90,EMAT,0.0,120.0,60.0,1.5,0.0,0.8361359064985645
INSP_000850,String_B,String_B_351,2024-02-17,91532.01879589542,0.09397808422703467,1.7259213048309705,CT90,UT,0.0,120.0,60.0,1.5,0.0,0.9711231771673027
INSP_000851,String_B,String_B_352,2024-01-11,91532.01879589542,0.09565319242567517,1.7259213048309705,CT90,UT,0.0,120.0,60.0,1.5,0.0,0.9141493694567016
INSP_000852,String_B,String_B_353,2024-06-24,91532.01879589542,0.09317490004346658,1.7259213048309705,CT90,EMAT,0.0,120.0,60.0,1.5,0.0,0.7125348925376459
INSP_000853,String_B,String_B_354,2024-06-03,91532.01879589542,0.09349561261154138,1.7259213048309705,CT90,EMAT,0.0,120.0,60.0,1.5,0.0,0.7759819288676577
INSP_000854,String_B,String_B_355,2024-03-02,91532.01879589542,0.09613968112441813,1.7259213048309705,CT90,UT,0.0,120.0,60.0,1.5,0.0,0.7063881153963654
INSP_000855,String_B,String_B_356,2024-01-11,91532.01879589542,0.09377846971580647,1.7259213048309705,CT90,UT,0.0,120.0,60.0,1.5,0.0,0.9469951476683216
INSP_000856,String_B,String_B_357,2024-04-26,91532.01879589542,0.09558043520983713,1.7259213048309705,CT90,EMAT,0.0,120.0,60.0,1.5,0.0,0.865814697484143
INSP_000857,String_B,String_B_358,2024-01-02,91532.01879589542,0.09400509456797757,1.7259213048309705,CT90,MFL,0.7353591207589147,120.0,60.0,1.5,0.0,0.9898685725432637
INSP_000858,String_B,String_B_359,2024-04-03,91532.01879589542,0.09347787729248551,1.7259213048309705,CT90,MFL,0.0,120.0,60.0,1.5,0.0,0.9379630424268236
INSP_000859,String_B,String_B_360,2024-03-10,91532.01879589542,0.09402405432579793,1.7259213048309705,CT90,MFL,0.0,120.0,60.0,1.5,0.0,0.9403440313848613
INSP_000860,String_B,String_B_361,2024-02-03,91532.01879589542,0.0958446143410515,1.7259213048309705,CT90,UT,0.0,120.0,60.0,1.5,0.0,0.9413281027369393
INSP_000861,String_B,String_B_362,2024-02-02,91532.01879589542,0.09635164657880389,1.7259213048309705,CT90,UT,0.6121968289352929,120.0,60.0,1.5,0.0,0.9606679397149445
INSP_000862,String_B,String_B_363,2024-05-08,91532.01879589542,0.09625483548535457,1.7259213048309705,CT90,MFL,0.0,120.0,60.0,1.5,0.0,0.7261485910247913
INSP_000863,String_B,String_B_364,2024-06-28,91532.01879589542,0.09460929741255013,1.7259213048309705,CT90,EMAT,0.0,120.0,60.0,1.5,0.0,0.9141562756806585
INSP_000864,String_B,String_B_365,2024-04-01,91532.01879589542,0.09563872351896845,1.7259213048309705,CT90,MFL,0.0,120.0,60.0,1.5,0.0,0.8179870422848903
INSP_000865,String_B,String_B_366,2024-06-22,91532.01879589542,0.09387894032258012,1.7259213048309705,CT90,MFL,0.0,120.0,60.0,1.5,0.0,0.9817162023087348
INSP_000866,String_B,String_B_367,2024-04-10,91532.01879589542,0.09421396137499186,1.7259213048309705,CT90,MFL,0.0,120.0,60.0,1.5,0.0,0.7410973939591755
INSP_000867,String_B,String_B_368,2024-01-21,91532.01879589542,0.09650607611038026,1.7259213048309705,CT90,MFL,0.0,120.0,60.0,1.5,0.0,0.8944265537058276
INSP_000868,String_B,String_B_369,2024-05-04,91532.01879589542,0.09314940730934079,1.7259213048309705,CT90,EMAT,0.26322062799562057,120.0,60.0,1.5,0.0,0.9964560211737208
INSP_000869,String_B,String_B_370,2024-06-13,91532.01879589542,0.09342493241724699,1.7259213048309705,CT90,MFL,0.0,120.0,60.0,1.5,0.0,0.7235493231542989
INSP_000870,String_B,String_B_371,2024-03-25,91532.01879589542,0.09388996776955491,1.7259213048309705,CT90,MFL,0.0,120.0,60.0,1.5,0.0,0.9739510641710138
INSP_000871,String_B,String_B_372,2024-05-19,91532.01879589542,0.09320082237472051,1.7259213048309705,CT90,UT,0.0,120.0,60.0,1.5,0.0,0.7478388623844945
INSP_000872,String_B,String_B_373,2024-03-05,91532.01879589542,0.09378945465334122,1.7259213048309705,CT90,MFL,0.0,120.0,60.0,1.5,0.0,0.9164024117488869
INSP_000873,String_B,String_B_374,2024-01-18,91532.01879589542,0.09531555793168484,1.7259213048309705,CT90,UT,0.0,120.0,60.0,1.5,0.0,0.9654987308509682
INSP_000874,String_B,String_B_375,2024-03-22,91532.01879589542,0.09470141329225149,1.7259213048309705,CT90,MFL,0.0,120.0,60.0,1.5,0.0,0.9933351840403546
INSP_000875,String_B,String_B_376,2024-03-17,91532.01879589542,0.0964921525020925,1.7259213048309705,CT90,MFL,5.393720130865585,120.0,60.0,1.5,0.0,0.9664508165542272
INSP_000876,String_B,String_B_377,2024-01-11,91532.01879589542,0.09620628553460607,1.7259213048309705,CT90,MFL,0.0,120.0,60.0,1.5,0.0,0.7523004785879696
INSP_000877,String_B,String_B_378,2024-03-19,91532.01879589542,0.09439890593645194,1.7259213048309705,CT90,MFL,1.3383469419394924,120.0,60.0,1.5,0.0,0.8956099516429981
INSP_000878,String_B,String_B_379,2024-04-06,91532.01879589542,0.09408580904703892,1.7259213048309705,CT90,MFL,0.0,120.0,60.0,1.5,0.0,0.8544834479954265
INSP_000879,String_B,String_B_380,2024-04-30,91532.01879589542,0.09454283115103562,1.7259213048309705,CT90,UT,0.0,120.0,60.0,1.5,0.0,0.8790983564462106
INSP_000880,String_B,String_B_381,2024-01-21,91532.01879589542,0.09534312078155627,1.7259213048309705,CT90,EMAT,0.0,120.0,60.0,1.5,0.0,0.8066654969546148
INSP_000881,String_B,String_B_382,2024-05-07,91532.01879589542,0.09411864183512693,1.7259213048309705,CT90,MFL,0.0,120.0,60.0,1.5,0.0,0.7900338866244299
INSP_000882,String_B,String_B_383,2024-01-23,91532.01879589542,0.09547176584982672,1.7259213048309705,CT90,EMAT,0.3930241554948633,120.0,60.0,1.5,0.0,0.8346234830114736
INSP_000883,String_B,String_B_384,2024-04-19,91532.01879589542,0.09465576427832671,1.7259213048309705,CT90,EMAT,0.0209133692744575,120.0,60.0,1.5,0.0,0.9147283459370055
INSP_000884,String_B,String_B_385,2024-03-16,91532.01879589542,0.09519777928723754,1.7259213048309705,CT90,UT,0.0,120.0,60.0,1.5,0.0,0.8365047740207139
INSP_000885,String_B,String_B_386,2024-06-19,91532.01879589542,0.0947572808107142,1.7259213048309705,CT90,EMAT,2.0440960476692567,120.0,60.0,1.5,0.0,0.7911736158314292
INSP_000886,String_B,String_B_387,2024-06-01,91532.01879589542,0.09421896988625929,1.7259213048309705,CT90,MFL,0.0,120.0,60.0,1.5,0.0,0.8432042392735533
INSP_000887,String_B,String_B_388,2024-02-19,91532.01879589542,0.0967041225664562,1.7259213048309705,CT90,UT,0.0,120.0,60.0,1.5,0.0,0.7755455530162374
INSP_000888,String_B,String_B_389,2024-04-14,91532.01879589542,0.09600170201780708,1.7259213048309705,CT90,UT,0.0,120.0,60.0,1.5,0.0,0.9483299617657127
INSP_000889,String_B,String_B_390,2024-06-22,91532.01879589542,0.09363243006791251,1.7259213048309705,CT90,MFL,2.9352536597059893,120.0,60.0,1.5,0.0,0.9165715636901476
INSP_000890,String_B,String_B_391,2024-06-25,91532.01879589542,0.09640017830841206,1.7259213048309705,CT90,UT,0.21956041252487815,120.0,60.0,1.5,0.0,0.8011071015683913
INSP_000891,String_B,String_B_392,2024-04-21,91532.01879589542,0.09495223855334815,1.7259213048309705,CT90,MFL,0.0,120.0,60.0,1.5,0.0,0.9202292067718989
INSP_000892,String_B,String_B_393,2024-04-08,91532.01879589542,0.09649929846219754,1.7259213048309705,CT90,EMAT,0.006918557026711813,120.0,60.0,1.5,0.0,0.7085627755241934
INSP_000893,String_B,String_B_394,2024-06-15,91532.01879589542,0.09613944997259981,1.7259213048309705,CT90,MFL,0.0,120.0,60.0,1.5,0.0,0.8737336463100684
INSP_000894,String_B,String_B_395,2024-04-30,91532.01879589542,0.09471581131698309,1.7259213048309705,CT90,MFL,0.0,120.0,60.0,1.5,0.0,0.9928794414462598
INSP_000895,String_B,String_B_396,2024-06-26,91532.01879589542,0.09318538337161644,1.7259213048309705,CT90,MFL,0.0,120.0,60.0,1.5,0.0,0.988989947064425
INSP_000896,String_B,String_B_397,2024-04-22,91532.01879589542,0.0941209739656628,1.7259213048309705,CT90,UT,0.0,120.0,60.0,1.5,0.0,0.8765098840110623
INSP_000897,String_B,String_B_398,2024-04-17,91532.01879589542,0.0951582100157113,1.7259213048309705,CT90,MFL,0.0,120.0,60.0,1.5,0.0,0.7734135639390003
INSP_000898,String_B,String_B_399,2024-01-14,91532.01879589542,0.09550721723533936,1.7259213048309705,CT90,UT,0.1756686681916993,120.0,60.0,1.5,0.0,0.9379240231812987
INSP_000899,String_B,String_B_400,2024-05-02,91532.01879589542,0.09407997320464617,1.7259213048309705,CT90,UT,0.0,120.0,60.0,1.5,0.0,0.8020410094926308
INSP_000900,String_B,String_B_401,2024-04-22,91532.01879589542,0.09362955308147673,1.7259213048309705,CT90,UT,0.0,120.0,60.0,1.5,0.0,0.7871419831205653
INSP_000901,String_B,String_B_402,2024-04-09,91532.01879589542,0.09627273489983733,1.7259213048309705,CT90,MFL,0.119202085931113,120.0,60.0,1.5,0.0,0.7126753634104019
INSP_000902,String_B,String_B_403,2024-06-15,91532.01879589542,0.0968407282866735,1.7259213048309705,CT90,MFL,0.0,120.0,60.0,1.5,0.0,0.7297184354150384
INSP_000903,String_B,String_B_404,2024-02-02,91532.01879589542,0.0950976226927502,1.7259213048309705,CT90,EMAT,0.0,120.0,60.0,1.5,0.0,0.7475141648186365
INSP_000904,String_B,String_B_405,2024-03-22,91532.01879589542,0.09375238128622355,1.7259213048309705,CT90,UT,0.8246061534428596,120.0,60.0,1.5,0.0,0.956720153140324
INSP_000905,String_B,String_B_406,2024-03-05,91532.01879589542,0.0941347678407736,1.7259213048309705,CT90,UT,0.0,120.0,60.0,1.5,0.0,0.9838861604132407
INSP_000906,String_B,String_B_407,2024-03-23,91532.01879589542,0.09316988457088038,1.7259213048309705,CT90,MFL,0.8698617708562236,120.0,60.0,1.5,0.0,0.7163108771149004
INSP_000907,String_B,String_B_408,2024-05-18,91532.01879589542,0.0965743354649299,1.7259213048309705,CT90,MFL,0.0,120.0,60.0,1.5,0.0,0.859851980820571
INSP_000908,String_B,String_B_409,2024-01-29,91532.01879589542,0.09354745411498254,1.7259213048309705,CT90,EMAT,0.0,120.0,60.0,1.5,0.0,0.7807660740042373
INSP_000909,String_B,String_B_410,2024-03-21,91532.01879589542,0.09529076260695417,1.7259213048309705,CT90,UT,0.0,120.0,60.0,1.5,0.0,0.8225810525420015
INSP_000910,String_B,String_B_411,2024-05-14,91532.01879589542,0.09414140983861138,1.7259213048309705,CT90,MFL,0.0,120.0,60.0,1.5,0.0,0.8531777425845319
INSP_000911,String_B,String_B_412,2024-01-07,91532.01879589542,0.09520587640956,1.7259213048309705,CT90,MFL,0.0,120.0,60.0,1.5,0.0,0.8916295350654455
INSP_000912,String_B,String_B_413,2024-05-18,91532.01879589542,0.09557539747573708,1.7259213048309705,CT90,UT,0.0,120.0,60.0,1.5,0.0,0.9678692191128027
INSP_000913,String_B,String_B_414,2024-02-15,91532.01879589542,0.09625301885408737,1.7259213048309705,CT90,EMAT,0.0,120.0,60.0,1.5,0.0,0.7959403225504187
INSP_000914,String_B,String_B_415,2024-02-15,91532.01879589542,0.0938844008326903,1.7259213048309705,CT90,UT,0.0,120.0,60.0,1.5,0.0,0.7531177542037287
INSP_000915,String_B,String_B_416,2024-05-08,91532.01879589542,0.09314178414890223,1.7259213048309705,CT90,MFL,0.22982043105552058,120.0,60.0,1.5,0.0,0.7551047056970628
INSP_000916,String_B,String_B_417,2024-02-11,91532.01879589542,0.09362016539426148,1.7259213048309705,CT90,UT,0.0,120.0,60.0,1.5,0.0,0.7067667499249382
INSP_000917,String_B,String_B_418,2024-04-11,91532.01879589542,0.0965200708390228,1.7259213048309705,CT90,MFL,0.5110271912041724,120.0,60.0,1.5,0.0,0.9464637133746006
INSP_000918,String_B,String_B_419,2024-02-21,91532.01879589542,0.09642078229473756,1.7259213048309705,CT90,MFL,0.7498038466757342,120.0,60.0,1.5,0.0,0.9610102099480663
INSP_000919,String_B,String_B_420,2024-05-27,91532.01879589542,0.09537016978824717,1.7259213048309705,CT90,UT,0.0,120.0,60.0,1.5,0.0,0.9547252893384394
INSP_000920,String_B,String_B_421,2024-06-12,91532.01879589542,0.09538196406964788,1.7259213048309705,CT90,EMAT,0.0,120.0,60.0,1.5,0.0,0.7647865326079195
INSP_000921,String_B,String_B_422,2024-02-01,91532.01879589542,0.09562713936327577,1.7259213048309705,CT90,MFL,0.0,120.0,60.0,1.5,0.0,0.9208892920390952
INSP_000922,String_B,String_B_423,2024-06-22,91532.01879589542,0.0937664108587691,1.7259213048309705,CT90,UT,2.287165309377735,120.0,60.0,1.5,0.0,0.9897043962625018
INSP_000923,String_B,String_B_424,2024-06-28,91532.01879589542,0.09657476539451484,1.7259213048309705,CT90,MFL,0.0,120.0,60.0,1.5,0.0,0.9592830105961195
INSP_000924,String_B,String_B_425,2024-04-14,91532.01879589542,0.09469132799458987,1.7259213048309705,CT90,UT,0.0,120.0,60.0,1.5,0.0,0.8604716459678746
INSP_000925,String_B,String_B_426,2024-06-24,91532.01879589542,0.09455592640734808,1.7259213048309705,CT90,MFL,0.0,120.0,60.0,1.5,0.0,0.9562682610568205
INSP_000926,String_B,String_B_427,2024-04-17,91532.01879589542,0.09507188728007479,1.7259213048309705,CT90,MFL,0.0,120.0,60.0,1.5,0.0,0.9995859639299662
INSP_000927,String_B,String_B_428,2024-01-01,91532.01879589542,0.09327847067374521,1.7259213048309705,CT90,UT,0.0,120.0,60.0,1.5,0.0,0.8887126935730071
INSP_000928,String_B,String_B_429,2024-04-13,91532.01879589542,0.0937318768012731,1.7259213048309705,CT90,MFL,0.0,120.0,60.0,1.5,0.0,0.8779577217230903
INSP_000929,String_B,String_B_430,2024-03-22,91532.01879589542,0.09590452774242021,1.7259213048309705,CT90,UT,0.0,120.0,60.0,1.5,0.0,0.8234782711299461
INSP_000930,String_B,String_B_431,2024-01-12,91532.01879589542,0.09341463493811548,1.7259213048309705,CT90,UT,1.312100130256744,120.0,60.0,1.5,0.0,0.9828641117989951
INSP_000931,String_B,String_B_432,2024-04-15,91532.01879589542,0.09539197801597227,1.7259213048309705,CT90,MFL,0.5651517890155658,120.0,60.0,1.5,0.0,0.9749645101963728
INSP_000932,String_B,String_B_433,2024-01-12,91532.01879589542,0.09403232661678901,1.7259213048309705,CT90,UT,0.346356286902723,120.0,60.0,1.5,0.0,0.8785217099236957
INSP_000933,String_B,String_B_434,2024-06-27,91532.01879589542,0.09457932333335951,1.7259213048309705,CT90,MFL,0.5916800015273559,120.0,60.0,1.5,0.0,0.9634236380843193
INSP_000934,String_B,String_B_435,2024-04-05,91532.01879589542,0.09419703619972866,1.7259213048309705,CT90,UT,0.0,120.0,60.0,1.5,0.0,0.7455969324486819
INSP_000935,String_B,String_B_436,2024-03-22,91532.01879589542,0.09445155632256681,1.7259213048309705,CT90,UT,0.0,120.0,60.0,1.5,0.0,0.9419887050211055
INSP_000936,String_B,String_B_437,2024-03-14,91532.01879589542,0.09583237443970014,1.7259213048309705,CT90,MFL,1.5164591013740945,120.0,60.0,1.5,0.0,0.905739118541388
INSP_000937,String_B,String_B_438,2024-05-20,91532.01879589542,0.09422906251936806,1.7259213048309705,CT90,MFL,2.599246612715458,120.0,60.0,1.5,0.0,0.8364416564066599
INSP_000938,String_B,String_B_439,2024-01-17,91532.01879589542,0.09525233763312821,1.7259213048309705,CT90,MFL,0.7455984978856892,120.0,60.0,1.5,0.0,0.7275226399803691
INSP_000939,String_B,String_B_440,2024-01-09,91532.01879589542,0.09490899152835658,1.7259213048309705,CT90,MFL,1.3476894111497744,120.0,60.0,1.5,0.0,0.9414431196633011
INSP_000940,String_B,String_B_441,2024-02-20,91532.01879589542,0.09562195042837807,1.7259213048309705,CT90,MFL,0.0,120.0,60.0,1.5,0.0,0.7701194001524927
INSP_000941,String_B,String_B_442,2024-04-12,91532.01879589542,0.09665995300943407,1.7259213048309705,CT90,UT,0.0,120.0,60.0,1.5,0.0,0.9896170124264495
INSP_000942,String_B,String_B_443,2024-04-12,91532.01879589542,0.09588377396939894,1.7259213048309705,CT90,MFL,0.0,0.0,100.0,0.0,0.0,0.877148888508316
INSP_000943,String_B,String_B_444,2024-05-28,91532.01879589542,0.09391677343864488,1.7259213048309705,CT90,EMAT,0.0,120.0,60.0,1.5,0.0,0.7541231421842917
INSP_000944,String_B,String_B_445,2024-02-14,91532.01879589542,0.09321849591323289,1.7259213048309705,CT90,MFL,0.0,120.0,60.0,1.5,0.0,0.8484734058313519
INSP_000945,String_B,String_B_446,2024-06-21,91532.01879589542,0.09409660336833933,1.7259213048309705,CT90,MFL,0.0,120.0,60.0,1.5,0.0,0.8282198050255483
INSP_000946,String_B,String_B_447,2024-01-22,91532.01879589542,0.09536129613666097,1.7259213048309705,CT90,MFL,0.0,120.0,60.0,1.5,0.0,0.8036762547963875
INSP_000947,String_B,String_B_448,2024-02-14,91532.01879589542,0.09329541809124016,1.7259213048309705,CT90,EMAT,0.81675117969188,120.0,60.0,1.5,0.0,0.9942140495275744
INSP_000948,String_B,String_B_449,2024-04-13,91532.01879589542,0.0949861917393647,1.7259213048309705,CT90,MFL,1.3821685174362592,120.0,60.0,1.5,0.0,0.9232156643506817
INSP_000949,String_B,String_B_450,2024-02-17,91532.01879589542,0.09536800282588417,1.7259213048309705,CT90,MFL,0.0,120.0,60.0,1.5,0.0,0.8648242690697352
INSP_000950,String_B,String_B_451,2024-01-07,91532.01879589542,0.09437012678510445,1.7259213048309705,CT90,UT,0.0,120.0,60.0,1.5,0.0,0.8108851610130616
INSP_000951,String_B,String_B_452,2024-03-09,91532.01879589542,0.09602946637423412,1.7259213048309705,CT90,MFL,0.0,120.0,60.0,1.5,0.0,0.9090235452398324
INSP_000952,String_B,String_B_453,2024-02-03,91532.01879589542,0.09350507336190833,1.7259213048309705,CT90,EMAT,1.4301395687623124,120.0,60.0,1.5,0.0,0.8433029176983017
INSP_000953,String_B,String_B_454,2024-06-06,91532.01879589542,0.09338552357059608,1.7259213048309705,CT90,UT,0.0,120.0,60.0,1.5,0.0,0.8894107347788609
INSP_000954,String_B,String_B_455,2024-05-19,91532.01879589542,0.09586711727357368,1.7259213048309705,CT90,MFL,0.0,120.0,60.0,1.5,0.0,0.7244818913858946
INSP_000955,String_B,String_B_456,2024-02-04,91532.01879589542,0.09498286700158355,1.7259213048309705,CT90,UT,0.0,0.0,100.0,0.0,0.0,0.9369624413420156
INSP_000956,String_B,String_B_457,2024-03-02,91532.01879589542,0.09571592910642539,1.7259213048309705,CT90,MFL,0.47086964080096283,120.0,60.0,1.5,0.0,0.7926223839954827
INSP_000957,String_B,String_B_458,2024-02-08,91532.01879589542,0.09475234388669423,1.7259213048309705,CT90,UT,1.7962493783101836,120.0,60.0,1.5,0.0,0.7194024465688089
INSP_000958,String_B,String_B_459,2024-04-21,91532.01879589542,0.0940363277263086,1.7259213048309705,CT90,MFL,0.0,0.0,100.0,0.0,0.0,0.7566990102327392
INSP_000959,String_B,String_B_460,2024-05-21,91532.01879589542,0.09621258880716196,1.7259213048309705,CT90,MFL,0.41796399064334966,0.0,100.0,0.0,0.0,0.8620005262899285
INSP_000960,String_B,String_B_461,2024-06-24,91532.01879589542,0.09613778034008212,1.7259213048309705,CT90,MFL,0.0,0.0,100.0,0.0,0.0,0.9606944744731987
INSP_000961,String_B,String_B_462,2024-04-07,91532.01879589542,0.09573984658924682,1.7259213048309705,CT90,UT,0.023487792703776236,0.0,100.0,0.0,0.0,0.9697134307396875
INSP_000962,String_B,String_B_463,2024-03-20,91532.01879589542,0.09413415152147385,1.7259213048309705,CT90,MFL,1.907444792270323,0.0,100.0,0.0,0.0,0.7439342021447161
INSP_000963,String_B,String_B_464,2024-01-26,91532.01879589542,0.09534287653410252,1.7259213048309705,CT90,UT,0.20815243586020074,0.0,100.0,0.0,0.0,0.7430084842819563
INSP_000964,String_B,String_B_465,2024-05-16,91532.01879589542,0.09447170080837211,1.7259213048309705,CT90,EMAT,0.0,0.0,100.0,0.0,0.0,0.8409063689086088
INSP_000965,String_B,String_B_466,2024-01-19,91532.01879589542,0.09344801187864121,1.7259213048309705,CT90,UT,2.2227252339553583,0.0,100.0,0.0,0.0,0.866320415249237
INSP_000966,String_B,String_B_467,2024-04-28,91532.01879589542,0.09658579158675652,1.7259213048309705,CT90,MFL,1.6119437803504195,0.0,100.0,0.0,0.0,0.8190271209405032
INSP_000967,String_B,String_B_468,2024-03-28,91532.01879589542,0.09361991079749205,1.7259213048309705,CT90,MFL,0.7168555905255791,0.0,100.0,0.0,0.0,0.8310437324720008
INSP_000968,String_B,String_B_469,2024-01-02,91532.01879589542,0.09671090194451906,1.7259213048309705,CT90,UT,0.4805444066260753,0.0,100.0,0.0,0.0,0.9688929151023111
INSP_000969,String_B,String_B_470,2024-02-20,91532.01879589542,0.09479482193724023,1.7259213048309705,CT90,UT,0.0,0.0,100.0,0.0,0.0,0.9262230300070203
INSP_000970,String_B,String_B_471,2024-04-03,91532.01879589542,0.09380350512958675,1.7259213048309705,CT90,MFL,0.0,0.0,100.0,0.0,0.0,0.7775114101096469
INSP_000971,String_B,String_B_472,2024-04-27,91532.01879589542,0.09515922360003777,1.7259213048309705,CT90,MFL,1.4313631198443009,0.0,100.0,0.0,0.0,0.7367087039055663
INSP_000972,String_B,String_B_473,2024-02-05,91532.01879589542,0.09641719417633035,1.7259213048309705,CT90,MFL,0.0,0.0,100.0,0.0,0.0,0.9757700687840263
INSP_000973,String_B,String_B_474,2024-02-29,91532.01879589542,0.09588245456835633,1.7259213048309705,CT90,UT,0.35914613046179206,0.0,100.0,0.0,0.0,0.819483088165935
INSP_000974,String_B,String_B_475,2024-06-08,91532.01879589542,0.09616493236187351,1.7259213048309705,CT90,MFL,0.0,0.0,100.0,0.0,0.0,0.8962068857633214
INSP_000975,String_B,String_B_476,2024-05-14,91532.01879589542,0.09560337679350073,1.7259213048309705,CT90,UT,0.0,0.0,100.0,0.0,0.0,0.7927012245590895
INSP_000976,String_B,String_B_477,2024-04-13,91532.01879589542,0.09573065094516783,1.7259213048309705,CT90,EMAT,1.1381636815214444,0.0,100.0,0.0,0.0,0.7869829357581862
INSP_000977,String_B,String_B_478,2024-04-24,91532.01879589542,0.09632694347594822,1.7259213048309705,CT90,UT,0.0,0.0,100.0,0.0,0.0,0.7846638892274589
INSP_000978,String_B,String_B_479,2024-02-12,91532.01879589542,0.0940487384336649,1.7259213048309705,CT90,EMAT,0.0,0.0,100.0,0.0,0.0,0.7448310427876751
INSP_000979,String_B,String_B_480,2024-01-19,91532.01879589542,0.09495981486184393,1.7259213048309705,CT90,MFL,0.03411858435832225,0.0,100.0,0.0,0.0,0.9877998583720495
INSP_000980,String_B,String_B_481,2024-05-11,91532.01879589542,0.09394059587891448,1.7259213048309705,CT90,MFL,0.0,0.0,100.0,0.0,0.0,0.8241478138653321
INSP_000981,String_B,String_B_482,2024-01-22,91532.01879589542,0.09685313843038727,1.7259213048309705,CT90,MFL,0.1442676532859584,0.0,100.0,0.0,0.0,0.7843579335575493
INSP_000982,String_B,String_B_483,2024-02-11,91532.01879589542,0.09668742549080914,1.7259213048309705,CT90,UT,0.0,0.0,100.0,0.0,0.0,0.9885714030453348
INSP_000983,String_B,String_B_484,2024-03-10,91532.01879589542,0.09324982188320033,1.7259213048309705,CT90,EMAT,0.11319286991071771,0.0,100.0,0.0,0.0,0.8348589496484045
INSP_000984,String_B,String_B_485,2024-06-19,91532.01879589542,0.09578118565555961,1.7259213048309705,CT90,MFL,0.0,0.0,100.0,0.0,0.0,0.8696754137035592
INSP_000985,String_B,String_B_486,2024-04-22,91532.01879589542,0.09661594360617953,1.7259213048309705,CT90,EMAT,0.0,0.0,100.0,0.0,0.0,0.71588569073527
INSP_000986,String_B,String_B_487,2024-06-19,91532.01879589542,0.09378618631148387,1.7259213048309705,CT90,MFL,2.0348679137280206,0.0,100.0,0.0,0.0,0.8493233242121412
INSP_000987,String_B,String_B_488,2024-02-25,91532.01879589542,0.09525819187609999,1.7259213048309705,CT90,UT,1.8205081011563142,0.0,100.0,0.0,0.0,0.7345717959155522
INSP_000988,String_B,String_B_489,2024-01-04,91532.01879589542,0.09657885553083455,1.7259213048309705,CT90,UT,0.0,0.0,100.0,0.0,0.0,0.9995763807854292
INSP_000989,String_B,String_B_490,2024-03-11,91532.01879589542,0.09322899471862603,1.7259213048309705,CT90,UT,0.0,0.0,100.0,0.0,0.0,0.9918484646485906
INSP_000990,String_B,String_B_491,2024-01-03,91532.01879589542,0.095750197015538,1.7259213048309705,CT90,MFL,0.0,0.0,100.0,0.0,0.0,0.896023166798181
INSP_000991,String_B,String_B_492,2024-03-13,91532.01879589542,0.0942299262280157,1.7259213048309705,CT90,MFL,0.0,0.0,100.0,0.0,0.0,0.7058499302471507
INSP_000992,String_B,String_B_493,2024-02-28,91532.01879589542,0.09661270554243082,1.7259213048309705,CT90,MFL,0.0,0.0,100.0,0.0,0.0,0.9720253832011692
INSP_000993,String_B,String_B_494,2024-06-13,91532.01879589542,0.0967900213316284,1.7259213048309705,CT90,MFL,0.37707521997571647,0.0,100.0,0.0,0.0,0.9146951528521319
INSP_000994,String_B,String_B_495,2024-03-28,91532.01879589542,0.09668821265863105,1.7259213048309705,CT90,MFL,0.0,0.0,100.0,0.0,0.0,0.8302466502915239
INSP_000995,String_B,String_B_496,2024-05-25,91532.01879589542,0.09490201402329837,1.7259213048309705,CT90,UT,0.28554999110782686,0.0,100.0,0.0,0.0,0.7018568680295004
INSP_000996,String_B,String_B_497,2024-03-21,91532.01879589542,0.09637576207375939,1.7259213048309705,CT90,MFL,0.39025486910102297,0.0,100.0,0.0,0.0,0.8008172100756685
INSP_000997,String_B,String_B_498,2024-05-27,91532.01879589542,0.09630928771443327,1.7259213048309705,CT90,EMAT,0.0,0.0,100.0,0.0,0.0,0.7533684672123298
INSP_000998,String_B,String_B_499,2024-01-26,91532.01879589542,0.09431258179832437,1.7259213048309705,CT90,UT,0.0,0.0,100.0,0.0,0.0,0.7967134844833645
INSP_000999,String_B,String_B_500,2024-06-24,91532.01879589542,0.09624987880177258,1.7259213048309705,CT90,MFL,0.0,0.0,100.0,0.0,0.0,0.815615776455981
INSP_001000,String_C,String_C_001,2024-01-14,84912.33258778654,0.15109005260452735,2.409786733848619,CT90,MFL,0.0,120.0,60.0,1.5,0.0,0.7540323184712387
INSP_001001,String_C,String_C_002,2024-05-10,84912.33258778654,0.15453378800569603,2.409786733848619,CT90,UT,0.0,120.0,60.0,1.5,0.0,0.7781489124068767
INSP_001002,String_C,String_C_003,2024-03-12,84912.33258778654,0.1522784844737874,2.409786733848619,CT90,MFL,2.0778167729332924,120.0,60.0,1.5,0.0,0.7652696487190453
INSP_001003,String_C,String_C_004,2024-03-08,84912.33258778654,0.1516045803671001,2.409786733848619,CT90,MFL,0.0,120.0,60.0,1.5,0.0,0.7169495857532654
INSP_001004,String_C,String_C_005,2024-06-27,84912.33258778654,0.15133602301364002,2.409786733848619,CT90,MFL,0.3828636540870746,120.0,60.0,1.5,0.0,0.8591835662109468
INSP_001005,String_C,String_C_006,2024-04-24,84912.33258778654,0.1551496683401685,2.409786733848619,CT90,MFL,0.7968003189803488,120.0,60.0,1.5,0.0,0.7454309813959215
INSP_001006,String_C,String_C_007,2024-02-17,84912.33258778654,0.15295500049711405,2.409786733848619,CT90,MFL,0.0,120.0,60.0,1.5,0.0,0.9579443459155157
INSP_001007,String_C,String_C_008,2024-06-26,84912.33258778654,0.15532502557708094,2.409786733848619,CT90,MFL,0.039318280482142746,120.0,60.0,1.5,0.0,0.735602308833723
INSP_001008,String_C,String_C_009,2024-05-01,84912.33258778654,0.1512646137228668,2.409786733848619,CT90,MFL,0.0,120.0,60.0,1.5,0.0,0.7280906707205658
INSP_001009,String_C,String_C_010,2024-02-15,84912.33258778654,0.15280361722815758,2.409786733848619,CT90,MFL,0.8279307377137995,120.0,60.0,1.5,0.0,0.7361063616565812
INSP_001010,String_C,String_C_011,2024-02-13,84912.33258778654,0.1541841659291419,2.409786733848619,CT90,MFL,5.172188212216365,120.0,60.0,1.5,0.0,0.7399421977259106
INSP_001011,String_C,String_C_012,2024-06-21,84912.33258778654,0.15573116128373266,2.409786733848619,CT90,MFL,0.30905048481282166,120.0,60.0,1.5,0.0,0.9205848923459344
INSP_001012,String_C,String_C_013,2024-05-19,84912.33258778654,0.15282493599347294,2.409786733848619,CT90,MFL,0.0,120.0,60.0,1.5,0.0,0.9677003407918867
INSP_001013,String_C,String_C_014,2024-02-25,84912.33258778654,0.15471618651780747,2.409786733848619,CT90,MFL,0.0,120.0,60.0,1.5,0.0,0.7133299926930743
INSP_001014,String_C,String_C_015,2024-02-29,84912.33258778654,0.15631770468912928,2.409786733848619,CT90,MFL,0.3917668452091945,120.0,60.0,1.5,0.0,0.7108704301040704
INSP_001015,String_C,String_C_016,2024-05-23,84912.33258778654,0.15465443654757932,2.409786733848619,CT90,MFL,0.6318888393484235,120.0,60.0,1.5,0.0,0.8184293405678761
INSP_001016,String_C,String_C_017,2024-06-28,84912.33258778654,0.15229665343622084,2.409786733848619,CT90,UT,0.0,120.0,60.0,1.5,0.0,0.7005733987228894
INSP_001017,String_C,String_C_018,2024-06-25,84912.33258778654,0.15101242414488306,2.409786733848619,CT90,EMAT,0.0,120.0,60.0,1.5,0.0,0.9629039412150945
INSP_001018,String_C,String_C_019,2024-05-03,84912.33258778654,0.156219928301954,2.409786733848619,CT90,MFL,0.0,120.0,60.0,1.5,0.0,0.9992044016276191
INSP_001019,String_C,String_C_020,2024-06-25,84912.33258778654,0.15099314229227248,2.409786733848619,CT90,MFL,0.0,120.0,60.0,1.5,0.0,0.8768393245387455
INSP_001020,String_C,String_C_021,2024-02-03,84912.33258778654,0.15624827067852434,2.409786733848619,CT90,UT,0.25099212799832277,120.0,60.0,1.5,0.0,0.9856126347885097
INSP_001021,String_C,String_C_022,2024-03-04,84912.33258778654,0.1541191772245796,2.409786733848619,CT90,MFL,0.0,120.0,60.0,1.5,0.0,0.7464105743973037
INSP_001022,String_C,String_C_023,2024-06-02,84912.33258778654,0.15664461347521658,2.409786733848619,CT90,MFL,2.195638153342428,120.0,60.0,1.5,0.0,0.9978663634110908
INSP_001023,String_C,String_C_024,2024-04-24,84912.33258778654,0.15578079229659492,2.409786733848619,CT90,EMAT,1.1017877491173615,120.0,60.0,1.5,0.0,0.7366167362695737
INSP_001024,String_C,String_C_025,2024-03-21,84912.33258778654,0.15700709163152707,2.409786733848619,CT90,UT,0.0,120.0,60.0,1.5,0.0,0.9632985196712158
INSP_001025,String_C,String_C_026,2024-01-15,84912.33258778654,0.15302172992538518,2.409786733848619,CT90,MFL,0.0,120.0,60.0,1.5,0.0,0.9331424541609321
INSP_001026,String_C,String_C_027,2024-04-20,84912.33258778654,0.15558624199724536,2.409786733848619,CT90,EMAT,0.0,120.0,60.0,1.5,0.0,0.7542000141241159
INSP_001027,String_C,String_C_028,2024-06-23,84912.33258778654,0.15333711867816974,2.409786733848619,CT90,UT,0.5161648133414858,120.0,60.0,1.5,0.0,0.8656687991937295
INSP_001028,String_C,String_C_029,2024-04-14,84912.33258778654,0.15381707409938744,2.409786733848619,CT90,MFL,0.0,120.0,60.0,1.5,0.0,0.7213991280993541
INSP_001029,String_C,String_C_030,2024-06-01,84912.33258778654,0.15472612548266965,2.409786733848619,CT90,EMAT,0.8984803431966708,120.0,60.0,1.5,0.0,0.8529488823098959
INSP_001030,String_C,String_C_031,2024-01-24,84912.33258778654,0.1562419618164315,2.409786733848619,CT90,MFL,0.0,120.0,60.0,1.5,0.0,0.9985340907150451
INSP_001031,String_C,String_C_032,2024-02-06,84912.33258778654,0.1569218043724236,2.409786733848619,CT90,MFL,0.0,120.0,60.0,1.5,0.0,0.7607998771652833
INSP_001032,String_C,String_C_033,2024-06-28,84912.33258778654,0.15559292380562678,2.409786733848619,CT90,MFL,2.1077523656818116,120.0,60.0,1.5,0.0,0.7955865617624146
INSP_001033,String_C,String_C_034,2024-02-13,84912.33258778654,0.15343463025126375,2.409786733848619,CT90,MFL,0.30584068143063187,120.0,60.0,1.5,0.0,0.9722397958362392
INSP_001034,String_C,String_C_035,2024-03-18,84912.33258778654,0.15345673753318326,2.409786733848619,CT90,EMAT,0.0,120.0,60.0,1.5,0.0,0.892876156301307
INSP_001035,String_C,String_C_036,2024-05-04,84912.33258778654,0.15540393899389876,2.409786733848619,CT90,MFL,0.0,120.0,60.0,1.5,0.0,0.7535046024651866
INSP_001036,String_C,String_C_037,2024-06-03,84912.33258778654,0.15233247655828722,2.409786733848619,CT90,MFL,0.0,120.0,60.0,1.5,0.0,0.8430070757218875
INSP_001037,String_C,String_C_038,2024-03-03,84912.33258778654,0.1515424327094601,2.409786733848619,CT90,UT,0.0,120.0,60.0,1.5,0.0,0.88897052992932
INSP_001038,String_C,String_C_039,2024-06-13,84912.33258778654,0.1530458084037328,2.409786733848619,CT90,MFL,1.3746285186586782,120.0,60.0,1.5,0.0,0.8487362339681381
INSP_001039,String_C,String_C_040,2024-04-12,84912.33258778654,0.15263088714498954,2.409786733848619,CT90,MFL,0.0,120.0,60.0,1.5,0.0,0.8063087233284628
INSP_001040,String_C,String_C_041,2024-01-26,84912.33258778654,0.15268673157264578,2.409786733848619,CT90,UT,0.0,120.0,60.0,1.5,0.0,0.8586613189917546
INSP_001041,String_C,String_C_042,2024-03-12,84912.33258778654,0.1523006452880866,2.409786733848619,CT90,MFL,0.0,120.0,60.0,1.5,0.0,0.7409147101083446
INSP_001042,String_C,String_C_043,2024-03-25,84912.33258778654,0.15112136761946138,2.409786733848619,CT90,EMAT,0.0,120.0,60.0,1.5,0.0,0.9450914667835133
INSP_001043,String_C,String_C_044,2024-03-01,84912.33258778654,0.15097223417369632,2.409786733848619,CT90,UT,0.022745047202907296,120.0,60.0,1.5,0.0,0.8281015540730785
INSP_001044,String_C,String_C_045,2024-01-24,84912.33258778654,0.15694421153402632,2.409786733848619,CT90,MFL,0.0,120.0,60.0,1.5,0.0,0.8627893191483165
INSP_001045,String_C,String_C_046,2024-05-27,84912.33258778654,0.1534962457590459,2.409786733848619,CT90,MFL,0.0,120.0,60.0,1.5,0.0,0.7502836451444964
INSP_001046,String_C,String_C_047,2024-01-07,84912.33258778654,0.15322871794799411,2.409786733848619,CT90,EMAT,1.0063054562969105,120.0,60.0,1.5,0.0,0.7315720073699368
INSP_001047,String_C,String_C_048,2024-02-16,84912.33258778654,0.1550471960208791,2.409786733848619,CT90,EMAT,0.0,120.0,60.0,1.5,0.0,0.8339683505300299
INSP_001048,String_C,String_C_049,2024-04-02,84912.33258778654,0.15220610173041987,2.409786733848619,CT90,MFL,0.0,120.0,60.0,1.5,0.0,0.7536344650425572
INSP_001049,String_C,String_C_050,2024-02-22,84912.33258778654,0.1567116916337384,2.409786733848619,CT90,EMAT,0.5234888584786673,120.0,60.0,1.5,0.0,0.9837326170975556
INSP_001050,String_C,String_C_051,2024-05-24,84912.33258778654,0.15570420221082404,2.409786733848619,CT90,UT,0.0,120.0,60.0,1.5,0.0,0.8034042299164674
INSP_001051,String_C,String_C_052,2024-03-22,84912.33258778654,0.15141273366183966,2.409786733848619,CT90,MFL,0.0,120.0,60.0,1.5,0.0,0.7349663533887849
INSP_001052,String_C,String_C_053,2024-01-26,84912.33258778654,0.1534334848909769,2.409786733848619,CT90,EMAT,0.0,120.0,60.0,1.5,0.0,0.9330583666696379
INSP_001053,String_C,String_C_054,2024-06-17,84912.33258778654,0.15627546672483858,2.409786733848619,CT90,UT,0.0,120.0,60.0,1.5,0.0,0.719955938319388
INSP_001054,String_C,String_C_055,2024-01-15,84912.33258778654,0.15667949234025202,2.409786733848619,CT90,UT,0.8916727994575064,120.0,60.0,1.5,0.0,0.795068321724446
INSP_001055,String_C,String_C_056,2024-01-06,84912.33258778654,0.15374026303011498,2.409786733848619,CT90,EMAT,0.7232658625074714,120.0,60.0,1.5,0.0,0.9084975698223903
INSP_001056,String_C,String_C_057,2024-01-08,84912.33258778654,0.15463933925286807,2.409786733848619,CT90,UT,0.0,120.0,60.0,1.5,0.0,0.8418621123361993
INSP_001057,String_C,String_C_058,2024-06-12,84912.33258778654,0.1518907077829553,2.409786733848619,CT90,MFL,0.0,120.0,60.0,1.5,0.0,0.9039741690258908
INSP_001058,String_C,String_C_059,2024-02-20,84912.33258778654,0.15696543221614284,2.409786733848619,CT90,MFL,0.0,120.0,60.0,1.5,0.0,0.718011210841375
INSP_001059,String_C,String_C_060,2024-03-08,84912.33258778654,0.15228872379177757,2.409786733848619,CT90,UT,0.0,120.0,60.0,1.5,0.0,0.8319130331131692
INSP_001060,String_C,String_C_061,2024-05-06,84912.33258778654,0.1566671755327727,2.409786733848619,CT90,UT,0.28192397694028154,120.0,60.0,1.5,0.0,0.935707953953226
INSP_001061,String_C,String_C_062,2024-02-07,84912.33258778654,0.15486246292744377,2.409786733848619,CT90,MFL,0.0,120.0,60.0,1.5,0.0,0.7739535322658655
INSP_001062,String_C,String_C_063,2024-05-03,84912.33258778654,0.15460439714546556,2.409786733848619,CT90,EMAT,0.0,120.0,60.0,1.5,0.0,0.7604789321672402
INSP_001063,String_C,String_C_064,2024-06-15,84912.33258778654,0.15401912405827725,2.409786733848619,CT90,MFL,0.0,120.0,60.0,1.5,0.0,0.7539690657502075
INSP_001064,String_C,String_C_065,2024-06-12,84912.33258778654,0.15228255451618597,2.409786733848619,CT90,MFL,1.3092849129746567,120.0,60.0,1.5,0.0,0.847812822040346
INSP_001065,String_C,String_C_066,2024-01-01,84912.33258778654,0.151949168943397,2.409786733848619,CT90,MFL,0.884392384739359,120.0,60.0,1.5,0.0,0.8623837133547059
INSP_001066,String_C,String_C_067,2024-05-02,84912.33258778654,0.15221984756012052,2.409786733848619,CT90,MFL,0.0,120.0,60.0,1.5,0.0,0.9117420707130957
INSP_001067,String_C,String_C_068,2024-01-30,84912.33258778654,0.15201019257004605,2.409786733848619,CT90,UT,1.4684372962370833,120.0,60.0,1.5,0.0,0.9203274707641813
INSP_001068,String_C,String_C_069,2024-06-11,84912.33258778654,0.15566257323602456,2.409786733848619,CT90,MFL,0.0,120.0,60.0,1.5,0.0,0.7064676920970299
INSP_001069,String_C,String_C_070,2024-04-13,84912.33258778654,0.15301811812311197,2.409786733848619,CT90,MFL,0.0,120.0,60.0,1.5,0.0,0.8250299385113329
INSP_001070,String_C,String_C_071,2024-02-20,84912.33258778654,0.15121834728559366,2.409786733848619,CT90,MFL,0.0,120.0,60.0,1.5,0.0,0.7775148990944307
INSP_001071,String_C,String_C_072,2024-04-18,84912.33258778654,0.15682955776293056,2.409786733848619,CT90,UT,0.0,120.0,60.0,1.5,0.0,0.700953893370431
INSP_001072,String_C,String_C_073,2024-01-08,84912.33258778654,0.1563042079847995,2.409786733848619,CT90,UT,3.561362562100608,120.0,60.0,1.5,0.0,0.8502769754772139
INSP_001073,String_C,String_C_074,2024-01-29,84912.33258778654,0.15657493722450816,2.409786733848619,CT90,MFL,0.9141943829345912,120.0,60.0,1.5,0.0,0.7001577503584364
INSP_001074,String_C,String_C_075,2024-04-04,84912.33258778654,0.15698845684105728,2.409786733848619,CT90,MFL,1.59362602530395,120.0,60.0,1.5,0.0,0.9915171189429468
INSP_001075,String_C,String_C_076,2024-03-22,84912.33258778654,0.15193295721556294,2.409786733848619,CT90,EMAT,0.0,120.0,60.0,1.5,0.0,0.7310733690010568
INSP_001076,String_C,String_C_077,2024-06-14,84912.33258778654,0.1533020885142119,2.409786733848619,CT90,UT,0.0,120.0,60.0,1.5,0.0,0.9868933027251303
INSP_001077,String_C,String_C_078,2024-06-04,84912.33258778654,0.15553113227191112,2.409786733848619,CT90,MFL,0.0,120.0,60.0,1.5,0.0,0.8724286039662392
INSP_001078,String_C,String_C_079,2024-06-26,84912.33258778654,0.15514801712090043,2.409786733848619,CT90,MFL,0.18900483163237344,120.0,60.0,1.5,0.0,0.759799327771392
INSP_001079,String_C,String_C_080,2024-02-06,84912.33258778654,0.15180980846765024,2.409786733848619,CT90,EMAT,0.6309267165932462,120.0,60.0,1.5,0.0,0.7431812303459294
INSP_001080,String_C,String_C_081,2024-02-12,84912.33258778654,0.15588577937150808,2.409786733848619,CT90,EMAT,0.0,120.0,60.0,1.5,0.0,0.7106447048424033
INSP_001081,String_C,String_C_082,2024-02-26,84912.33258778654,0.15224419710132378,2.409786733848619,CT90,MFL,0.0,120.0,60.0,1.5,0.0,0.7816463557101629
INSP_001082,String_C,String_C_083,2024-04-27,84912.33258778654,0.1522403611564758,2.409786733848619,CT90,MFL,0.0,120.0,60.0,1.5,0.0,0.7206352774420274
INSP_001083,String_C,String_C_084,2024-01-22,84912.33258778654,0.1541686679536722,2.409786733848619,CT90,MFL,0.20322548904055937,120.0,60.0,1.5,0.0,0.7468769932570549
INSP_001084,String_C,String_C_085,2024-02-16,84912.33258778654,0.15451328341250029,2.409786733848619,CT90,MFL,2.556887330053498,120.0,60.0,1.5,0.0,0.7803202318707467
INSP_001085,String_C,String_C_086,2024-05-08,84912.33258778654,0.15443413479266474,2.409786733848619,CT90,UT,0.0,120.0,60.0,1.5,0.0,0.8180887559813308
INSP_001086,String_C,String_C_087,2024-05-29,84912.33258778654,0.15142551590639594,2.409786733848619,CT90,MFL,0.0,120.0,60.0,1.5,0.0,0.8052885563906217
INSP_001087,String_C,String_C_088,2024-06-13,84912.33258778654,0.15626526077610756,2.409786733848619,CT90,EMAT,0.0,120.0,60.0,1.5,0.0,0.8201236072130522
INSP_001088,String_C,String_C_089,2024-02-29,84912.33258778654,0.15249764229291685,2.409786733848619,CT90,MFL,0.0,120.0,60.0,1.5,0.0,0.7000522063675131
INSP_001089,String_C,String_C_090,2024-01-14,84912.33258778654,0.15165967914586578,2.409786733848619,CT90,MFL,0.0,120.0,60.0,1.5,0.0,0.7296370967322161
INSP_001090,String_C,String_C_091,2024-03-13,84912.33258778654,0.15633476339320443,2.409786733848619,CT90,UT,0.20749370741012751,120.0,60.0,1.5,0.0,0.8595253322013612
INSP_001091,String_C,String_C_092,2024-05-03,84912.33258778654,0.156746730538915,2.409786733848619,CT90,UT,0.0,120.0,60.0,1.5,0.9149760478278708,0.9351233887675725
INSP_001092,String_C,String_C_093,2024-02-16,84912.33258778654,0.15617084417554752,2.409786733848619,CT90,EMAT,0.0,120.0,60.0,1.5,2.6006938622063096,0.7209240862463744
INSP_001093,String_C,String_C_094,2024-01-24,84912.33258778654,0.1558468812519344,2.409786733848619,CT90,UT,2.7936719225011295,120.0,60.0,1.5,1.2576708672815258,0.7660412749195977
INSP_001094,String_C,String_C_095,2024-05-13,84912.33258778654,0.1548969169637883,2.409786733848619,CT90,UT,1.2616781790298333,120.0,60.0,1.5,3.30140136432198,0.9263116861571664
INSP_001095,String_C,String_C_096,2024-05-11,84912.33258778654,0.1542541541438345,2.409786733848619,CT90,MFL,1.7956747085550764,120.0,60.0,1.5,1.6707253957541548,0.9752723177745439
INSP_001096,String_C,String_C_097,2024-03-03,84912.33258778654,0.15139780605056272,2.409786733848619,CT90,UT,0.0,120.0,60.0,1.5,5.469593343513064,0.9927221315541196
INSP_001097,String_C,String_C_098,2024-04-24,84912.33258778654,0.1533772806483417,2.409786733848619,CT90,MFL,0.0,120.0,60.0,1.5,3.049800449398403,0.9367643048957214
INSP_001098,String_C,String_C_099,2024-06-22,84912.33258778654,0.15315705453563505,2.409786733848619,CT90,MFL,0.0,120.0,60.0,1.5,4.659377421361742,0.7720835728193957
INSP_001099,String_C,String_C_100,2024-03-19,84912.33258778654,0.15246164313739352,2.409786733848619,CT90,MFL,0.0,120.0,60.0,1.5,2.45263717134041,0.850296630750241
INSP_001100,String_C,String_C_101,2024-05-02,84912.33258778654,0.15531673334328694,2.409786733848619,CT90,EMAT,2.07727219961959,120.0,60.0,1.5,1.8856098975688143,0.8836839298804445
INSP_001101,String_C,String_C_102,2024-05-16,84912.33258778654,0.15391559704150823,2.409786733848619,CT90,EMAT,0.0,120.0,60.0,1.5,1.7569987880340048,0.8096658505285054
INSP_001102,String_C,String_C_103,2024-02-20,84912.33258778654,0.15136122632089927,2.409786733848619,CT90,MFL,0.0,120.0,60.0,1.5,1.9482949858341998,0.9999388794965783
INSP_001103,String_C,String_C_104,2024-06-08,84912.33258778654,0.1522179817514434,2.409786733848619,CT90,EMAT,0.0,120.0,60.0,1.5,1.513344387345907,0.882885239444023
INSP_001104,String_C,String_C_105,2024-05-20,84912.33258778654,0.15506943421949468,2.409786733848619,CT90,UT,0.0,120.0,60.0,1.5,2.481483796513279,0.7749171444650834
INSP_001105,String_C,String_C_106,2024-05-02,84912.33258778654,0.1513309593270293,2.409786733848619,CT90,MFL,0.0,120.0,60.0,1.5,3.32928332236012,0.8110950141316681
INSP_001106,String_C,String_C_107,2024-01-28,84912.33258778654,0.15610359841974672,2.409786733848619,CT90,MFL,0.0,120.0,60.0,1.5,0.9739967059162797,0.9535330838089482
INSP_001107,String_C,String_C_108,2024-04-09,84912.33258778654,0.15391110684097076,2.409786733848619,CT90,MFL,0.0,120.0,60.0,1.5,2.2424130586975646,0.9930629756657137
INSP_001108,String_C,String_C_109,2024-03-17,84912.33258778654,0.15382145191658358,2.409786733848619,CT90,UT,0.0,120.0,60.0,1.5,4.522282049158082,0.7687540707152017
INSP_001109,String_C,String_C_110,2024-01-06,84912.33258778654,0.15451000662340617,2.409786733848619,CT90,UT,1.284945121190547,120.0,60.0,1.5,4.482290056542025,0.824019864041146
INSP_001110,String_C,String_C_111,2024-01-13,84912.33258778654,0.1559402611882046,2.409786733848619,CT90,MFL,0.4650383851315039,120.0,60.0,1.5,1.8443938985901263,0.7006239200439868
INSP_001111,String_C,String_C_112,2024-03-20,84912.33258778654,0.1530038567138724,2.409786733848619,CT90,MFL,0.0,120.0,60.0,1.5,2.2998603959767814,0.7563513616557329
INSP_001112,String_C,String_C_113,2024-01-11,84912.33258778654,0.1550371521091919,2.409786733848619,CT90,EMAT,0.17681423016908188,120.0,60.0,1.5,1.2460635785583818,0.7522679528416157
INSP_001113,String_C,String_C_114,2024-02-14,84912.33258778654,0.15434574653075947,2.409786733848619,CT90,MFL,0.0,120.0,60.0,1.5,2.741220400942319,0.7964871556034318
INSP_001114,String_C,String_C_115,2024-02-21,84912.33258778654,0.15250643680378442,2.409786733848619,CT90,MFL,1.0812795218711506,120.0,60.0,1.5,3.446266493969612,0.7059041511307802
INSP_001115,String_C,String_C_116,2024-03-11,84912.33258778654,0.1562724598187825,2.409786733848619,CT90,UT,0.0,120.0,60.0,1.5,3.8148333742272147,0.7828921009905655
INSP_001116,String_C,String_C_117,2024-05-13,84912.33258778654,0.15577243506074528,2.409786733848619,CT90,EMAT,0.8510835538598706,120.0,60.0,1.5,2.8864445269831434,0.7114116028529649
INSP_001117,String_C,String_C_118,2024-05-17,84912.33258778654,0.15491668208836518,2.409786733848619,CT90,MFL,0.0,120.0,60.0,1.5,3.5349591750981753,0.8090277529828187
INSP_001118,String_C,String_C_119,2024-01-19,84912.33258778654,0.1560997487560439,2.409786733848619,CT90,MFL,0.7106577531737506,120.0,60.0,1.5,1.6030706963702532,0.9634292770227086
INSP_001119,String_C,String_C_120,2024-02-14,84912.33258778654,0.15620265813647488,2.409786733848619,CT90,MFL,0.0,120.0,60.0,1.5,0.37294635384760877,0.8795777058671617
INSP_001120,String_C,String_C_121,2024-06-23,84912.33258778654,0.15522401691872226,2.409786733848619,CT90,UT,0.5092397186770304,120.0,60.0,1.5,1.3722778197298082,0.9648569705353929
INSP_001121,String_C,String_C_122,2024-06-13,84912.33258778654,0.15601619943288844,2.409786733848619,CT90,MFL,1.6793590039007753,120.0,60.0,1.5,3.4796665873470625,0.9016896925884861
INSP_001122,String_C,String_C_123,2024-03-27,84912.33258778654,0.15515695089316187,2.409786733848619,CT90,MFL,1.8659628845744007,120.0,60.0,1.5,1.4173366811386194,0.9859013283352985
INSP_001123,String_C,String_C_124,2024-02-13,84912.33258778654,0.15505023474875654,2.409786733848619,CT90,MFL,0.0,120.0,60.0,1.5,2.874606256946025,0.7209361112449678
INSP_001124,String_C,String_C_125,2024-05-02,84912.33258778654,0.1546713589116596,2.409786733848619,CT90,UT,0.0,120.0,60.0,1.5,1.5097556471861493,0.813042920511954
INSP_001125,String_C,String_C_126,2024-03-20,84912.33258778654,0.15549713079437724,2.409786733848619,CT90,UT,0.0,120.0,60.0,1.5,6.1442898318253985,0.8269158244880394
INSP_001126,String_C,String_C_127,2024-05-13,84912.33258778654,0.15183880601813232,2.409786733848619,CT90,UT,0.0,120.0,60.0,1.5,4.31105547890096,0.7591121853133236
INSP_001127,String_C,String_C_128,2024-05-02,84912.33258778654,0.156286257690629,2.409786733848619,CT90,MFL,0.0,120.0,60.0,1.5,3.9575460434965963,0.7738424563569715
INSP_001128,String_C,String_C_129,2024-01-29,84912.33258778654,0.1562306712517479,2.409786733848619,CT90,UT,0.0,120.0,60.0,1.5,4.060679562391983,0.9048908696232822
INSP_001129,String_C,String_C_130,2024-02-19,84912.33258778654,0.15104226715484428,2.409786733848619,CT90,MFL,0.0,120.0,60.0,1.5,0.7904025743682386,0.9411935717515285
INSP_001130,String_C,String_C_131,2024-06-20,84912.33258778654,0.15594725494080477,2.409786733848619,CT90,UT,2.2690717282038095,120.0,60.0,1.5,1.1194858239978245,0.9512890758309883
INSP_001131,String_C,String_C_132,2024-04-10,84912.33258778654,0.15165570713691343,2.409786733848619,CT90,UT,1.9546805793823365,120.0,60.0,1.5,0.8032187892044373,0.8627736989626975
INSP_001132,String_C,String_C_133,2024-02-23,84912.33258778654,0.15292571408833128,2.409786733848619,CT90,MFL,0.0,120.0,60.0,1.5,2.696813484912701,0.9347935596397392
INSP_001133,String_C,String_C_134,2024-04-03,84912.33258778654,0.15544042888790274,2.409786733848619,CT90,EMAT,0.0,120.0,60.0,1.5,1.477052079518205,0.9518716992087539
INSP_001134,String_C,String_C_135,2024-05-19,84912.33258778654,0.151852074443256,2.409786733848619,CT90,MFL,0.0,120.0,60.0,1.5,2.7855956642287083,0.8002181149046338
INSP_001135,String_C,String_C_136,2024-03-27,84912.33258778654,0.15589891915352103,2.409786733848619,CT90,EMAT,1.0806123961769194,120.0,60.0,1.5,0.26051056406471157,0.8791992946179341
INSP_001136,String_C,String_C_137,2024-05-24,84912.33258778654,0.15598615538259217,2.409786733848619,CT90,MFL,0.0,120.0,60.0,1.5,1.1223320289462533,0.9555384053450031
INSP_001137,String_C,String_C_138,2024-04-15,84912.33258778654,0.1539869763929246,2.409786733848619,CT90,MFL,0.3160732731092438,120.0,60.0,1.5,1.5706888946973387,0.9489433300553964
INSP_001138,String_C,String_C_139,2024-02-09,84912.33258778654,0.15090149482066112,2.409786733848619,CT90,EMAT,0.0,120.0,60.0,1.5,2.2663703530021886,0.7212318110476316
INSP_001139,String_C,String_C_140,2024-06-17,84912.33258778654,0.1526296503308419,2.409786733848619,CT90,MFL,0.0,120.0,60.0,1.5,4.42103813102726,0.975731707129454
INSP_001140,String_C,String_C_141,2024-05-28,84912.33258778654,0.1546609866148604,2.409786733848619,CT90,EMAT,0.11096037226634879,120.0,60.0,1.5,3.0654416003511984,0.7464892425157496
INSP_001141,String_C,String_C_142,2024-02-19,84912.33258778654,0.15690396389724887,2.409786733848619,CT90,EMAT,0.7471784262682756,120.0,60.0,1.5,1.85962823355331,0.9634163348917395
INSP_001142,String_C,String_C_143,2024-04-12,84912.33258778654,0.15475265298739224,2.409786733848619,CT90,MFL,0.0,120.0,60.0,1.5,1.56009587751239,0.9599305802069471
INSP_001143,String_C,String_C_144,2024-05-01,84912.33258778654,0.1524619497712491,2.409786733848619,CT90,MFL,0.0,120.0,60.0,1.5,3.3953042827050646,0.8966667854247716
INSP_001144,String_C,String_C_145,2024-02-16,84912.33258778654,0.15476615161789442,2.409786733848619,CT90,MFL,0.0,120.0,60.0,1.5,1.3064890684549089,0.8947469485082291
INSP_001145,String_C,String_C_146,2024-03-09,84912.33258778654,0.15418720834097063,2.409786733848619,CT90,MFL,0.0,120.0,60.0,1.5,4.37294327436095,0.7088843296721394
INSP_001146,String_C,String_C_147,2024-01-18,84912.33258778654,0.1556641798971341,2.409786733848619,CT90,MFL,0.0,120.0,60.0,1.5,1.692768117308555,0.8677184022629891
INSP_001147,String_C,String_C_148,2024-05-02,84912.33258778654,0.1515209211533532,2.409786733848619,CT90,MFL,0.0,120.0,60.0,1.5,1.1768665501887712,0.7240595871323857
INSP_001148,String_C,String_C_149,2024-06-21,84912.33258778654,0.15554830855713345,2.409786733848619,CT90,MFL,0.0,120.0,60.0,1.5,1.7372444028927838,0.9808873076359934
INSP_001149,String_C,String_C_150,2024-02-26,84912.33258778654,0.1541950975025662,2.409786733848619,CT90,MFL,0.0,120.0,60.0,1.5,2.128274957341062,0.808874190804461
INSP_001150,String_C,String_C_151,2024-05-17,84912.33258778654,0.15679193072787762,2.409786733848619,CT90,UT,0.0,120.0,60.0,1.5,1.3613211227758615,0.917255621156716
INSP_001151,String_C,String_C_152,2024-01-20,84912.33258778654,0.15296729854912683,2.409786733848619,CT90,EMAT,2.181553660311174,120.0,60.0,1.5,2.9428943533092764,0.8957888528412663
INSP_001152,String_C,String_C_153,2024-06-10,84912.33258778654,0.1547576306146972,2.409786733848619,CT90,EMAT,0.27711815303326853,120.0,60.0,1.5,1.2886176492816992,0.9465356572842438
INSP_001153,String_C,String_C_154,2024-06-01,84912.33258778654,0.15660126619779166,2.409786733848619,CT90,MFL,0.0,120.0,60.0,1.5,4.011545645996626,0.8995245194329107
INSP_001154,String_C,String_C_155,2024-06-26,84912.33258778654,0.15149339089524266,2.409786733848619,CT90,MFL,0.0,120.0,60.0,1.5,3.604635033531723,0.9319366608425229
INSP_001155,String_C,String_C_156,2024-01-02,84912.33258778654,0.15663328827482353,2.409786733848619,CT90,MFL,0.0,120.0,60.0,1.5,1.4613042466810728,0.742259315203862
INSP_001156,String_C,String_C_157,2024-06-08,84912.33258778654,0.15509792536376574,2.409786733848619,CT90,UT,0.392328739632872,120.0,60.0,1.5,1.6742305903895156,0.8542334927655114
INSP_001157,String_C,String_C_158,2024-04-20,84912.33258778654,0.15127988909242143,2.409786733848619,CT90,MFL,0.0,120.0,60.0,1.5,4.031709249657085,0.9055048318889358
INSP_001158,String_C,String_C_159,2024-01-18,84912.33258778654,0.15271539813483087,2.409786733848619,CT90,EMAT,0.0,120.0,60.0,1.5,3.275738606476192,0.7168706437167464
INSP_001159,String_C,String_C_160,2024-03-28,84912.33258778654,0.15522284149876356,2.409786733848619,CT90,MFL,0.0,120.0,60.0,1.5,0.9690291820894926,0.8432180530795894
INSP_001160,String_C,String_C_161,2024-03-30,84912.33258778654,0.15127689366156172,2.409786733848619,CT90,UT,0.0,120.0,60.0,1.5,1.3977625271684002,0.8704945459018993
INSP_001161,String_C,String_C_162,2024-03-25,84912.33258778654,0.15444696886763212,2.409786733848619,CT90,MFL,1.6658214830866398,120.0,60.0,1.5,0.7544169386280224,0.7066098804367016
INSP_001162,String_C,String_C_163,2024-02-22,84912.33258778654,0.15299199617029766,2.409786733848619,CT90,UT,0.007207628891615988,120.0,60.0,1.5,1.2780869655951321,0.7716227758005418
INSP_001163,String_C,String_C_164,2024-05-17,84912.33258778654,0.15468554697286685,2.409786733848619,CT90,UT,1.2961195667616905,120.0,60.0,1.5,2.3054843995965344,0.7734552868237673
INSP_001164,String_C,String_C_165,2024-04-22,84912.33258778654,0.1511438358872603,2.409786733848619,CT90,UT,0.0,120.0,60.0,1.5,3.14997017930415,0.8837247452768101
INSP_001165,String_C,String_C_166,2024-05-11,84912.33258778654,0.15622878257068748,2.409786733848619,CT90,UT,0.08048029359383392,120.0,60.0,1.5,3.220779699479019,0.9328267914923571
INSP_001166,String_C,String_C_167,2024-04-20,84912.33258778654,0.15685656725836886,2.409786733848619,CT90,MFL,1.8065385086737686,120.0,60.0,1.5,1.5952854966436758,0.758922097640661
INSP_001167,String_C,String_C_168,2024-02-04,84912.33258778654,0.15682817368035662,2.409786733848619,CT90,EMAT,0.07574177803392633,120.0,60.0,1.5,1.8854180067293331,0.7801939966423757
INSP_001168,String_C,String_C_169,2024-05-27,84912.33258778654,0.15547825881207025,2.409786733848619,CT90,UT,0.0,120.0,60.0,1.5,2.64841537951905,0.9290863016185019
INSP_001169,String_C,String_C_170,2024-02-28,84912.33258778654,0.1516631971214909,2.409786733848619,CT90,MFL,0.0,120.0,60.0,1.5,3.404087790915798,0.9853629977296627
INSP_001170,String_C,String_C_171,2024-03-03,84912.33258778654,0.1555312844901498,2.409786733848619,CT90,MFL,0.19677674176456914,120.0,60.0,1.5,1.2616170949582355,0.9040994382161743
INSP_001171,String_C,String_C_172,2024-03-26,84912.33258778654,0.15101357029654885,2.409786733848619,CT90,MFL,0.0,120.0,60.0,1.5,1.6344987729350255,0.7495845196716399
INSP_001172,String_C,String_C_173,2024-06-19,84912.33258778654,0.150998401782834,2.409786733848619,CT90,UT,0.0,120.0,60.0,1.5,1.327063989889603,0.9803965070538323
INSP_001173,String_C,String_C_174,2024-02-16,84912.33258778654,0.15285484805975919,2.409786733848619,CT90,UT,0.0,120.0,60.0,1.5,2.5534634820553777,0.9437559709672984
INSP_001174,String_C,String_C_175,2024-05-27,84912.33258778654,0.15387106163721023,2.409786733848619,CT90,EMAT,0.0,120.0,60.0,1.5,1.4901745427936726,0.9786684197937607
INSP_001175,String_C,String_C_176,2024-01-03,84912.33258778654,0.15560606423305168,2.409786733848619,CT90,MFL,0.0,120.0,60.0,1.5,2.611645445129103,0.9297185522091422
INSP_001176,String_C,String_C_177,2024-06-28,84912.33258778654,0.15506965966883055,2.409786733848619,CT90,MFL,0.0,120.0,60.0,1.5,3.9900809531820225,0.761489003981737
INSP_001177,String_C,String_C_178,2024-02-02,84912.33258778654,0.1536078811354858,2.409786733848619,CT90,MFL,0.5676183629157143,120.0,60.0,1.5,4.461746651957327,0.7191593061711328
INSP_001178,String_C,String_C_179,2024-01-03,84912.33258778654,0.15254706734971513,2.409786733848619,CT90,MFL,0.0,120.0,60.0,1.5,1.99866616707759,0.7061606589375794
INSP_001179,String_C,String_C_180,2024-02-15,84912.33258778654,0.15700210634252756,2.409786733848619,CT90,MFL,0.0,120.0,60.0,1.5,3.581659827947504,0.8104121582421961
INSP_001180,String_C,String_C_181,2024-03-23,84912.33258778654,0.15348644383418875,2.409786733848619,CT90,UT,0.0,120.0,60.0,1.5,1.8105576205794778,0.9286150931506845
INSP_001181,String_C,String_C_182,2024-06-03,84912.33258778654,0.15364165158950135,2.409786733848619,CT90,EMAT,0.0,120.0,60.0,1.5,5.319252130066641,0.9707679321438905
INSP_001182,String_C,String_C_183,2024-01-09,84912.33258778654,0.15186970946244854,2.409786733848619,CT90,MFL,0.0,120.0,60.0,1.5,1.5864301504375424,0.9214950236447174
INSP_001183,String_C,String_C_184,2024-05-20,84912.33258778654,0.15575632376357787,2.409786733848619,CT90,UT,0.6499229603405123,120.0,60.0,1.5,5.014672430591592,0.977511205866151
INSP_001184,String_C,String_C_185,2024-05-07,84912.33258778654,0.1551336181437842,2.409786733848619,CT90,MFL,0.0,120.0,60.0,1.5,1.6332981501909032,0.7741238682199438
INSP_001185,String_C,String_C_186,2024-04-05,84912.33258778654,0.1522215926581124,2.409786733848619,CT90,UT,0.0,120.0,60.0,1.5,5.636186148674987,0.7912513238719213
INSP_001186,String_C,String_C_187,2024-03-30,84912.33258778654,0.15136944572131808,2.409786733848619,CT90,EMAT,0.0,120.0,60.0,1.5,1.842146955285356,0.8228885442806457
INSP_001187,String_C,String_C_188,2024-05-23,84912.33258778654,0.15505244244925823,2.409786733848619,CT90,MFL,2.272591380199925,120.0,60.0,1.5,2.5746569655761884,0.8859055731580494
INSP_001188,String_C,String_C_189,2024-02-25,84912.33258778654,0.15489241716784338,2.409786733848619,CT90,MFL,0.6429778278277101,120.0,60.0,1.5,2.6513998057455237,0.8766120745318878
INSP_001189,String_C,String_C_190,2024-06-03,84912.33258778654,0.1525448066382838,2.409786733848619,CT90,MFL,0.0,120.0,60.0,1.5,3.1339565056340737,0.9142873303011132
INSP_001190,String_C,String_C_191,2024-01-25,84912.33258778654,0.1567172481541941,2.409786733848619,CT90,UT,0.0,120.0,60.0,1.5,2.9456480999472205,0.981343406295659
INSP_001191,String_C,String_C_192,2024-06-03,84912.33258778654,0.1517923329965012,2.409786733848619,CT90,MFL,0.23339439612784155,120.0,60.0,1.5,2.3982832693488914,0.7609460184599989
INSP_001192,String_C,String_C_193,2024-02-21,84912.33258778654,0.153524334862803,2.409786733848619,CT90,MFL,0.0,120.0,60.0,1.5,1.959494138808205,0.8867884344581921
INSP_001193,String_C,String_C_194,2024-01-07,84912.33258778654,0.15667261978549274,2.409786733848619,CT90,EMAT,0.0,120.0,60.0,1.5,2.3118984799594116,0.9609972415901986
INSP_001194,String_C,String_C_195,2024-04-04,84912.33258778654,0.15344670251794956,2.409786733848619,CT90,MFL,2.2768984926097944,120.0,60.0,1.5,1.1422749071857894,0.9338569118778215
INSP_001195,String_C,String_C_196,2024-02-09,84912.33258778654,0.1547939856553288,2.409786733848619,CT90,EMAT,0.0,120.0,60.0,1.5,1.7634013324195266,0.7936181717166397
INSP_001196,String_C,String_C_197,2024-04-06,84912.33258778654,0.15331041597721712,2.409786733848619,CT90,MFL,0.0,120.0,60.0,1.5,1.045284433662841,0.8186120347576362
INSP_001197,String_C,String_C_198,2024-01-02,84912.33258778654,0.15255069134277277,2.409786733848619,CT90,MFL,0.0,120.0,60.0,1.5,4.569439641169506,0.9342159760196751
INSP_001198,String_C,String_C_199,2024-06-28,84912.33258778654,0.15692115276335714,2.409786733848619,CT90,UT,0.0,120.0,60.0,1.5,4.996486563830355,0.8401838171563526
INSP_001199,String_C,String_C_200,2024-04-24,84912.33258778654,0.15338270425580036,2.409786733848619,CT90,EMAT,0.0,120.0,60.0,1.5,1.265252286218435,0.9151579126383698
INSP_001200,String_C,String_C_201,2024-05-14,84912.33258778654,0.15636771368567717,2.409786733848619,CT90,UT,0.28781449023343586,120.0,60.0,1.5,1.749520093962162,0.8796203429235461
INSP_001201,String_C,String_C_202,2024-06-28,84912.33258778654,0.152278150536386,2.409786733848619,CT90,UT,0.0,120.0,60.0,1.5,2.335265770177366,0.8208078644519576
INSP_001202,String_C,String_C_203,2024-03-18,84912.33258778654,0.15217439491152676,2.409786733848619,CT90,EMAT,0.0,120.0,60.0,1.5,4.707774732919535,0.712023099037933
INSP_001203,String_C,String_C_204,2024-05-13,84912.33258778654,0.15105388538852738,2.409786733848619,CT90,MFL,0.0,120.0,60.0,1.5,2.0319783687787036,0.8754683092994036
INSP_001204,String_C,String_C_205,2024-01-11,84912.33258778654,0.15487490244576643,2.409786733848619,CT90,MFL,1.4940179899734212,120.0,60.0,1.5,2.253677831255889,0.8864640610706023
INSP_001205,String_C,String_C_206,2024-01-15,84912.33258778654,0.15313142537210872,2.409786733848619,CT90,EMAT,0.0,120.0,60.0,1.5,1.4224800718641784,0.9182533909390002
INSP_001206,String_C,String_C_207,2024-05-25,84912.33258778654,0.15618457960726734,2.409786733848619,CT90,EMAT,0.0,120.0,60.0,1.5,2.164960719798182,0.7817009897814939
INSP_001207,String_C,String_C_208,2024-04-21,84912.33258778654,0.1537760290365448,2.409786733848619,CT90,UT,0.0,120.0,60.0,1.5,1.2443016950835597,0.8827175126848441
INSP_001208,String_C,String_C_209,2024-06-05,84912.33258778654,0.15682395922319772,2.409786733848619,CT90,MFL,0.0,120.0,60.0,1.5,0.921349602536425,0.880338326318921
INSP_001209,String_C,String_C_210,2024-03-29,84912.33258778654,0.15200457220631394,2.409786733848619,CT90,UT,3.453036732200462,120.0,60.0,1.5,2.110767746998358,0.9694277397538438
INSP_001210,String_C,String_C_211,2024-02-22,84912.33258778654,0.1562108414364231,2.409786733848619,CT90,EMAT,0.25369893502101165,120.0,60.0,1.5,2.512789424936369,0.9375065934376725
INSP_001211,String_C,String_C_212,2024-05-11,84912.33258778654,0.15564417654369847,2.409786733848619,CT90,MFL,0.10019509749984219,120.0,60.0,1.5,2.1120993091076263,0.8987820925244423
INSP_001212,String_C,String_C_213,2024-03-31,84912.33258778654,0.15560923188816708,2.409786733848619,CT90,MFL,0.0,120.0,60.0,1.5,2.7026685441818823,0.8421735614005598
INSP_001213,String_C,String_C_214,2024-03-02,84912.33258778654,0.15606404367616056,2.409786733848619,CT90,UT,0.0,120.0,60.0,1.5,1.34342838321456,0.8215190583213391
INSP_001214,String_C,String_C_215,2024-04-11,84912.33258778654,0.15554828447116226,2.409786733848619,CT90,UT,0.2774140838768298,120.0,60.0,1.5,0.8346497281250054,0.7606091299602871
INSP_001215,String_C,String_C_216,2024-01-16,84912.33258778654,0.15471821204379935,2.409786733848619,CT90,MFL,0.0,120.0,60.0,1.5,0.9741150287098685,0.8394979666858223
INSP_001216,String_C,String_C_217,2024-05-25,84912.33258778654,0.15167033159409044,2.409786733848619,CT90,MFL,2.5752125338187883,120.0,60.0,1.5,5.255856504564982,0.9322384687754668
INSP_001217,String_C,String_C_218,2024-03-01,84912.33258778654,0.1510624574178748,2.409786733848619,CT90,MFL,0.0,120.0,60.0,1.5,2.736238002370796,0.7749789856276155
INSP_001218,String_C,String_C_219,2024-06-09,84912.33258778654,0.15653242219903205,2.409786733848619,CT90,UT,0.4309984965376061,120.0,60.0,1.5,4.719026194708107,0.7761064255291481
INSP_001219,String_C,String_C_220,2024-02-16,84912.33258778654,0.15465928338797857,2.409786733848619,CT90,EMAT,0.0,120.0,60.0,1.5,1.1517927178210474,0.8774205125585919
INSP_001220,String_C,String_C_221,2024-03-08,84912.33258778654,0.15576696257772085,2.409786733848619,CT90,UT,0.0,120.0,60.0,1.5,2.720757258612917,0.8249480730048985
INSP_001221,String_C,String_C_222,2024-06-01,84912.33258778654,0.1538272140768714,2.409786733848619,CT90,UT,0.0,120.0,60.0,1.5,4.229131653996225,0.7453974542291535
INSP_001222,String_C,String_C_223,2024-05-08,84912.33258778654,0.15158451448618615,2.409786733848619,CT90,MFL,0.0,120.0,60.0,1.5,2.456079188252936,0.8329613569804921
INSP_001223,String_C,String_C_224,2024-06-20,84912.33258778654,0.1516330219287265,2.409786733848619,CT90,MFL,0.0,120.0,60.0,1.5,2.030741432014796,0.9306805748924332
INSP_001224,String_C,String_C_225,2024-02-05,84912.33258778654,0.15508363696062022,2.409786733848619,CT90,EMAT,0.0,120.0,60.0,1.5,3.347039404163601,0.7239903411464161
INSP_001225,String_C,String_C_226,2024-01-23,84912.33258778654,0.1535118415897658,2.409786733848619,CT90,MFL,0.0,120.0,60.0,1.5,3.7009990997769417,0.721750201938261
INSP_001226,String_C,String_C_227,2024-05-06,84912.33258778654,0.15209693194358642,2.409786733848619,CT90,MFL,0.07614638611909802,120.0,60.0,1.5,2.463200464594073,0.9448059802555071
INSP_001227,String_C,String_C_228,2024-06-13,84912.33258778654,0.1538892350261913,2.409786733848619,CT90,MFL,5.576273029939512,120.0,60.0,1.5,0.7167213329457627,0.9874879006391932
INSP_001228,String_C,String_C_229,2024-02-03,84912.33258778654,0.15125754842413233,2.409786733848619,CT90,EMAT,0.0,120.0,60.0,1.5,2.9864825385995566,0.9123477046647311
INSP_001229,String_C,String_C_230,2024-06-20,84912.33258778654,0.15444574313857398,2.409786733848619,CT90,MFL,0.0,120.0,60.0,1.5,1.6388707327975816,0.9662009581364404
INSP_001230,String_C,String_C_231,2024-01-06,84912.33258778654,0.1525185373925765,2.409786733848619,CT90,UT,0.4053699605922587,120.0,60.0,1.5,4.070794485925935,0.7753326677976902
INSP_001231,String_C,String_C_232,2024-02-07,84912.33258778654,0.15577325451346674,2.409786733848619,CT90,UT,0.0,120.0,60.0,1.5,3.294162625548657,0.7194055829380572
INSP_001232,String_C,String_C_233,2024-03-07,84912.33258778654,0.152773270046488,2.409786733848619,CT90,EMAT,0.0,120.0,60.0,1.5,2.160334774241861,0.8980097061296737
INSP_001233,String_C,String_C_234,2024-01-11,84912.33258778654,0.15366525459069286,2.409786733848619,CT90,MFL,1.6149970228191906,120.0,60.0,1.5,0.3381815442036379,0.9148098956743451
INSP_001234,String_C,String_C_235,2024-03-13,84912.33258778654,0.1509337280213904,2.409786733848619,CT90,MFL,0.0,120.0,60.0,1.5,1.983912005878529,0.9605484320490801
INSP_001235,String_C,String_C_236,2024-05-14,84912.33258778654,0.15130827475662081,2.409786733848619,CT90,UT,0.6238721400944144,120.0,60.0,1.5,1.9155175067407109,0.9516037688431804
INSP_001236,String_C,String_C_237,2024-06-05,84912.33258778654,0.15327900683269088,2.409786733848619,CT90,EMAT,0.0,120.0,60.0,1.5,1.0952289793002723,0.794888105502304
INSP_001237,String_C,String_C_238,2024-03-12,84912.33258778654,0.15381746335096858,2.409786733848619,CT90,MFL,0.6432672065864008,120.0,60.0,1.5,2.7626634171587656,0.9378250873034752
INSP_001238,String_C,String_C_239,2024-03-26,84912.33258778654,0.15455688327799783,2.409786733848619,CT90,MFL,0.0,120.0,60.0,1.5,2.411479373895421,0.7628537858655363
INSP_001239,String_C,String_C_240,2024-06-25,84912.33258778654,0.15265812600030654,2.409786733848619,CT90,UT,0.0,120.0,60.0,1.5,0.9471057236933009,0.7953278419160228
INSP_001240,String_C,String_C_241,2024-03-25,84912.33258778654,0.15514162098393594,2.409786733848619,CT90,MFL,0.0,120.0,60.0,1.5,2.7120525589405053,0.7300802953632597
INSP_001241,String_C,String_C_242,2024-06-11,84912.33258778654,0.15615849675277643,2.409786733848619,CT90,MFL,0.0,120.0,60.0,1.5,1.6484500336516394,0.8526496589121597
INSP_001242,String_C,String_C_243,2024-02-23,84912.33258778654,0.15566421434138322,2.409786733848619,CT90,MFL,0.9793157294423811,120.0,60.0,1.5,2.4728856857060335,0.7894991144092589
INSP_001243,String_C,String_C_244,2024-02-17,84912.33258778654,0.1511061313756617,2.409786733848619,CT90,EMAT,1.5865911563672084,120.0,60.0,1.5,3.652176204019748,0.7919183263370336
INSP_001244,String_C,String_C_245,2024-01-09,84912.33258778654,0.15382096158330963,2.409786733848619,CT90,EMAT,0.28160188061573604,120.0,60.0,1.5,0.0,0.9973494198344062
INSP_001245,String_C,String_C_246,2024-01-19,84912.33258778654,0.1515082951569139,2.409786733848619,CT90,MFL,1.5863379339662518,120.0,60.0,1.5,0.0,0.8123012615763784
INSP_001246,String_C,String_C_247,2024-05-12,84912.33258778654,0.15235259892495032,2.409786733848619,CT90,UT,0.0,120.0,60.0,1.5,0.0,0.7262049900559181
INSP_001247,String_C,String_C_248,2024-02-06,84912.33258778654,0.15693768568920377,2.409786733848619,CT90,UT,0.0,120.0,60.0,1.5,0.0,0.8289789662288153
INSP_001248,String_C,String_C_249,2024-01-31,84912.33258778654,0.15173960913702067,2.409786733848619,CT90,MFL,0.0,120.0,60.0,1.5,0.0,0.9842630564190347
INSP_001249,String_C,String_C_250,2024-03-14,84912.33258778654,0.1539341464285059,2.409786733848619,CT90,MFL,0.0,120.0,60.0,1.5,0.0,0.962922312351434
INSP_001250,String_C,String_C_251,2024-04-03,84912.33258778654,0.1546685532207049,2.409786733848619,CT90,MFL,1.564670988574288,120.0,60.0,1.5,0.0,0.9277977195723888
INSP_001251,String_C,String_C_252,2024-06-09,84912.33258778654,0.15518769912170746,2.409786733848619,CT90,MFL,0.0,120.0,60.0,1.5,0.0,0.9230775311203292
INSP_001252,String_C,String_C_253,2024-05-01,84912.33258778654,0.15430828788112388,2.409786733848619,CT90,MFL,0.0,120.0,60.0,1.5,0.0,0.9920457287173428
INSP_001253,String_C,String_C_254,2024-02-28,84912.33258778654,0.15092233828146723,2.409786733848619,CT90,EMAT,0.0,120.0,60.0,1.5,0.0,0.800315026391321
INSP_001254,String_C,String_C_255,2024-03-25,84912.33258778654,0.1528724040391872,2.409786733848619,CT90,UT,0.5552408013852226,120.0,60.0,1.5,0.0,0.9486290674365621
INSP_001255,String_C,String_C_256,2024-03-16,84912.33258778654,0.1540500546976221,2.409786733848619,CT90,MFL,0.47272638268466677,120.0,60.0,1.5,0.0,0.7248844588637298
INSP_001256,String_C,String_C_257,2024-01-26,84912.33258778654,0.15140322316780191,2.409786733848619,CT90,MFL,0.0,120.0,60.0,1.5,0.0,0.9009314997873199
INSP_001257,String_C,String_C_258,2024-05-08,84912.33258778654,0.15302120723880255,2.409786733848619,CT90,MFL,0.0,120.0,60.0,1.5,0.0,0.9215883860981355
INSP_001258,String_C,String_C_259,2024-01-11,84912.33258778654,0.15106662570461482,2.409786733848619,CT90,UT,0.0,120.0,60.0,1.5,0.0,0.7006466048499161
INSP_001259,String_C,String_C_260,2024-01-01,84912.33258778654,0.15134603099791213,2.409786733848619,CT90,MFL,0.0,120.0,60.0,1.5,0.0,0.979763555438399
INSP_001260,String_C,String_C_261,2024-05-06,84912.33258778654,0.15330628345120934,2.409786733848619,CT90,UT,0.0,120.0,60.0,1.5,0.0,0.8641817982073627
INSP_001261,String_C,String_C_262,2024-03-02,84912.33258778654,0.1516793887207791,2.409786733848619,CT90,MFL,0.0,120.0,60.0,1.5,0.0,0.7494351170994787
INSP_001262,String_C,String_C_263,2024-03-30,84912.33258778654,0.15435688498834726,2.409786733848619,CT90,EMAT,0.0,120.0,60.0,1.5,0.0,0.8032872257777667
INSP_001263,String_C,String_C_264,2024-01-23,84912.33258778654,0.1551076497967996,2.409786733848619,CT90,MFL,0.0,120.0,60.0,1.5,0.0,0.8072876530883197
INSP_001264,String_C,String_C_265,2024-01-25,84912.33258778654,0.15579189737404672,2.409786733848619,CT90,MFL,0.0,120.0,60.0,1.5,0.0,0.8440439471348536
INSP_001265,String_C,String_C_266,2024-01-27,84912.33258778654,0.15209462601554713,2.409786733848619,CT90,UT,0.0,120.0,60.0,1.5,0.0,0.9422263399739215
INSP_001266,String_C,String_C_267,2024-04-07,84912.33258778654,0.15189347032283304,2.409786733848619,CT90,UT,0.0,120.0,60.0,1.5,0.0,0.8229633242549385
INSP_001267,String_C,String_C_268,2024-01-02,84912.33258778654,0.1515060640095404,2.409786733848619,CT90,MFL,0.0,120.0,60.0,1.5,0.0,0.7315536322367496
INSP_001268,String_C,String_C_269,2024-01-24,84912.33258778654,0.15478108110135969,2.409786733848619,CT90,UT,0.0,120.0,60.0,1.5,0.0,0.7924571324548603
INSP_001269,String_C,String_C_270,2024-04-13,84912.33258778654,0.1552123959117726,2.409786733848619,CT90,UT,0.9170844420149772,120.0,60.0,1.5,0.0,0.7142670473748627
INSP_001270,String_C,String_C_271,2024-01-10,84912.33258778654,0.15105666902308798,2.409786733848619,CT90,UT,0.4528683619963656,120.0,60.0,1.5,0.0,0.764177351481075
INSP_001271,String_C,String_C_272,2024-01-30,84912.33258778654,0.15662703062893038,2.409786733848619,CT90,MFL,0.0,120.0,60.0,1.5,0.0,0.7506259165070441
INSP_001272,String_C,String_C_273,2024-01-11,84912.33258778654,0.15118219336343938,2.409786733848619,CT90,EMAT,0.0,120.0,60.0,1.5,0.0,0.772414485934999
INSP_001273,String_C,String_C_274,2024-02-23,84912.33258778654,0.15419528073314173,2.409786733848619,CT90,EMAT,2.482371441779653,120.0,60.0,1.5,0.0,0.9575366835530786
INSP_001274,String_C,String_C_275,2024-03-10,84912.33258778654,0.15522831213557295,2.409786733848619,CT90,MFL,1.3705555093815538,120.0,60.0,1.5,0.0,0.7636652519234701
INSP_001275,String_C,String_C_276,2024-05-04,84912.33258778654,0.15622528698695914,2.409786733848619,CT90,UT,1.0313470297857243,120.0,60.0,1.5,0.0,0.8262740588931068
INSP_001276,String_C,String_C_277,2024-05-26,84912.33258778654,0.1552592629739053,2.409786733848619,CT90,MFL,0.0,120.0,60.0,1.5,0.0,0.8665168983049393
INSP_001277,String_C,String_C_278,2024-01-08,84912.33258778654,0.15579892560524886,2.409786733848619,CT90,EMAT,0.0,120.0,60.0,1.5,0.0,0.9093092954235693
INSP_001278,String_C,String_C_279,2024-01-04,84912.33258778654,0.15295238490894925,2.409786733848619,CT90,MFL,0.0,120.0,60.0,1.5,0.0,0.8426142194863094
INSP_001279,String_C,String_C_280,2024-04-05,84912.33258778654,0.1558795724014421,2.409786733848619,CT90,MFL,0.0,120.0,60.0,1.5,0.0,0.8977543465620821
INSP_001280,String_C,String_C_281,2024-04-23,84912.33258778654,0.15135549128293885,2.409786733848619,CT90,UT,0.0,120.0,60.0,1.5,0.0,0.817918270941751
INSP_001281,String_C,String_C_282,2024-01-27,84912.33258778654,0.15637213149895168,2.409786733848619,CT90,MFL,0.0,120.0,60.0,1.5,0.0,0.7309501512765271
INSP_001282,String_C,String_C_283,2024-04-20,84912.33258778654,0.15423404948431918,2.409786733848619,CT90,UT,0.0,120.0,60.0,1.5,0.0,0.7190031258696188
INSP_001283,String_C,String_C_284,2024-02-05,84912.33258778654,0.15589479812754967,2.409786733848619,CT90,UT,0.3847188942548686,120.0,60.0,1.5,0.0,0.8025947319574537
INSP_001284,String_C,String_C_285,2024-04-09,84912.33258778654,0.15364738595422023,2.409786733848619,CT90,MFL,0.0,120.0,60.0,1.5,0.0,0.7203663375487896
INSP_001285,String_C,String_C_286,2024-01-16,84912.33258778654,0.15482509249654527,2.409786733848619,CT90,EMAT,0.0,120.0,60.0,1.5,0.0,0.9653222558833157
INSP_001286,String_C,String_C_287,2024-05-27,84912.33258778654,0.154103570852427,2.409786733848619,CT90,MFL,0.6828193854984743,120.0,60.0,1.5,0.0,0.9490628410815644
INSP_001287,String_C,String_C_288,2024-04-08,84912.33258778654,0.1553670376148154,2.409786733848619,CT90,EMAT,0.0,120.0,60.0,1.5,0.0,0.8238125458974629
INSP_001288,String_C,String_C_289,2024-03-23,84912.33258778654,0.15136482094235992,2.409786733848619,CT90,MFL,0.17610792842410872,120.0,60.0,1.5,0.0,0.7093010206643569
INSP_001289,String_C,String_C_290,2024-01-01,84912.33258778654,0.15123379931241868,2.409786733848619,CT90,UT,0.2801532551708331,120.0,60.0,1.5,0.0,0.8597803806220634
INSP_001290,String_C,String_C_291,2024-05-02,84912.33258778654,0.1523837456098838,2.409786733848619,CT90,UT,3.5359536130312583,120.0,60.0,1.5,0.0,0.9442654427140328
INSP_001291,String_C,String_C_292,2024-05-31,84912.33258778654,0.15184459158135627,2.409786733848619,CT90,UT,0.0,120.0,60.0,1.5,0.0,0.9989439229688029
INSP_001292,String_C,String_C_293,2024-05-01,84912.33258778654,0.15623030203257088,2.409786733848619,CT90,MFL,0.0,120.0,60.0,1.5,0.0,0.8716318971221442
INSP_001293,String_C,String_C_294,2024-06-13,84912.33258778654,0.1522120136771845,2.409786733848619,CT90,UT,0.6746819942712903,120.0,60.0,1.5,0.0,0.9237013731954745
INSP_001294,String_C,String_C_295,2024-01-10,84912.33258778654,0.15687119957535908,2.409786733848619,CT90,UT,2.6314619530281544,120.0,60.0,1.5,0.0,0.8947997774338987
INSP_001295,String_C,String_C_296,2024-03-12,84912.33258778654,0.1529366558293192,2.409786733848619,CT90,MFL,0.0,120.0,60.0,1.5,0.0,0.7424201070464043
INSP_001296,String_C,String_C_297,2024-05-01,84912.33258778654,0.15198358943314536,2.409786733848619,CT90,UT,0.0,120.0,60.0,1.5,0.0,0.8141419203253168
INSP_001297,String_C,String_C_298,2024-06-19,84912.33258778654,0.15572485181081042,2.409786733848619,CT90,EMAT,0.0,120.0,60.0,1.5,0.0,0.9171755767936622
INSP_001298,String_C,String_C_299,2024-05-15,84912.33258778654,0.15491825807986037,2.409786733848619,CT90,MFL,0.0,120.0,60.0,1.5,0.0,0.8627947098828939
INSP_001299,String_C,String_C_300,2024-04-07,84912.33258778654,0.1539298826509482,2.409786733848619,CT90,MFL,0.0,120.0,60.0,1.5,0.0,0.8966042207205447
INSP_001300,String_C,String_C_301,2024-04-11,84912.33258778654,0.15428190157877084,2.409786733848619,CT90,EMAT,0.0,120.0,60.0,1.5,0.0,0.990119825418478
INSP_001301,String_C,String_C_302,2024-01-03,84912.33258778654,0.15529075835361242,2.409786733848619,CT90,UT,0.0,120.0,60.0,1.5,0.0,0.8343095996520296
INSP_001302,String_C,String_C_303,2024-06-16,84912.33258778654,0.1522689149108113,2.409786733848619,CT90,MFL,0.0,120.0,60.0,1.5,0.0,0.9507244058580775
INSP_001303,String_C,String_C_304,2024-02-02,84912.33258778654,0.1569972382104724,2.409786733848619,CT90,MFL,0.0,120.0,60.0,1.5,0.0,0.7191222816911458
INSP_001304,String_C,String_C_305,2024-03-30,84912.33258778654,0.15686459800878816,2.409786733848619,CT90,UT,0.0,120.0,60.0,1.5,0.0,0.7727344841598939
INSP_001305,String_C,String_C_306,2024-04-09,84912.33258778654,0.1548666441948236,2.409786733848619,CT90,UT,0.0,120.0,60.0,1.5,0.0,0.873413289670141
INSP_001306,String_C,String_C_307,2024-03-02,84912.33258778654,0.15209088344329044,2.409786733848619,CT90,MFL,0.0,120.0,60.0,1.5,0.0,0.7370197367260161
INSP_001307,String_C,String_C_308,2024-01-11,84912.33258778654,0.15505077336163378,2.409786733848619,CT90,EMAT,1.2609478994779213,120.0,60.0,1.5,0.0,0.8312649092688709
INSP_001308,String_C,String_C_309,2024-01-18,84912.33258778654,0.15130674471359984,2.409786733848619,CT90,UT,2.085847273632116,120.0,60.0,1.5,0.0,0.7748292026814164
INSP_001309,String_C,String_C_310,2024-01-10,84912.33258778654,0.15105091998821604,2.409786733848619,CT90,EMAT,1.856719199793835,120.0,60.0,1.5,0.0,0.922260052909168
INSP_001310,String_C,String_C_311,2024-06-20,84912.33258778654,0.1524488913105699,2.409786733848619,CT90,MFL,0.5016505328827244,120.0,60.0,1.5,0.0,0.8309199828930982
INSP_001311,String_C,String_C_312,2024-05-26,84912.33258778654,0.15371083841309885,2.409786733848619,CT90,UT,0.0810079325555393,120.0,60.0,1.5,0.0,0.9670139025625857
INSP_001312,String_C,String_C_313,2024-04-20,84912.33258778654,0.15620868218279704,2.409786733848619,CT90,MFL,0.0,120.0,60.0,1.5,0.0,0.8702140423799356
INSP_001313,String_C,String_C_314,2024-05-14,84912.33258778654,0.15533981806410652,2.409786733848619,CT90,MFL,0.0,120.0,60.0,1.5,0.0,0.8478459151771759
INSP_001314,String_C,String_C_315,2024-05-09,84912.33258778654,0.1554354920920647,2.409786733848619,CT90,EMAT,0.0,120.0,60.0,1.5,0.0,0.9275730327119223
INSP_001315,String_C,String_C_316,2024-01-04,84912.33258778654,0.15348220757641798,2.409786733848619,CT90,UT,0.0,120.0,60.0,1.5,0.0,0.9134757205215349
INSP_001316,String_C,String_C_317,2024-04-01,84912.33258778654,0.15299231597097376,2.409786733848619,CT90,MFL,2.283920847143287,120.0,60.0,1.5,0.0,0.8150215790767704
INSP_001317,String_C,String_C_318,2024-03-27,84912.33258778654,0.15314689594472036,2.409786733848619,CT90,EMAT,0.0,120.0,60.0,1.5,0.0,0.8986372660739621
INSP_001318,String_C,String_C_319,2024-03-23,84912.33258778654,0.15694376309775687,2.409786733848619,CT90,MFL,0.0,120.0,60.0,1.5,0.0,0.8616546438882395
INSP_001319,String_C,String_C_320,2024-03-08,84912.33258778654,0.15110915087321117,2.409786733848619,CT90,MFL,0.0,120.0,60.0,1.5,0.0,0.9844892057964045
INSP_001320,String_C,String_C_321,2024-05-13,84912.33258778654,0.1562010404947361,2.409786733848619,CT90,EMAT,0.0,120.0,60.0,1.5,0.0,0.7896940943361481
INSP_001321,String_C,String_C_322,2024-06-09,84912.33258778654,0.15442544759908353,2.409786733848619,CT90,MFL,0.0,120.0,60.0,1.5,0.0,0.7835658561839843
INSP_001322,String_C,String_C_323,2024-04-08,84912.33258778654,0.15356300864651554,2.409786733848619,CT90,MFL,0.0,120.0,60.0,1.5,0.0,0.8204179470585529
INSP_001323,String_C,String_C_324,2024-02-12,84912.33258778654,0.15532804829398145,2.409786733848619,CT90,MFL,0.0,120.0,60.0,1.5,0.0,0.9802147401540112
INSP_001324,String_C,String_C_325,2024-06-13,84912.33258778654,0.1538589049232915,2.409786733848619,CT90,EMAT,0.0,120.0,60.0,1.5,0.0,0.9285298714831604
INSP_001325,String_C,String_C_326,2024-02-29,84912.33258778654,0.1562403985388476,2.409786733848619,CT90,EMAT,0.0,120.0,60.0,1.5,0.0,0.9115296117874143
INSP_001326,String_C,String_C_327,2024-03-28,84912.33258778654,0.15640837048913755,2.409786733848619,CT90,MFL,0.0,120.0,60.0,1.5,0.0,0.8926157967500679
INSP_001327,String_C,String_C_328,2024-04-26,84912.33258778654,0.15345897844972983,2.409786733848619,CT90,MFL,0.0,120.0,60.0,1.5,0.0,0.746080218801389
INSP_001328,String_C,String_C_329,2024-02-27,84912.33258778654,0.15256677876079433,2.409786733848619,CT90,MFL,0.8244611230328678,120.0,60.0,1.5,0.0,0.9807794551557927
INSP_001329,String_C,String_C_330,2024-05-14,84912.33258778654,0.15450965282965157,2.409786733848619,CT90,MFL,0.2274255797312186,120.0,60.0,1.5,0.0,0.9129347773487273
INSP_001330,String_C,String_C_331,2024-01-03,84912.33258778654,0.1564801776913621,2.409786733848619,CT90,MFL,0.0,120.0,60.0,1.5,0.0,0.8651258818327596
INSP_001331,String_C,String_C_332,2024-04-25,84912.33258778654,0.1521593547840481,2.409786733848619,CT90,EMAT,0.0,120.0,60.0,1.5,0.0,0.9143678237339948
INSP_001332,String_C,String_C_333,2024-04-05,84912.33258778654,0.15469817669706254,2.409786733848619,CT90,UT,0.0,120.0,60.0,1.5,0.0,0.9749746763997706
INSP_001333,String_C,String_C_334,2024-03-20,84912.33258778654,0.154751093214617,2.409786733848619,CT90,UT,0.0,120.0,60.0,1.5,0.0,0.9068041620089324
INSP_001334,String_C,String_C_335,2024-05-06,84912.33258778654,0.1553764187829791,2.409786733848619,CT90,MFL,0.0,120.0,60.0,1.5,0.0,0.8314707898666498
INSP_001335,String_C,String_C_336,2024-03-30,84912.33258778654,0.15167231932603203,2.409786733848619,CT90,EMAT,0.0,120.0,60.0,1.5,0.0,0.8956302512229507
INSP_001336,String_C,String_C_337,2024-01-31,84912.33258778654,0.15526996515215236,2.409786733848619,CT90,EMAT,0.0,120.0,60.0,1.5,0.0,0.9725487602027765
INSP_001337,String_C,String_C_338,2024-02-13,84912.33258778654,0.15645966767137262,2.409786733848619,CT90,MFL,0.0,120.0,60.0,1.5,0.0,0.7124267418622203
INSP_001338,String_C,String_C_339,2024-02-24,84912.33258778654,0.15196859676999105,2.409786733848619,CT90,UT,0.0,120.0,60.0,1.5,0.0,0.8443554672341915
INSP_001339,String_C,String_C_340,2024-04-06,84912.33258778654,0.15232487913405912,2.409786733848619,CT90,MFL,0.0,120.0,60.0,1.5,0.0,0.9076065689989351
INSP_001340,String_C,String_C_341,2024-05-20,84912.33258778654,0.15684367392968268,2.409786733848619,CT90,MFL,0.0,120.0,60.0,1.5,0.0,0.9920856583659268
INSP_001341,String_C,String_C_342,2024-05-06,84912.33258778654,0.15197656379419563,2.409786733848619,CT90,UT,0.0,120.0,60.0,1.5,0.0,0.7916720556819893
INSP_001342,String_C,String_C_343,2024-05-09,84912.33258778654,0.15612316850294172,2.409786733848619,CT90,UT,0.0,120.0,60.0,1.5,0.0,0.981323275145016
INSP_001343,String_C,String_C_344,2024-04-18,84912.33258778654,0.15389344260117568,2.409786733848619,CT90,EMAT,0.0,120.0,60.0,1.5,0.0,0.8305378597382116
INSP_001344,String_C,String_C_345,2024-03-19,84912.33258778654,0.15238453280496464,2.409786733848619,CT90,EMAT,0.0,120.0,60.0,1.5,0.0,0.7826340016018176
INSP_001345,String_C,String_C_346,2024-01-27,84912.33258778654,0.1562239370939503,2.409786733848619,CT90,MFL,0.0,120.0,60.0,1.5,0.0,0.942610835967986
INSP_001346,String_C,String_C_347,2024-06-26,84912.33258778654,0.15360420224517923,2.409786733848619,CT90,UT,0.0,120.0,60.0,1.5,0.0,0.8021223120351724
INSP_001347,String_C,String_C_348,2024-04-05,84912.33258778654,0.1540322327059383,2.409786733848619,CT90,MFL,5.59547448445521,120.0,60.0,1.5,0.0,0.8363201348748439
INSP_001348,String_C,String_C_349,2024-05-06,84912.33258778654,0.15307420258437654,2.409786733848619,CT90,EMAT,0.0,120.0,60.0,1.5,0.0,0.8032812719551187
INSP_001349,String_C,String_C_350,2024-05-22,84912.33258778654,0.15451335063294824,2.409786733848619,CT90,EMAT,2.3097197213404974,120.0,60.0,1.5,0.0,0.743183398016245
INSP_001350,String_C,String_C_351,2024-01-31,84912.33258778654,0.15186909401493917,2.409786733848619,CT90,EMAT,0.0,120.0,60.0,1.5,0.0,0.7661855360437448
INSP_001351,String_C,String_C_352,2024-06-05,84912.33258778654,0.15327031212377504,2.409786733848619,CT90,EMAT,0.0,120.0,60.0,1.5,0.0,0.8795247177468537
INSP_001352,String_C,String_C_353,2024-04-06,84912.33258778654,0.15683146473588552,2.409786733848619,CT90,MFL,0.0,120.0,60.0,1.5,0.0,0.916016327280996
INSP_001353,String_C,String_C_354,2024-06-28,84912.33258778654,0.15245166559936535,2.409786733848619,CT90,MFL,1.7470082439094297,120.0,60.0,1.5,0.0,0.776206552165201
INSP_001354,String_C,String_C_355,2024-01-24,84912.33258778654,0.15490612068874055,2.409786733848619,CT90,MFL,0.0,120.0,60.0,1.5,0.0,0.889382470868954
INSP_001355,String_C,String_C_356,2024-02-10,84912.33258778654,0.1528645761765314,2.409786733848619,CT90,EMAT,0.0,120.0,60.0,1.5,0.0,0.7812699639023368
INSP_001356,String_C,String_C_357,2024-01-10,84912.33258778654,0.15562494175762903,2.409786733848619,CT90,MFL,0.0,120.0,60.0,1.5,0.0,0.8278544663137626
INSP_001357,String_C,String_C_358,2024-05-22,84912.33258778654,0.15166804577377122,2.409786733848619,CT90,MFL,0.0,120.0,60.0,1.5,0.0,0.7840996477272844
INSP_001358,String_C,String_C_359,2024-01-15,84912.33258778654,0.15683398150328023,2.409786733848619,CT90,EMAT,0.0,120.0,60.0,1.5,0.0,0.8244363560357485
INSP_001359,String_C,String_C_360,2024-04-24,84912.33258778654,0.15365644542391957,2.409786733848619,CT90,MFL,0.0,120.0,60.0,1.5,0.0,0.823047646829869
INSP_001360,String_C,String_C_361,2024-05-28,84912.33258778654,0.1523156866303268,2.409786733848619,CT90,MFL,0.0,120.0,60.0,1.5,0.0,0.8430117312961638
INSP_001361,String_C,String_C_362,2024-05-13,84912.33258778654,0.15131473941338747,2.409786733848619,CT90,MFL,0.15597670583410508,120.0,60.0,1.5,0.0,0.7325624367628495
INSP_001362,String_C,String_C_363,2024-05-08,84912.33258778654,0.15190748094103734,2.409786733848619,CT90,MFL,0.0,120.0,60.0,1.5,0.0,0.7975416765768529
INSP_001363,String_C,String_C_364,2024-05-14,84912.33258778654,0.15406275362984148,2.409786733848619,CT90,UT,0.0,120.0,60.0,1.5,0.0,0.9113945236116612
INSP_001364,String_C,String_C_365,2024-01-29,84912.33258778654,0.1529373170653671,2.409786733848619,CT90,UT,0.0,120.0,60.0,1.5,0.0,0.7473401804848494
INSP_001365,String_C,String_C_366,2024-04-10,84912.33258778654,0.1559661380530648,2.409786733848619,CT90,EMAT,0.0,120.0,60.0,1.5,0.0,0.752002444036569
INSP_001366,String_C,String_C_367,2024-02-04,84912.33258778654,0.15351542305012997,2.409786733848619,CT90,UT,1.5862425704201577,120.0,60.0,1.5,0.0,0.8400882691748041
INSP_001367,String_C,String_C_368,2024-06-09,84912.33258778654,0.1523936658050047,2.409786733848619,CT90,EMAT,0.0,120.0,60.0,1.5,0.0,0.8799296754845691
INSP_001368,String_C,String_C_369,2024-02-06,84912.33258778654,0.15466232940044264,2.409786733848619,CT90,MFL,0.202949966024841,120.0,60.0,1.5,0.0,0.9594389784914803
INSP_001369,String_C,String_C_370,2024-03-26,84912.33258778654,0.1552142523810232,2.409786733848619,CT90,MFL,0.0,120.0,60.0,1.5,0.0,0.886141176486116
INSP_001370,String_C,String_C_371,2024-06-04,84912.33258778654,0.1518907568089058,2.409786733848619,CT90,MFL,0.0,120.0,60.0,1.5,0.0,0.9875194779276183
INSP_001371,String_C,String_C_372,2024-01-11,84912.33258778654,0.15189431166595743,2.409786733848619,CT90,EMAT,0.0,120.0,60.0,1.5,0.0,0.9757045975419257
INSP_001372,String_C,String_C_373,2024-01-05,84912.33258778654,0.15108798235813803,2.409786733848619,CT90,MFL,0.0,120.0,60.0,1.5,0.0,0.9881930552608544
INSP_001373,String_C,String_C_374,2024-01-11,84912.33258778654,0.15539667121473263,2.409786733848619,CT90,MFL,0.0,120.0,60.0,1.5,0.0,0.8303113440405855
INSP_001374,String_C,String_C_375,2024-05-12,84912.33258778654,0.15494964204311812,2.409786733848619,CT90,MFL,0.3394400724260983,120.0,60.0,1.5,0.0,0.8774366772468956
INSP_001375,String_C,String_C_376,2024-05-22,84912.33258778654,0.15378477885204628,2.409786733848619,CT90,EMAT,0.0,120.0,60.0,1.5,0.0,0.9229374943748575
INSP_001376,String_C,String_C_377,2024-03-28,84912.33258778654,0.15606027040294657,2.409786733848619,CT90,EMAT,0.0,120.0,60.0,1.5,0.0,0.7522078176104617
INSP_001377,String_C,String_C_378,2024-04-17,84912.33258778654,0.15582319945128772,2.409786733848619,CT90,MFL,0.0,120.0,60.0,1.5,0.0,0.7658174024906429
INSP_001378,String_C,String_C_379,2024-04-14,84912.33258778654,0.15446657420269666,2.409786733848619,CT90,MFL,0.0,120.0,60.0,1.5,0.0,0.7167534534636143
INSP_001379,String_C,String_C_380,2024-06-18,84912.33258778654,0.15620867464033422,2.409786733848619,CT90,EMAT,0.0,120.0,60.0,1.5,0.0,0.827704935363454
INSP_001380,String_C,String_C_381,2024-05-20,84912.33258778654,0.15212966893250257,2.409786733848619,CT90,EMAT,0.0,120.0,60.0,1.5,0.0,0.7158312055453782
INSP_001381,String_C,String_C_382,2024-06-16,84912.33258778654,0.1515513336162484,2.409786733848619,CT90,MFL,0.3602474126933923,120.0,60.0,1.5,0.0,0.7720603921588857
INSP_001382,String_C,String_C_383,2024-01-08,84912.33258778654,0.15252319384333382,2.409786733848619,CT90,MFL,0.0,120.0,60.0,1.5,0.0,0.815595734893565
INSP_001383,String_C,String_C_384,2024-01-09,84912.33258778654,0.15121369321542796,2.409786733848619,CT90,MFL,0.01812304041897329,120.0,60.0,1.5,0.0,0.8132669251232327
INSP_001384,String_C,String_C_385,2024-01-11,84912.33258778654,0.15413292350236374,2.409786733848619,CT90,EMAT,0.0,120.0,60.0,1.5,0.0,0.707221955861088
INSP_001385,String_C,String_C_386,2024-03-10,84912.33258778654,0.1566294533279599,2.409786733848619,CT90,UT,0.0,120.0,60.0,1.5,0.0,0.9877537490288282
INSP_001386,String_C,String_C_387,2024-03-21,84912.33258778654,0.1511044362717852,2.409786733848619,CT90,EMAT,0.0,120.0,60.0,1.5,0.0,0.8924027745860923
INSP_001387,String_C,String_C_388,2024-04-10,84912.33258778654,0.1516140817790215,2.409786733848619,CT90,MFL,0.0,120.0,60.0,1.5,0.0,0.7523698692140354
INSP_001388,String_C,String_C_389,2024-02-28,84912.33258778654,0.15364665161729263,2.409786733848619,CT90,MFL,0.0,120.0,60.0,1.5,0.0,0.7224598898004432
INSP_001389,String_C,String_C_390,2024-04-18,84912.33258778654,0.15661263881657603,2.409786733848619,CT90,MFL,0.0,120.0,60.0,1.5,0.0,0.912368170658965
INSP_001390,String_C,String_C_391,2024-02-07,84912.33258778654,0.15280894831031727,2.409786733848619,CT90,MFL,0.0,120.0,60.0,1.5,0.0,0.8350862737072792
INSP_001391,String_C,String_C_392,2024-02-10,84912.33258778654,0.1539855421242488,2.409786733848619,CT90,UT,0.34081346796572115,120.0,60.0,1.5,0.0,0.7251126062996421
INSP_001392,String_C,String_C_393,2024-02-23,84912.33258778654,0.1511181636111823,2.409786733848619,CT90,MFL,1.1708657563294729,120.0,60.0,1.5,0.0,0.9119201116859075
INSP_001393,String_C,String_C_394,2024-04-01,84912.33258778654,0.15177561690851174,2.409786733848619,CT90,EMAT,0.0,120.0,60.0,1.5,0.0,0.7285814160397674
INSP_001394,String_C,String_C_395,2024-03-11,84912.33258778654,0.15693748574874394,2.409786733848619,CT90,UT,2.206537245985474,120.0,60.0,1.5,0.0,0.8761230082728936
INSP_001395,String_C,String_C_396,2024-02-05,84912.33258778654,0.15680502613454347,2.409786733848619,CT90,MFL,0.5425944869046085,120.0,60.0,1.5,0.0,0.9481639070778358
INSP_001396,String_C,String_C_397,2024-03-02,84912.33258778654,0.15089259154616128,2.409786733848619,CT90,EMAT,0.0,120.0,60.0,1.5,0.0,0.7949139532218494
INSP_001397,String_C,String_C_398,2024-05-11,84912.33258778654,0.15672308697085816,2.409786733848619,CT90,MFL,0.18019180718272346,120.0,60.0,1.5,0.0,0.7360575830514132
INSP_001398,String_C,String_C_399,2024-02-14,84912.33258778654,0.1547976432326732,2.409786733848619,CT90,UT,1.422833616498347,120.0,60.0,1.5,0.0,0.7622683520196339
INSP_001399,String_C,String_C_400,2024-03-01,84912.33258778654,0.15620650107976478,2.409786733848619,CT90,UT,0.0,120.0,60.0,1.5,0.0,0.9753641926874806
INSP_001400,String_C,String_C_401,2024-06-24,84912.33258778654,0.1536622971166848,2.409786733848619,CT90,MFL,1.3997635700547981,120.0,60.0,1.5,0.0,0.8601958576400828
INSP_001401,String_C,String_C_402,2024-01-01,84912.33258778654,0.15403702750388248,2.409786733848619,CT90,EMAT,0.4363569109384889,120.0,60.0,1.5,0.0,0.9110002021752289
INSP_001402,String_C,String_C_403,2024-02-11,84912.33258778654,0.15387231403864132,2.409786733848619,CT90,MFL,0.6702281593473852,120.0,60.0,1.5,0.0,0.9920208496019807
INSP_001403,String_C,String_C_404,2024-04-24,84912.33258778654,0.15496848275760544,2.409786733848619,CT90,MFL,0.0,120.0,60.0,1.5,0.0,0.920531148474802
INSP_001404,String_C,String_C_405,2024-04-26,84912.33258778654,0.1517220950353878,2.409786733848619,CT90,MFL,0.0,120.0,60.0,1.5,0.0,0.7408203682689795
INSP_001405,String_C,String_C_406,2024-01-09,84912.33258778654,0.15104673949067318,2.409786733848619,CT90,EMAT,0.0,120.0,60.0,1.5,0.0,0.9436437959441444
INSP_001406,String_C,String_C_407,2024-04-10,84912.33258778654,0.15275829455998388,2.409786733848619,CT90,MFL,1.4712252803566668,120.0,60.0,1.5,0.0,0.9640773803522962
INSP_001407,String_C,String_C_408,2024-05-01,84912.33258778654,0.15520134317170395,2.409786733848619,CT90,UT,0.0,120.0,60.0,1.5,0.0,0.8683530122517602
INSP_001408,String_C,String_C_409,2024-02-21,84912.33258778654,0.15210511375601393,2.409786733848619,CT90,EMAT,0.7635346899820606,120.0,60.0,1.5,0.0,0.7418151228633334
INSP_001409,String_C,String_C_410,2024-02-22,84912.33258778654,0.15500892721761092,2.409786733848619,CT90,EMAT,0.0,120.0,60.0,1.5,0.0,0.9888589785925733
INSP_001410,String_C,String_C_411,2024-04-04,84912.33258778654,0.15683454185482845,2.409786733848619,CT90,MFL,0.0,120.0,60.0,1.5,0.0,0.763742609781581
INSP_001411,String_C,String_C_412,2024-04-24,84912.33258778654,0.15144037969983834,2.409786733848619,CT90,UT,0.0,120.0,60.0,1.5,0.0,0.7976200699735106
INSP_001412,String_C,String_C_413,2024-05-19,84912.33258778654,0.1550038144363797,2.409786733848619,CT90,MFL,0.0,120.0,60.0,1.5,0.0,0.8480164461377446
INSP_001413,String_C,String_C_414,2024-04-04,84912.33258778654,0.1535946268956124,2.409786733848619,CT90,UT,0.0,120.0,60.0,1.5,0.0,0.9980626815011376
INSP_001414,String_C,String_C_415,2024-02-16,84912.33258778654,0.15620788014387693,2.409786733848619,CT90,EMAT,0.0,120.0,60.0,1.5,0.0,0.7872202729852161
INSP_001415,String_C,String_C_416,2024-02-17,84912.33258778654,0.15195299750171182,2.409786733848619,CT90,EMAT,0.0,120.0,60.0,1.5,0.0,0.7458919694009026
INSP_001416,String_C,String_C_417,2024-03-25,84912.33258778654,0.15512711399179413,2.409786733848619,CT90,UT,0.0,120.0,60.0,1.5,0.0,0.974250844509076
INSP_001417,String_C,String_C_418,2024-05-19,84912.33258778654,0.15602298491345365,2.409786733848619,CT90,MFL,0.0,120.0,60.0,1.5,0.0,0.8207344855146572
INSP_001418,String_C,String_C_419,2024-05-29,84912.33258778654,0.15667876695294558,2.409786733848619,CT90,MFL,0.0,120.0,60.0,1.5,0.0,0.7568219031606863
INSP_001419,String_C,String_C_420,2024-04-22,84912.33258778654,0.15506936811495436,2.409786733848619,CT90,EMAT,1.0693350321731747,120.0,60.0,1.5,0.0,0.804818348133801
INSP_001420,String_C,String_C_421,2024-04-01,84912.33258778654,0.15392359599363142,2.409786733848619,CT90,EMAT,0.0,120.0,60.0,1.5,0.0,0.8988295937481876
INSP_001421,String_C,String_C_422,2024-01-01,84912.33258778654,0.15466665362507998,2.409786733848619,CT90,MFL,0.0,120.0,60.0,1.5,0.0,0.9210821378816136
INSP_001422,String_C,String_C_423,2024-03-06,84912.33258778654,0.15621257676103706,2.409786733848619,CT90,MFL,0.0,120.0,60.0,1.5,0.0,0.9093265713223264
INSP_001423,String_C,String_C_424,2024-04-20,84912.33258778654,0.15437578215886463,2.409786733848619,CT90,UT,1.4719270276262015,120.0,60.0,1.5,0.0,0.7004355347767693
INSP_001424,String_C,String_C_425,2024-02-18,84912.33258778654,0.1510492854888818,2.409786733848619,CT90,MFL,0.41530887970982205,120.0,60.0,1.5,0.0,0.8445300452182004
INSP_001425,String_C,String_C_426,2024-05-04,84912.33258778654,0.15659461957989232,2.409786733848619,CT90,EMAT,0.0,120.0,60.0,1.5,0.0,0.822027030353284
INSP_001426,String_C,String_C_427,2024-06-22,84912.33258778654,0.15510803022744535,2.409786733848619,CT90,MFL,0.0,120.0,60.0,1.5,0.0,0.7446555691482039
INSP_001427,String_C,String_C_428,2024-01-03,84912.33258778654,0.15502789861277957,2.409786733848619,CT90,UT,0.0,120.0,60.0,1.5,0.0,0.8465312197941564
INSP_001428,String_C,String_C_429,2024-05-22,84912.33258778654,0.15219022280650157,2.409786733848619,CT90,MFL,0.479892977656113,120.0,60.0,1.5,0.0,0.8502243801145666
INSP_001429,String_C,String_C_430,2024-01-26,84912.33258778654,0.15491935225999726,2.409786733848619,CT90,UT,0.7485134502951202,120.0,60.0,1.5,0.0,0.9877518213701115
INSP_001430,String_C,String_C_431,2024-02-14,84912.33258778654,0.15328744802845515,2.409786733848619,CT90,EMAT,0.9015214664302021,120.0,60.0,1.5,0.0,0.718870243938919
INSP_001431,String_C,String_C_432,2024-01-20,84912.33258778654,0.15487223096403396,2.409786733848619,CT90,MFL,1.3906797340206167,120.0,60.0,1.5,0.0,0.8672486073686081
INSP_001432,String_C,String_C_433,2024-03-23,84912.33258778654,0.15151853439974441,2.409786733848619,CT90,UT,0.0,120.0,60.0,1.5,0.0,0.9541047409239571
INSP_001433,String_C,String_C_434,2024-04-03,84912.33258778654,0.15491294729481014,2.409786733848619,CT90,UT,2.0939890225766176,120.0,60.0,1.5,0.0,0.8101406827006726
INSP_001434,String_C,String_C_435,2024-03-22,84912.33258778654,0.15701620256906967,2.409786733848619,CT90,EMAT,0.0,120.0,60.0,1.5,0.0,0.8427560704557908
INSP_001435,String_C,String_C_436,2024-02-18,84912.33258778654,0.15115904528843088,2.409786733848619,CT90,MFL,0.0,120.0,60.0,1.5,0.0,0.8304964623934071
INSP_001436,String_C,String_C_437,2024-04-15,84912.33258778654,0.15687925948486744,2.409786733848619,CT90,MFL,0.0,120.0,60.0,1.5,0.0,0.979629620785516
INSP_001437,String_C,String_C_438,2024-06-27,84912.33258778654,0.15336776554112094,2.409786733848619,CT90,MFL,0.0,120.0,60.0,1.5,0.0,0.9688802292587568
INSP_001438,String_C,String_C_439,2024-05-20,84912.33258778654,0.15622395894781232,2.409786733848619,CT90,MFL,0.0,120.0,60.0,1.5,0.0,0.83307421598301
INSP_001439,String_C,String_C_440,2024-02-06,84912.33258778654,0.1556798208494585,2.409786733848619,CT90,UT,0.0,120.0,60.0,1.5,0.0,0.9149567121675973
INSP_001440,String_C,String_C_441,2024-02-12,84912.33258778654,0.1543536547689114,2.409786733848619,CT90,MFL,0.0,120.0,60.0,1.5,0.0,0.7259979689759176
INSP_001441,String_C,String_C_442,2024-04-18,84912.33258778654,0.1554092770989469,2.409786733848619,CT90,UT,0.4568031030296751,120.0,60.0,1.5,0.0,0.9587856744321896
INSP_001442,String_C,String_C_443,2024-05-22,84912.33258778654,0.1562717552305272,2.409786733848619,CT90,UT,0.4275647865754294,120.0,60.0,1.5,0.0,0.8115605680654395
INSP_001443,String_C,String_C_444,2024-02-03,84912.33258778654,0.15335072341686604,2.409786733848619,CT90,MFL,0.8461792627070593,120.0,60.0,1.5,0.0,0.825632809436927
INSP_001444,String_C,String_C_445,2024-02-25,84912.33258778654,0.15287592530589478,2.409786733848619,CT90,EMAT,0.0,120.0,60.0,1.5,0.0,0.8756653170552711
INSP_001445,String_C,String_C_446,2024-03-22,84912.33258778654,0.1549729724652404,2.409786733848619,CT90,MFL,1.261375242447352,120.0,60.0,1.5,0.0,0.9366580930009065
INSP_001446,String_C,String_C_447,2024-05-13,84912.33258778654,0.15583659717598308,2.409786733848619,CT90,UT,1.1554400764443424,120.0,60.0,1.5,0.0,0.8653640479707361
INSP_001447,String_C,String_C_448,2024-01-26,84912.33258778654,0.15555605014051363,2.409786733848619,CT90,MFL,3.4910679643181055,120.0,60.0,1.5,0.0,0.781809675073145
INSP_001448,String_C,String_C_449,2024-03-14,84912.33258778654,0.15577482192970352,2.409786733848619,CT90,MFL,0.0,120.0,60.0,1.5,0.0,0.8390862183852809
INSP_001449,String_C,String_C_450,2024-04-19,84912.33258778654,0.15354433804019746,2.409786733848619,CT90,UT,0.0,120.0,60.0,1.5,0.0,0.9037153621613683
INSP_001450,String_C,String_C_451,2024-02-20,84912.33258778654,0.15589810137005083,2.409786733848619,CT90,MFL,0.0,120.0,60.0,1.5,0.0,0.7902101223898804
INSP_001451,String_C,String_C_452,2024-04-05,84912.33258778654,0.15160237697637813,2.409786733848619,CT90,MFL,0.0,120.0,60.0,1.5,0.0,0.9524853064829142
INSP_001452,String_C,String_C_453,2024-01-18,84912.33258778654,0.15421494061528387,2.409786733848619,CT90,EMAT,0.0,120.0,60.0,1.5,0.0,0.7749335694465271
INSP_001453,String_C,String_C_454,2024-01-21,84912.33258778654,0.15089763267995351,2.409786733848619,CT90,MFL,0.0,120.0,60.0,1.5,0.0,0.8787939066762953
INSP_001454,String_C,String_C_455,2024-06-18,84912.33258778654,0.15286085551926049,2.409786733848619,CT90,UT,0.0,0.0,100.0,0.0,0.0,0.8248088093111758
INSP_001455,String_C,String_C_456,2024-03-15,84912.33258778654,0.15311871102312347,2.409786733848619,CT90,EMAT,0.08704937200841889,0.0,100.0,0.0,0.0,0.7192088241600192
INSP_001456,String_C,String_C_457,2024-05-24,84912.33258778654,0.15330166162171696,2.409786733848619,CT90,MFL,1.8184079752879572,120.0,60.0,1.5,0.0,0.7707384127125696
INSP_001457,String_C,String_C_458,2024-04-10,84912.33258778654,0.15514460941310929,2.409786733848619,CT90,UT,0.0,120.0,60.0,1.5,0.0,0.9608081674086502
INSP_001458,String_C,String_C_459,2024-01-09,84912.33258778654,0.1532547737178619,2.409786733848619,CT90,MFL,0.0,0.0,100.0,0.0,0.0,0.9784115939299391
INSP_001459,String_C,String_C_460,2024-04-27,84912.33258778654,0.15362506659219133,2.409786733848619,CT90,MFL,0.0,0.0,100.0,0.0,0.0,0.8523105216286395
INSP_001460,String_C,String_C_461,2024-01-15,84912.33258778654,0.15232488409681164,2.409786733848619,CT90,MFL,0.0,0.0,100.0,0.0,0.0,0.8626298099902512
INSP_001461,String_C,String_C_462,2024-05-07,84912.33258778654,0.15316052297778512,2.409786733848619,CT90,EMAT,0.0,0.0,100.0,0.0,0.0,0.8900588360149171
INSP_001462,String_C,String_C_463,2024-02-19,84912.33258778654,0.152261617405363,2.409786733848619,CT90,MFL,0.0,0.0,100.0,0.0,0.0,0.898940381550269
INSP_001463,String_C,String_C_464,2024-04-03,84912.33258778654,0.1513128870502787,2.409786733848619,CT90,MFL,0.0,0.0,100.0,0.0,0.0,0.7888148558745861
INSP_001464,String_C,String_C_465,2024-03-27,84912.33258778654,0.1545779919456352,2.409786733848619,CT90,MFL,0.0,0.0,100.0,0.0,0.0,0.9359443296820573
INSP_001465,String_C,String_C_466,2024-05-02,84912.33258778654,0.15497678658727404,2.409786733848619,CT90,MFL,0.0,0.0,100.0,0.0,0.0,0.7993710702127476
INSP_001466,String_C,String_C_467,2024-01-29,84912.33258778654,0.15467677127865542,2.409786733848619,CT90,MFL,0.0,0.0,100.0,0.0,0.0,0.7736864283527055
INSP_001467,String_C,String_C_468,2024-01-13,84912.33258778654,0.15371620225337912,2.409786733848619,CT90,UT,0.0,0.0,100.0,0.0,0.0,0.718195469146833
INSP_001468,String_C,String_C_469,2024-04-11,84912.33258778654,0.1532007569251522,2.409786733848619,CT90,EMAT,1.9283737522676307,0.0,100.0,0.0,0.0,0.7185279094182858
INSP_001469,String_C,String_C_470,2024-02-14,84912.33258778654,0.1561782704879702,2.409786733848619,CT90,MFL,0.0,0.0,100.0,0.0,0.0,0.9181457945138183
INSP_001470,String_C,String_C_471,2024-06-07,84912.33258778654,0.1540584915368811,2.409786733848619,CT90,MFL,1.166554330531591,0.0,100.0,0.0,0.0,0.9466029869521045
INSP_001471,String_C,String_C_472,2024-01-18,84912.33258778654,0.1538128022819476,2.409786733848619,CT90,EMAT,0.0,0.0,100.0,0.0,0.0,0.9229767795133985
INSP_001472,String_C,String_C_473,2024-05-17,84912.33258778654,0.15102006752607305,2.409786733848619,CT90,UT,0.0,0.0,100.0,0.0,0.0,0.7639817061121924
INSP_001473,String_C,String_C_474,2024-02-04,84912.33258778654,0.15296345409812465,2.409786733848619,CT90,UT,0.0,0.0,100.0,0.0,0.0,0.8174745126634805
INSP_001474,String_C,String_C_475,2024-02-19,84912.33258778654,0.15320328056363153,2.409786733848619,CT90,EMAT,0.35876284530321356,0.0,100.0,0.0,0.0,0.9420955440687747
INSP_001475,String_C,String_C_476,2024-02-17,84912.33258778654,0.1533179799167527,2.409786733848619,CT90,EMAT,0.0,0.0,100.0,0.0,0.0,0.9872952510543855
INSP_001476,String_C,String_C_477,2024-03-06,84912.33258778654,0.15443466534345843,2.409786733848619,CT90,MFL,0.0,0.0,100.0,0.0,0.0,0.9920319721022248
INSP_001477,String_C,String_C_478,2024-01-19,84912.33258778654,0.15414790515508803,2.409786733848619,CT90,MFL,0.0,0.0,100.0,0.0,0.0,0.8698157632662856
INSP_001478,String_C,String_C_479,2024-01-13,84912.33258778654,0.15460543346338768,2.409786733848619,CT90,MFL,0.0,0.0,100.0,0.0,0.0,0.8980318358333323
INSP_001479,String_C,String_C_480,2024-06-10,84912.33258778654,0.15557204846905956,2.409786733848619,CT90,MFL,3.5188104697880895,0.0,100.0,0.0,0.0,0.7255014440285814
INSP_001480,String_C,String_C_481,2024-06-01,84912.33258778654,0.15586824619271106,2.409786733848619,CT90,UT,1.6945102763942685,0.0,100.0,0.0,0.0,0.9142317413065782
INSP_001481,String_C,String_C_482,2024-04-29,84912.33258778654,0.15528411609505888,2.409786733848619,CT90,MFL,0.0,0.0,100.0,0.0,0.0,0.944807159989743
INSP_001482,String_C,String_C_483,2024-03-07,84912.33258778654,0.1567459435785524,2.409786733848619,CT90,MFL,1.0069341681209412,0.0,100.0,0.0,0.0,0.9371662863884532
INSP_001483,String_C,String_C_484,2024-02-04,84912.33258778654,0.15097444259851214,2.409786733848619,CT90,UT,0.0,0.0,100.0,0.0,0.0,0.8380716047667165
INSP_001484,String_C,String_C_485,2024-02-08,84912.33258778654,0.15206770322260285,2.409786733848619,CT90,MFL,0.0,0.0,100.0,0.0,0.0,0.7034375858675898
INSP_001485,String_C,String_C_486,2024-01-20,84912.33258778654,0.15090874238268315,2.409786733848619,CT90,MFL,0.0,0.0,100.0,0.0,0.0,0.9872506848689231
INSP_001486,String_C,String_C_487,2024-01-19,84912.33258778654,0.1548490889352367,2.409786733848619,CT90,MFL,0.0,0.0,100.0,0.0,0.0,0.8074622337036157
INSP_001487,String_C,String_C_488,2024-05-14,84912.33258778654,0.15639192149343523,2.409786733848619,CT90,MFL,0.05638375307722841,0.0,100.0,0.0,0.0,0.9362901312146453
INSP_001488,String_C,String_C_489,2024-04-27,84912.33258778654,0.15236144918174954,2.409786733848619,CT90,EMAT,0.0,0.0,100.0,0.0,0.0,0.7751519799761716
INSP_001489,String_C,String_C_490,2024-05-22,84912.33258778654,0.15657051765004082,2.409786733848619,CT90,MFL,0.0,0.0,100.0,0.0,0.0,0.9968209048241022
INSP_001490,String_C,String_C_491,2024-01-14,84912.33258778654,0.1512332777991221,2.409786733848619,CT90,EMAT,0.0,0.0,100.0,0.0,0.0,0.9266337195567984
INSP_001491,String_C,String_C_492,2024-06-17,84912.33258778654,0.15661609330958215,2.409786733848619,CT90,UT,0.0,0.0,100.0,0.0,0.0,0.9779986787232526
INSP_001492,String_C,String_C_493,2024-01-17,84912.33258778654,0.1530273387456783,2.409786733848619,CT90,MFL,0.6475540763570078,0.0,100.0,0.0,0.0,0.763075141617954
INSP_001493,String_C,String_C_494,2024-03-21,84912.33258778654,0.1514866858441847,2.409786733848619,CT90,UT,0.0,0.0,100.0,0.0,0.0,0.8713431751312075
INSP_001494,String_C,String_C_495,2024-01-06,84912.33258778654,0.15385399616228343,2.409786733848619,CT90,MFL,0.0,0.0,100.0,0.0,0.0,0.9586632994790771
INSP_001495,String_C,String_C_496,2024-03-22,84912.33258778654,0.15244331051367802,2.409786733848619,CT90,MFL,0.0,0.0,100.0,0.0,0.0,0.7055069318948053
INSP_001496,String_C,String_C_497,2024-06-17,84912.33258778654,0.15261631761714092,2.409786733848619,CT90,MFL,2.0566198644862426,0.0,100.0,0.0,0.0,0.7596792541221237
INSP_001497,String_C,String_C_498,2024-06-10,84912.33258778654,0.15275435381425784,2.409786733848619,CT90,MFL,0.08341749760563119,0.0,100.0,0.0,0.0,0.8232834622565919
INSP_001498,String_C,String_C_499,2024-05-22,84912.33258778654,0.15580691708097044,2.409786733848619,CT90,MFL,0.0,0.0,100.0,0.0,0.0,0.8104052198498761
INSP_001499,String_C,String_C_500,2024-02-05,84912.33258778654,0.15418213381136175,2.409786733848619,CT90,MFL,0.0,0.0,100.0,0.0,0.0,0.7989475097413988
INSP_001500,String_D,String_D_001,2024-06-16,79394.5502748084,0.10837694303446643,1.7164409146007062,CT80,UT,0.0,120.0,60.0,1.5,0.0,0.7709406841243849
INSP_001501,String_D,String_D_002,2024-04-20,79394.5502748084,0.10968310284197143,1.7164409146007062,CT80,UT,0.5007944851551718,120.0,60.0,1.5,0.0,0.964164550681996
INSP_001502,String_D,String_D_003,2024-06-13,79394.5502748084,0.11014531593035588,1.7164409146007062,CT80,UT,0.8145089021071387,120.0,60.0,1.5,0.0,0.9584636117191812
INSP_001503,String_D,String_D_004,2024-01-08,79394.5502748084,0.10820797084520786,1.7164409146007062,CT80,MFL,0.0,120.0,60.0,1.5,0.0,0.9109829325011087
INSP_001504,String_D,String_D_005,2024-04-27,79394.5502748084,0.10882353822302732,1.7164409146007062,CT80,EMAT,0.18006676245322487,120.0,60.0,1.5,0.0,0.708800949917867
INSP_001505,String_D,String_D_006,2024-04-03,79394.5502748084,0.10754954067291951,1.7164409146007062,CT80,MFL,0.0,120.0,60.0,1.5,0.0,0.718373419296657
INSP_001506,String_D,String_D_007,2024-02-08,79394.5502748084,0.10780840532523275,1.7164409146007062,CT80,MFL,0.0,120.0,60.0,1.5,0.0,0.9385603233989019
INSP_001507,String_D,String_D_008,2024-03-08,79394.5502748084,0.10999229094628422,1.7164409146007062,CT80,EMAT,0.0,120.0,60.0,1.5,0.0,0.7383545226721681
INSP_001508,String_D,String_D_009,2024-05-08,79394.5502748084,0.10780966768260648,1.7164409146007062,CT80,UT,0.0,120.0,60.0,1.5,0.0,0.7783124134088247
INSP_001509,String_D,String_D_010,2024-06-28,79394.5502748084,0.10931107458524479,1.7164409146007062,CT80,MFL,0.0,120.0,60.0,1.5,0.0,0.9614318723208075
INSP_001510,String_D,String_D_011,2024-03-07,79394.5502748084,0.11011428352697658,1.7164409146007062,CT80,MFL,0.0,120.0,60.0,1.5,0.0,0.9042904186531564
INSP_001511,String_D,String_D_012,2024-02-02,79394.5502748084,0.10748397992102134,1.7164409146007062,CT80,EMAT,0.0,120.0,60.0,1.5,0.0,0.9053562915988582
INSP_001512,String_D,String_D_013,2024-03-20,79394.5502748084,0.10949518265602419,1.7164409146007062,CT80,MFL,0.0,120.0,60.0,1.5,0.0,0.7308048025965562
INSP_001513,String_D,String_D_014,2024-01-16,79394.5502748084,0.10813781470412631,1.7164409146007062,CT80,MFL,0.0,120.0,60.0,1.5,0.0,0.8317377980099356
INSP_001514,String_D,String_D_015,2024-04-10,79394.5502748084,0.11122324582441415,1.7164409146007062,CT80,MFL,0.0,120.0,60.0,1.5,0.0,0.8708433529272366
INSP_001515,String_D,String_D_016,2024-04-17,79394.5502748084,0.10912928637959948,1.7164409146007062,CT80,MFL,0.0,120.0,60.0,1.5,0.0,0.7758473037307463
INSP_001516,String_D,String_D_017,2024-03-10,79394.5502748084,0.1105377494105604,1.7164409146007062,CT80,MFL,0.3905823199628976,120.0,60.0,1.5,0.0,0.8251334705236746
INSP_001517,String_D,String_D_018,2024-02-06,79394.5502748084,0.10942055162421362,1.7164409146007062,CT80,EMAT,1.269380289804428,120.0,60.0,1.5,0.0,0.8405443775564833
INSP_001518,String_D,String_D_019,2024-05-30,79394.5502748084,0.10720676452031984,1.7164409146007062,CT80,MFL,0.8985716815843453,120.0,60.0,1.5,0.0,0.8379791387738742
INSP_001519,String_D,String_D_020,2024-06-04,79394.5502748084,0.10978277114357947,1.7164409146007062,CT80,EMAT,1.8873048093019547,120.0,60.0,1.5,0.0,0.9533380083358718
INSP_001520,String_D,String_D_021,2024-03-09,79394.5502748084,0.11117291049755468,1.7164409146007062,CT80,MFL,0.0,120.0,60.0,1.5,0.0,0.9070762520184746
INSP_001521,String_D,String_D_022,2024-02-20,79394.5502748084,0.10964500490225383,1.7164409146007062,CT80,UT,0.0,120.0,60.0,1.5,0.0,0.8279112004484259
INSP_001522,String_D,String_D_023,2024-03-30,79394.5502748084,0.11059539150329978,1.7164409146007062,CT80,UT,0.0,120.0,60.0,1.5,0.0,0.7751419892388037
INSP_001523,String_D,String_D_024,2024-03-20,79394.5502748084,0.11087939141341699,1.7164409146007062,CT80,UT,0.0,120.0,60.0,1.5,0.0,0.7165745792320592
INSP_001524,String_D,String_D_025,2024-02-17,79394.5502748084,0.10801339958745561,1.7164409146007062,CT80,MFL,0.0,120.0,60.0,1.5,0.0,0.7426524338734368
INSP_001525,String_D,String_D_026,2024-04-10,79394.5502748084,0.10794335826043613,1.7164409146007062,CT80,MFL,0.1927951760414205,120.0,60.0,1.5,0.0,0.7566650741051846
INSP_001526,String_D,String_D_027,2024-05-03,79394.5502748084,0.10968592986579453,1.7164409146007062,CT80,EMAT,0.4728394965063313,120.0,60.0,1.5,0.0,0.7942491475400812
INSP_001527,String_D,String_D_028,2024-02-25,79394.5502748084,0.10881252798674734,1.7164409146007062,CT80,MFL,0.0,120.0,60.0,1.5,0.0,0.9507385164482931
INSP_001528,String_D,String_D_029,2024-04-19,79394.5502748084,0.11068568969524671,1.7164409146007062,CT80,UT,0.0,120.0,60.0,1.5,0.0,0.9262697025254623
INSP_001529,String_D,String_D_030,2024-05-29,79394.5502748084,0.11094847931825362,1.7164409146007062,CT80,MFL,0.0,120.0,60.0,1.5,0.0,0.8228045087021151
INSP_001530,String_D,String_D_031,2024-01-26,79394.5502748084,0.10856089754301446,1.7164409146007062,CT80,UT,0.0,120.0,60.0,1.5,0.0,0.7295389956309172
INSP_001531,String_D,String_D_032,2024-04-20,79394.5502748084,0.10805179815299065,1.7164409146007062,CT80,MFL,0.0,120.0,60.0,1.5,0.0,0.8138234629008201
INSP_001532,String_D,String_D_033,2024-02-24,79394.5502748084,0.11042650822230377,1.7164409146007062,CT80,MFL,0.0,120.0,60.0,1.5,0.0,0.8421405706226229
INSP_001533,String_D,String_D_034,2024-01-06,79394.5502748084,0.10821750207450334,1.7164409146007062,CT80,EMAT,0.36363466765794844,120.0,60.0,1.5,0.0,0.7158665114812315
INSP_001534,String_D,String_D_035,2024-06-19,79394.5502748084,0.11061035406749947,1.7164409146007062,CT80,UT,0.6585912571959847,120.0,60.0,1.5,0.0,0.7269220409646016
INSP_001535,String_D,String_D_036,2024-06-11,79394.5502748084,0.10886804491218044,1.7164409146007062,CT80,MFL,0.0,120.0,60.0,1.5,0.0,0.7476477774604545
INSP_001536,String_D,String_D_037,2024-02-13,79394.5502748084,0.10993302549084852,1.7164409146007062,CT80,EMAT,0.0,120.0,60.0,1.5,0.0,0.7366528687622207
INSP_001537,String_D,String_D_038,2024-06-18,79394.5502748084,0.10743443924563241,1.7164409146007062,CT80,MFL,0.0,120.0,60.0,1.5,0.0,0.8145890083061271
INSP_001538,String_D,String_D_039,2024-04-11,79394.5502748084,0.10974218303411082,1.7164409146007062,CT80,MFL,0.0,120.0,60.0,1.5,0.0,0.8439070747001672
INSP_001539,String_D,String_D_040,2024-04-13,79394.5502748084,0.1089904787412609,1.7164409146007062,CT80,MFL,0.0,120.0,60.0,1.5,0.0,0.9938608941389174
INSP_001540,String_D,String_D_041,2024-05-07,79394.5502748084,0.10957946954299456,1.7164409146007062,CT80,MFL,0.0,120.0,60.0,1.5,0.0,0.9419674921736235
INSP_001541,String_D,String_D_042,2024-06-21,79394.5502748084,0.10775103041655136,1.7164409146007062,CT80,MFL,0.8600302017551246,120.0,60.0,1.5,0.0,0.9640192999220074
INSP_001542,String_D,String_D_043,2024-05-11,79394.5502748084,0.11023583526461508,1.7164409146007062,CT80,MFL,0.0,120.0,60.0,1.5,0.0,0.9404708499799269
INSP_001543,String_D,String_D_044,2024-02-13,79394.5502748084,0.11078587422303168,1.7164409146007062,CT80,UT,0.0,120.0,60.0,1.5,0.0,0.8848562964440033
INSP_001544,String_D,String_D_045,2024-05-20,79394.5502748084,0.10796386606431423,1.7164409146007062,CT80,MFL,0.0,120.0,60.0,1.5,0.0,0.7878478475490798
INSP_001545,String_D,String_D_046,2024-05-20,79394.5502748084,0.10743522218162972,1.7164409146007062,CT80,MFL,0.0,120.0,60.0,1.5,0.0,0.9186677475544767
INSP_001546,String_D,String_D_047,2024-03-06,79394.5502748084,0.10712039100334063,1.7164409146007062,CT80,MFL,0.0,120.0,60.0,1.5,0.0,0.7762691411860306
INSP_001547,String_D,String_D_048,2024-05-17,79394.5502748084,0.1098212978580894,1.7164409146007062,CT80,EMAT,0.0,120.0,60.0,1.5,0.0,0.7105134365019535
INSP_001548,String_D,String_D_049,2024-06-03,79394.5502748084,0.1096689514758122,1.7164409146007062,CT80,MFL,0.0,120.0,60.0,1.5,0.0,0.9060101236505665
INSP_001549,String_D,String_D_050,2024-04-29,79394.5502748084,0.10940513622309267,1.7164409146007062,CT80,MFL,0.0,120.0,60.0,1.5,0.0,0.9211226202616832
INSP_001550,String_D,String_D_051,2024-04-08,79394.5502748084,0.10803029223882366,1.7164409146007062,CT80,EMAT,0.0,120.0,60.0,1.5,0.0,0.8718902792370603
INSP_001551,String_D,String_D_052,2024-06-07,79394.5502748084,0.10872463208725892,1.7164409146007062,CT80,MFL,0.39165430964578984,120.0,60.0,1.5,0.0,0.8515080326200009
INSP_001552,String_D,String_D_053,2024-05-27,79394.5502748084,0.1096138367729304,1.7164409146007062,CT80,UT,0.35635850610836894,120.0,60.0,1.5,0.0,0.8898721159131291
INSP_001553,String_D,String_D_054,2024-03-24,79394.5502748084,0.10918703724756,1.7164409146007062,CT80,UT,0.0,120.0,60.0,1.5,0.0,0.7623273173167271
INSP_001554,String_D,String_D_055,2024-05-29,79394.5502748084,0.11133182953887558,1.7164409146007062,CT80,MFL,0.0,120.0,60.0,1.5,0.0,0.9218881329501122
INSP_001555,String_D,String_D_056,2024-02-29,79394.5502748084,0.10761311173154046,1.7164409146007062,CT80,UT,0.7043095226993952,120.0,60.0,1.5,0.0,0.8566867029565998
INSP_001556,String_D,String_D_057,2024-03-04,79394.5502748084,0.11005356022294818,1.7164409146007062,CT80,EMAT,0.0,120.0,60.0,1.5,0.0,0.9226741610986438
INSP_001557,String_D,String_D_058,2024-02-07,79394.5502748084,0.108783219698446,1.7164409146007062,CT80,EMAT,0.0,120.0,60.0,1.5,0.0,0.7357657665162449
INSP_001558,String_D,String_D_059,2024-06-08,79394.5502748084,0.1088875323452017,1.7164409146007062,CT80,MFL,0.5085631280294537,120.0,60.0,1.5,0.0,0.9855018231850784
INSP_001559,String_D,String_D_060,2024-03-17,79394.5502748084,0.11015163689287494,1.7164409146007062,CT80,UT,0.0,120.0,60.0,1.5,0.0,0.7878763101478318
INSP_001560,String_D,String_D_061,2024-04-27,79394.5502748084,0.11004172979420948,1.7164409146007062,CT80,EMAT,0.0,120.0,60.0,1.5,0.0,0.7271334483954696
INSP_001561,String_D,String_D_062,2024-06-26,79394.5502748084,0.11134698872806449,1.7164409146007062,CT80,EMAT,0.0,120.0,60.0,1.5,0.0,0.8226063758174993
INSP_001562,String_D,String_D_063,2024-01-21,79394.5502748084,0.10757796877547665,1.7164409146007062,CT80,UT,0.0,120.0,60.0,1.5,0.0,0.8361517305499082
INSP_001563,String_D,String_D_064,2024-03-14,79394.5502748084,0.1074718923410788,1.7164409146007062,CT80,MFL,0.0,120.0,60.0,1.5,0.0,0.7043520618621277
INSP_001564,String_D,String_D_065,2024-05-22,79394.5502748084,0.11018108211841791,1.7164409146007062,CT80,UT,0.0,120.0,60.0,1.5,0.0,0.9650982414454762
INSP_001565,String_D,String_D_066,2024-02-21,79394.5502748084,0.1095435574479279,1.7164409146007062,CT80,MFL,0.12526441326670198,120.0,60.0,1.5,0.0,0.7635177675141835
INSP_001566,String_D,String_D_067,2024-05-05,79394.5502748084,0.10821468307282343,1.7164409146007062,CT80,EMAT,0.34860448571940417,120.0,60.0,1.5,0.0,0.9964550884611678
INSP_001567,String_D,String_D_068,2024-03-01,79394.5502748084,0.1073640440509226,1.7164409146007062,CT80,MFL,0.1038988575227608,120.0,60.0,1.5,0.0,0.8542547577908708
INSP_001568,String_D,String_D_069,2024-05-13,79394.5502748084,0.1073912957708396,1.7164409146007062,CT80,MFL,0.0,120.0,60.0,1.5,0.0,0.9095188350509129
INSP_001569,String_D,String_D_070,2024-02-29,79394.5502748084,0.11092300378522407,1.7164409146007062,CT80,UT,0.17192233399556942,120.0,60.0,1.5,0.0,0.9878310487044153
INSP_001570,String_D,String_D_071,2024-03-29,79394.5502748084,0.10785522193804704,1.7164409146007062,CT80,MFL,0.0,120.0,60.0,1.5,0.0,0.9037597327050712
INSP_001571,String_D,String_D_072,2024-06-09,79394.5502748084,0.1084296385475201,1.7164409146007062,CT80,MFL,0.0,120.0,60.0,1.5,0.0,0.7518376976949509
INSP_001572,String_D,String_D_073,2024-04-17,79394.5502748084,0.10800718224247957,1.7164409146007062,CT80,MFL,0.508550583228073,120.0,60.0,1.5,0.0,0.8109379926256732
INSP_001573,String_D,String_D_074,2024-01-26,79394.5502748084,0.10856777689515544,1.7164409146007062,CT80,UT,0.28169281469457136,120.0,60.0,1.5,0.0,0.7741744777040089
INSP_001574,String_D,String_D_075,2024-01-19,79394.5502748084,0.10732038312859797,1.7164409146007062,CT80,EMAT,0.0,120.0,60.0,1.5,0.0,0.9505633309646826
INSP_001575,String_D,String_D_076,2024-01-25,79394.5502748084,0.10928441380892677,1.7164409146007062,CT80,UT,0.6230714160371427,120.0,60.0,1.5,0.0,0.9557471672575742
INSP_001576,String_D,String_D_077,2024-06-19,79394.5502748084,0.10731247137722799,1.7164409146007062,CT80,UT,0.0,120.0,60.0,1.5,0.0,0.8345585904285813
INSP_001577,String_D,String_D_078,2024-06-06,79394.5502748084,0.1105131309178528,1.7164409146007062,CT80,MFL,0.0,120.0,60.0,1.5,0.0,0.8579552465656191
INSP_001578,String_D,String_D_079,2024-03-18,79394.5502748084,0.10803800177865211,1.7164409146007062,CT80,MFL,0.0,120.0,60.0,1.5,0.0,0.975327258941267
INSP_001579,String_D,String_D_080,2024-03-16,79394.5502748084,0.1093759336572077,1.7164409146007062,CT80,MFL,0.9324136917231741,120.0,60.0,1.5,0.0,0.7494122130107498
INSP_001580,String_D,String_D_081,2024-01-31,79394.5502748084,0.1108613628445093,1.7164409146007062,CT80,EMAT,0.0,120.0,60.0,1.5,0.0,0.8169884327340768
INSP_001581,String_D,String_D_082,2024-04-18,79394.5502748084,0.10986019910529747,1.7164409146007062,CT80,EMAT,0.20229539638983907,120.0,60.0,1.5,0.0,0.7571281821282214
INSP_001582,String_D,String_D_083,2024-02-03,79394.5502748084,0.10934512089862816,1.7164409146007062,CT80,MFL,0.47016026049644755,120.0,60.0,1.5,0.0,0.8092703330742941
INSP_001583,String_D,String_D_084,2024-03-09,79394.5502748084,0.1084338414424438,1.7164409146007062,CT80,MFL,0.0,120.0,60.0,1.5,0.0,0.834650502935451
INSP_001584,String_D,String_D_085,2024-02-14,79394.5502748084,0.10847170436719278,1.7164409146007062,CT80,UT,0.0,120.0,60.0,1.5,0.0,0.9044491201211833
INSP_001585,String_D,String_D_086,2024-04-04,79394.5502748084,0.10994148664090972,1.7164409146007062,CT80,UT,0.0,120.0,60.0,1.5,0.0,0.9012252995362066
INSP_001586,String_D,String_D_087,2024-05-30,79394.5502748084,0.11135958341114774,1.7164409146007062,CT80,UT,0.0,120.0,60.0,1.5,0.0,0.7332862240224395
INSP_001587,String_D,String_D_088,2024-01-15,79394.5502748084,0.10990808084708381,1.7164409146007062,CT80,MFL,0.0,120.0,60.0,1.5,0.0,0.9494091868210826
INSP_001588,String_D,String_D_089,2024-01-27,79394.5502748084,0.10945356040571322,1.7164409146007062,CT80,UT,0.0,120.0,60.0,1.5,0.0,0.7240130309284132
INSP_001589,String_D,String_D_090,2024-02-12,79394.5502748084,0.11020865188672606,1.7164409146007062,CT80,MFL,0.0,120.0,60.0,1.5,0.0,0.9116032191524193
INSP_001590,String_D,String_D_091,2024-04-09,79394.5502748084,0.10904917625838202,1.7164409146007062,CT80,MFL,1.0725621380402623,120.0,60.0,1.5,0.0,0.8679531678067007
INSP_001591,String_D,String_D_092,2024-01-15,79394.5502748084,0.10727984110539147,1.7164409146007062,CT80,UT,0.0,120.0,60.0,1.5,0.25010172174866624,0.7077013852198384
INSP_001592,String_D,String_D_093,2024-02-02,79394.5502748084,0.10947327513977366,1.7164409146007062,CT80,EMAT,0.0,120.0,60.0,1.5,1.3898426823297698,0.7967363217618659
INSP_001593,String_D,String_D_094,2024-05-04,79394.5502748084,0.1112000882301534,1.7164409146007062,CT80,EMAT,0.0,120.0,60.0,1.5,1.8709972766670824,0.9301095507164209
INSP_001594,String_D,String_D_095,2024-06-12,79394.5502748084,0.1077828679474668,1.7164409146007062,CT80,MFL,0.0,120.0,60.0,1.5,3.835961466085262,0.9818234708683747
INSP_001595,String_D,String_D_096,2024-06-16,79394.5502748084,0.11003110993554234,1.7164409146007062,CT80,UT,0.0,120.0,60.0,1.5,1.7829666433966727,0.8304274668753451
INSP_001596,String_D,String_D_097,2024-01-28,79394.5502748084,0.10789482423632989,1.7164409146007062,CT80,EMAT,0.0,120.0,60.0,1.5,2.29776169575995,0.8754296111156894
INSP_001597,String_D,String_D_098,2024-03-14,79394.5502748084,0.10935765674588585,1.7164409146007062,CT80,EMAT,0.0,120.0,60.0,1.5,1.1953380466814871,0.8434466512155415
INSP_001598,String_D,String_D_099,2024-05-23,79394.5502748084,0.10743942377979711,1.7164409146007062,CT80,MFL,0.24270535193265122,120.0,60.0,1.5,3.119172327048481,0.7558975586706854
INSP_001599,String_D,String_D_100,2024-01-24,79394.5502748084,0.1089843777053171,1.7164409146007062,CT80,MFL,0.0,120.0,60.0,1.5,1.9522541255718284,0.9820626822585045
INSP_001600,String_D,String_D_101,2024-02-11,79394.5502748084,0.11032009306216335,1.7164409146007062,CT80,MFL,0.0,120.0,60.0,1.5,2.376298721447984,0.7635541293037701
INSP_001601,String_D,String_D_102,2024-04-30,79394.5502748084,0.1085353451047194,1.7164409146007062,CT80,MFL,0.0,120.0,60.0,1.5,3.361933536063537,0.7261541839980179
INSP_001602,String_D,String_D_103,2024-04-02,79394.5502748084,0.10992150182091776,1.7164409146007062,CT80,MFL,0.0,120.0,60.0,1.5,2.7365301646745177,0.8184901013708442
INSP_001603,String_D,String_D_104,2024-03-23,79394.5502748084,0.11049169889279795,1.7164409146007062,CT80,UT,0.3462620702152161,120.0,60.0,1.5,2.9661910337404045,0.8273019588121595
INSP_001604,String_D,String_D_105,2024-04-04,79394.5502748084,0.11106709229045243,1.7164409146007062,CT80,EMAT,0.0,120.0,60.0,1.5,3.072143707795795,0.816582415568269
INSP_001605,String_D,String_D_106,2024-04-06,79394.5502748084,0.10804206406155496,1.7164409146007062,CT80,MFL,0.0,120.0,60.0,1.5,1.1255773166809486,0.7061650100736708
INSP_001606,String_D,String_D_107,2024-02-14,79394.5502748084,0.10876136700753758,1.7164409146007062,CT80,MFL,0.0,120.0,60.0,1.5,4.00514016371787,0.7592205702296664
INSP_001607,String_D,String_D_108,2024-01-20,79394.5502748084,0.1076828967797438,1.7164409146007062,CT80,MFL,0.14873441861739975,120.0,60.0,1.5,1.5213316886682116,0.7384192064540862
INSP_001608,String_D,String_D_109,2024-04-04,79394.5502748084,0.11135235054194562,1.7164409146007062,CT80,MFL,0.5771393794490327,120.0,60.0,1.5,3.100110652739463,0.7717629249587106
INSP_001609,String_D,String_D_110,2024-06-13,79394.5502748084,0.11106631979465531,1.7164409146007062,CT80,EMAT,0.89876499347034,120.0,60.0,1.5,1.1691770503582681,0.9371655345518543
INSP_001610,String_D,String_D_111,2024-05-14,79394.5502748084,0.10937569435673923,1.7164409146007062,CT80,UT,0.0,120.0,60.0,1.5,4.456278237107237,0.853639646164902
INSP_001611,String_D,String_D_112,2024-05-18,79394.5502748084,0.11069517705492046,1.7164409146007062,CT80,MFL,0.6284009041987021,120.0,60.0,1.5,1.3085260120529134,0.9828260150548449
INSP_001612,String_D,String_D_113,2024-06-01,79394.5502748084,0.10929270517502118,1.7164409146007062,CT80,UT,0.0,120.0,60.0,1.5,4.807511422754762,0.7194844381787281
INSP_001613,String_D,String_D_114,2024-03-12,79394.5502748084,0.1097409877764255,1.7164409146007062,CT80,MFL,0.0,120.0,60.0,1.5,2.243012326690996,0.7817670148918965
INSP_001614,String_D,String_D_115,2024-05-21,79394.5502748084,0.10740643621688246,1.7164409146007062,CT80,MFL,0.4905032881440743,120.0,60.0,1.5,3.1173388934030735,0.7932079089707208
INSP_001615,String_D,String_D_116,2024-03-20,79394.5502748084,0.11031619279685664,1.7164409146007062,CT80,EMAT,0.0,120.0,60.0,1.5,3.543432853394749,0.8128746293390052
INSP_001616,String_D,String_D_117,2024-05-06,79394.5502748084,0.10757499498407695,1.7164409146007062,CT80,EMAT,0.0,120.0,60.0,1.5,2.198947190512854,0.8578158034819481
INSP_001617,String_D,String_D_118,2024-03-20,79394.5502748084,0.11062543829337501,1.7164409146007062,CT80,MFL,0.0,120.0,60.0,1.5,1.666090169935248,0.9923939960337704
INSP_001618,String_D,String_D_119,2024-05-15,79394.5502748084,0.11043307152836765,1.7164409146007062,CT80,MFL,0.0,120.0,60.0,1.5,3.3745721594251585,0.8200760372832436
INSP_001619,String_D,String_D_120,2024-06-25,79394.5502748084,0.11011296628152466,1.7164409146007062,CT80,EMAT,0.0,120.0,60.0,1.5,2.1456177458878813,0.8384187105343095
INSP_001620,String_D,String_D_121,2024-06-05,79394.5502748084,0.10717508678251247,1.7164409146007062,CT80,UT,0.0,120.0,60.0,1.5,3.1683256583423356,0.9058942598465562
INSP_001621,String_D,String_D_122,2024-06-16,79394.5502748084,0.10834121528387984,1.7164409146007062,CT80,EMAT,0.0,120.0,60.0,1.5,2.1400553797040227,0.7637875904695693
INSP_001622,String_D,String_D_123,2024-01-22,79394.5502748084,0.108166424474136,1.7164409146007062,CT80,UT,0.0,120.0,60.0,1.5,1.251362565271718,0.9079485439636403
INSP_001623,String_D,String_D_124,2024-03-05,79394.5502748084,0.1085902290975681,1.7164409146007062,CT80,UT,0.0,120.0,60.0,1.5,2.1232379840034663,0.9505873397916663
INSP_001624,String_D,String_D_125,2024-05-28,79394.5502748084,0.10739996414652829,1.7164409146007062,CT80,EMAT,0.20879985457329325,120.0,60.0,1.5,1.7279084662894855,0.7129150704941314
INSP_001625,String_D,String_D_126,2024-06-04,79394.5502748084,0.1111098117996634,1.7164409146007062,CT80,MFL,0.0,120.0,60.0,1.5,5.881111869518251,0.969171249588273
INSP_001626,String_D,String_D_127,2024-02-22,79394.5502748084,0.10943617044138453,1.7164409146007062,CT80,EMAT,0.0,120.0,60.0,1.5,2.104468893389439,0.8489943517528844
INSP_001627,String_D,String_D_128,2024-02-16,79394.5502748084,0.108351680925214,1.7164409146007062,CT80,UT,2.4372492540454003,120.0,60.0,1.5,1.7881487202792048,0.8462889893125263
INSP_001628,String_D,String_D_129,2024-02-07,79394.5502748084,0.10875117024556949,1.7164409146007062,CT80,UT,0.0,120.0,60.0,1.5,2.886649000034801,0.9915457445535267
INSP_001629,String_D,String_D_130,2024-05-28,79394.5502748084,0.10897053800568358,1.7164409146007062,CT80,MFL,0.0,120.0,60.0,1.5,2.4369478384890173,0.82344088128838
INSP_001630,String_D,String_D_131,2024-04-02,79394.5502748084,0.10964056047277228,1.7164409146007062,CT80,MFL,0.0,120.0,60.0,1.5,3.6419382775263323,0.8366592885398858
INSP_001631,String_D,String_D_132,2024-04-05,79394.5502748084,0.1092696482256016,1.7164409146007062,CT80,MFL,1.7337595555824394,120.0,60.0,1.5,1.6692288294833812,0.9705709038882607
INSP_001632,String_D,String_D_133,2024-02-09,79394.5502748084,0.11103308335277885,1.7164409146007062,CT80,MFL,0.0,120.0,60.0,1.5,5.645162089767961,0.9455129634452312
INSP_001633,String_D,String_D_134,2024-05-23,79394.5502748084,0.10918789611051725,1.7164409146007062,CT80,UT,0.0,120.0,60.0,1.5,3.8042600545573038,0.9679622690691148
INSP_001634,String_D,String_D_135,2024-03-02,79394.5502748084,0.1113509287981666,1.7164409146007062,CT80,MFL,0.5492874106172374,120.0,60.0,1.5,3.1936734487380747,0.8203323383684362
INSP_001635,String_D,String_D_136,2024-01-24,79394.5502748084,0.11073620027619711,1.7164409146007062,CT80,EMAT,0.41667907478357125,120.0,60.0,1.5,2.082594505198676,0.8429692522031911
INSP_001636,String_D,String_D_137,2024-02-16,79394.5502748084,0.10792792016247134,1.7164409146007062,CT80,UT,0.0,120.0,60.0,1.5,2.018942302424576,0.7611378492545018
INSP_001637,String_D,String_D_138,2024-01-08,79394.5502748084,0.11108201963106487,1.7164409146007062,CT80,UT,1.0213203768316566,120.0,60.0,1.5,2.809004224597931,0.8482618252619987
INSP_001638,String_D,String_D_139,2024-04-08,79394.5502748084,0.10752543038712703,1.7164409146007062,CT80,UT,0.0,120.0,60.0,1.5,3.2875403910550576,0.8917557591319569
INSP_001639,String_D,String_D_140,2024-05-19,79394.5502748084,0.11058779481133331,1.7164409146007062,CT80,MFL,0.0,120.0,60.0,1.5,1.6579024432456473,0.878040222114461
INSP_001640,String_D,String_D_141,2024-02-25,79394.5502748084,0.10867971676603146,1.7164409146007062,CT80,MFL,0.0,120.0,60.0,1.5,4.586511570205011,0.8442456100552536
INSP_001641,String_D,String_D_142,2024-06-05,79394.5502748084,0.11085216912410409,1.7164409146007062,CT80,MFL,0.0,120.0,60.0,1.5,2.137288425930849,0.9864504155188472
INSP_001642,String_D,String_D_143,2024-03-10,79394.5502748084,0.1108088484547073,1.7164409146007062,CT80,MFL,0.7349621673241266,120.0,60.0,1.5,2.119749925026054,0.8065199829879633
INSP_001643,String_D,String_D_144,2024-05-30,79394.5502748084,0.1105374560977412,1.7164409146007062,CT80,UT,0.0,120.0,60.0,1.5,4.353811439866425,0.9715904996844804
INSP_001644,String_D,String_D_145,2024-02-06,79394.5502748084,0.11046802615844416,1.7164409146007062,CT80,EMAT,0.0,120.0,60.0,1.5,2.0242885666840222,0.8536406311232103
INSP_001645,String_D,String_D_146,2024-04-27,79394.5502748084,0.10834798917663221,1.7164409146007062,CT80,UT,0.0,120.0,60.0,1.5,2.6876401037271136,0.8987066595557106
INSP_001646,String_D,String_D_147,2024-06-28,79394.5502748084,0.10737059574512808,1.7164409146007062,CT80,EMAT,0.09658630064772478,120.0,60.0,1.5,2.4574004797024465,0.7088274561247608
INSP_001647,String_D,String_D_148,2024-02-28,79394.5502748084,0.10877737267811508,1.7164409146007062,CT80,UT,0.3370383468881823,120.0,60.0,1.5,1.4927183872961196,0.8932069406405194
INSP_001648,String_D,String_D_149,2024-01-13,79394.5502748084,0.1077750996942078,1.7164409146007062,CT80,UT,0.0,120.0,60.0,1.5,5.08056583367463,0.7473362196722154
INSP_001649,String_D,String_D_150,2024-01-15,79394.5502748084,0.11005271515821934,1.7164409146007062,CT80,MFL,0.47851715607206824,120.0,60.0,1.5,1.7456316434451247,0.8549088082732714
INSP_001650,String_D,String_D_151,2024-06-17,79394.5502748084,0.10852891622408341,1.7164409146007062,CT80,EMAT,4.1361617484536515,120.0,60.0,1.5,3.0389504487295205,0.7919851587306174
INSP_001651,String_D,String_D_152,2024-05-11,79394.5502748084,0.11127864717911608,1.7164409146007062,CT80,MFL,0.0,120.0,60.0,1.5,4.364853873861851,0.9653399730839838
INSP_001652,String_D,String_D_153,2024-02-25,79394.5502748084,0.10981693233163406,1.7164409146007062,CT80,UT,0.0,120.0,60.0,1.5,3.5436310099966444,0.9615587006826389
INSP_001653,String_D,String_D_154,2024-02-22,79394.5502748084,0.11060976981998166,1.7164409146007062,CT80,EMAT,0.0,120.0,60.0,1.5,2.4659709099375564,0.9331013590224883
INSP_001654,String_D,String_D_155,2024-02-29,79394.5502748084,0.10759601048128724,1.7164409146007062,CT80,MFL,0.8545811801432797,120.0,60.0,1.5,2.0077937817011984,0.7609111944928064
INSP_001655,String_D,String_D_156,2024-06-04,79394.5502748084,0.11078245581058481,1.7164409146007062,CT80,EMAT,0.0,120.0,60.0,1.5,0.42596500853033953,0.8748620973753947
INSP_001656,String_D,String_D_157,2024-05-30,79394.5502748084,0.1110477827780543,1.7164409146007062,CT80,MFL,4.202456544350497,120.0,60.0,1.5,1.8968380417500499,0.742773945068365
INSP_001657,String_D,String_D_158,2024-02-05,79394.5502748084,0.10914464561924897,1.7164409146007062,CT80,MFL,0.0,120.0,60.0,1.5,1.4447865579087715,0.9637444899024536
INSP_001658,String_D,String_D_159,2024-03-20,79394.5502748084,0.10966527751925387,1.7164409146007062,CT80,EMAT,3.1799530532332994,120.0,60.0,1.5,2.5057594412282462,0.8873667349347006
INSP_001659,String_D,String_D_160,2024-02-06,79394.5502748084,0.1103578612530058,1.7164409146007062,CT80,UT,0.0,120.0,60.0,1.5,2.225717004286833,0.8676934761407447
INSP_001660,String_D,String_D_161,2024-04-30,79394.5502748084,0.10778083979758231,1.7164409146007062,CT80,UT,0.0,120.0,60.0,1.5,1.2989534997415086,0.7885561962159428
INSP_001661,String_D,String_D_162,2024-03-29,79394.5502748084,0.10921236849908304,1.7164409146007062,CT80,MFL,0.0,120.0,60.0,1.5,1.1395303448669427,0.9130428250729431
INSP_001662,String_D,String_D_163,2024-04-14,79394.5502748084,0.1087585151623043,1.7164409146007062,CT80,UT,0.1456401403074492,120.0,60.0,1.5,1.8504604926405854,0.7331074472059429
INSP_001663,String_D,String_D_164,2024-04-02,79394.5502748084,0.10765650495098994,1.7164409146007062,CT80,EMAT,0.0,120.0,60.0,1.5,3.136406941948373,0.8041793186913738
INSP_001664,String_D,String_D_165,2024-01-28,79394.5502748084,0.1086225439694982,1.7164409146007062,CT80,MFL,0.0,120.0,60.0,1.5,1.8388306431259533,0.8167899955622665
INSP_001665,String_D,String_D_166,2024-02-15,79394.5502748084,0.10731491637281983,1.7164409146007062,CT80,MFL,0.0,120.0,60.0,1.5,2.895974012197353,0.7426036043193746
INSP_001666,String_D,String_D_167,2024-06-17,79394.5502748084,0.10712988416986664,1.7164409146007062,CT80,MFL,1.279530999160012,120.0,60.0,1.5,2.174317505938094,0.7885274590877358
INSP_001667,String_D,String_D_168,2024-05-23,79394.5502748084,0.10760754918432455,1.7164409146007062,CT80,MFL,0.0,120.0,60.0,1.5,4.689964849740489,0.8043378909119272
INSP_001668,String_D,String_D_169,2024-02-28,79394.5502748084,0.11122406804953025,1.7164409146007062,CT80,MFL,1.6834624161474636,120.0,60.0,1.5,0.6061858451607449,0.7785476366937678
INSP_001669,String_D,String_D_170,2024-06-06,79394.5502748084,0.10941750706853015,1.7164409146007062,CT80,UT,0.0,120.0,60.0,1.5,4.806572272875834,0.9149412078982494
INSP_001670,String_D,String_D_171,2024-02-07,79394.5502748084,0.1112358925676069,1.7164409146007062,CT80,EMAT,0.0,120.0,60.0,1.5,3.6639436885250207,0.865844759346577
INSP_001671,String_D,String_D_172,2024-04-15,79394.5502748084,0.10890630735915045,1.7164409146007062,CT80,MFL,0.0,120.0,60.0,1.5,1.5277336454997787,0.7536072572971881
INSP_001672,String_D,String_D_173,2024-03-02,79394.5502748084,0.10837916389745583,1.7164409146007062,CT80,EMAT,0.47118018448858706,120.0,60.0,1.5,3.625610129318405,0.8003058080170308
INSP_001673,String_D,String_D_174,2024-01-06,79394.5502748084,0.10922798769985877,1.7164409146007062,CT80,UT,0.0,120.0,60.0,1.5,2.6953001377077412,0.7991445783127951
INSP_001674,String_D,String_D_175,2024-02-23,79394.5502748084,0.1089369440079259,1.7164409146007062,CT80,MFL,0.28873719193820785,120.0,60.0,1.5,2.199657802259767,0.8672895828500677
INSP_001675,String_D,String_D_176,2024-03-10,79394.5502748084,0.10747868480556264,1.7164409146007062,CT80,MFL,0.0,120.0,60.0,1.5,4.106273960109643,0.7924028068878235
INSP_001676,String_D,String_D_177,2024-06-06,79394.5502748084,0.1098162956335945,1.7164409146007062,CT80,MFL,0.0,120.0,60.0,1.5,4.216076174288788,0.8874179749472043
INSP_001677,String_D,String_D_178,2024-06-16,79394.5502748084,0.1079608013661714,1.7164409146007062,CT80,MFL,0.20325365657626485,120.0,60.0,1.5,2.6533842773102925,0.7814277794338185
INSP_001678,String_D,String_D_179,2024-05-02,79394.5502748084,0.10972352549276707,1.7164409146007062,CT80,MFL,0.0,120.0,60.0,1.5,1.214193998360367,0.9606010259062817
INSP_001679,String_D,String_D_180,2024-02-09,79394.5502748084,0.10985724509752179,1.7164409146007062,CT80,MFL,0.6861966890876628,120.0,60.0,1.5,1.0745233988593808,0.9445923477830657
INSP_001680,String_D,String_D_181,2024-01-14,79394.5502748084,0.10768118817383643,1.7164409146007062,CT80,EMAT,0.0,120.0,60.0,1.5,1.9764634817279756,0.7412325004025399
INSP_001681,String_D,String_D_182,2024-04-08,79394.5502748084,0.10728511458013697,1.7164409146007062,CT80,MFL,0.3046945207904407,120.0,60.0,1.5,1.540947634415538,0.9415580858109414
INSP_001682,String_D,String_D_183,2024-02-25,79394.5502748084,0.11042753939061692,1.7164409146007062,CT80,UT,0.0,120.0,60.0,1.5,4.586302640827257,0.8069475149539828
INSP_001683,String_D,String_D_184,2024-01-15,79394.5502748084,0.10902556614420271,1.7164409146007062,CT80,MFL,0.0,120.0,60.0,1.5,1.875831874984996,0.9597821778191555
INSP_001684,String_D,String_D_185,2024-02-06,79394.5502748084,0.10727119871989373,1.7164409146007062,CT80,UT,0.0,120.0,60.0,1.5,3.0048962771694776,0.7613551277903772
INSP_001685,String_D,String_D_186,2024-02-09,79394.5502748084,0.11136275878845493,1.7164409146007062,CT80,EMAT,0.0,120.0,60.0,1.5,0.8914086447434709,0.7282866603590596
INSP_001686,String_D,String_D_187,2024-02-22,79394.5502748084,0.10726952473377957,1.7164409146007062,CT80,UT,0.0,120.0,60.0,1.5,1.7636214946656172,0.8727567888842601
INSP_001687,String_D,String_D_188,2024-05-18,79394.5502748084,0.11005308268545083,1.7164409146007062,CT80,MFL,0.0,120.0,60.0,1.5,4.245831906758514,0.8962847521896797
INSP_001688,String_D,String_D_189,2024-02-03,79394.5502748084,0.11131389174162128,1.7164409146007062,CT80,MFL,0.0,120.0,60.0,1.5,3.976837041927234,0.8028154340145268
INSP_001689,String_D,String_D_190,2024-02-18,79394.5502748084,0.10806188635374582,1.7164409146007062,CT80,EMAT,0.8827574894500837,120.0,60.0,1.5,1.4611827632156598,0.8169535000241552
INSP_001690,String_D,String_D_191,2024-01-14,79394.5502748084,0.1076384884043083,1.7164409146007062,CT80,MFL,0.5474805615634233,120.0,60.0,1.5,0.7296982027462623,0.9157463944359867
INSP_001691,String_D,String_D_192,2024-04-16,79394.5502748084,0.10754735160937219,1.7164409146007062,CT80,MFL,3.3635251314362344,120.0,60.0,1.5,2.0612800992151854,0.9277160758257187
INSP_001692,String_D,String_D_193,2024-02-08,79394.5502748084,0.10834185647649562,1.7164409146007062,CT80,MFL,0.0,120.0,60.0,1.5,2.957473411164299,0.9815406263661578
INSP_001693,String_D,String_D_194,2024-03-02,79394.5502748084,0.10745850935293082,1.7164409146007062,CT80,MFL,0.0,120.0,60.0,1.5,2.602907055533796,0.7142664837856186
INSP_001694,String_D,String_D_195,2024-06-23,79394.5502748084,0.11004052941299608,1.7164409146007062,CT80,UT,0.0,120.0,60.0,1.5,1.6027400472986852,0.8605294702758677
INSP_001695,String_D,String_D_196,2024-06-22,79394.5502748084,0.1072892300268573,1.7164409146007062,CT80,MFL,0.0,120.0,60.0,1.5,3.076695425824214,0.9902168429189264
INSP_001696,String_D,String_D_197,2024-03-31,79394.5502748084,0.10924231605090344,1.7164409146007062,CT80,MFL,0.0,120.0,60.0,1.5,1.9313071554186778,0.7027374037070186
INSP_001697,String_D,String_D_198,2024-04-12,79394.5502748084,0.11137075465760639,1.7164409146007062,CT80,EMAT,0.0,120.0,60.0,1.5,2.307464013390293,0.9123461142138797
INSP_001698,String_D,String_D_199,2024-05-15,79394.5502748084,0.1105725964604338,1.7164409146007062,CT80,UT,0.0,120.0,60.0,1.5,2.459030946426613,0.8298677208262022
INSP_001699,String_D,String_D_200,2024-05-03,79394.5502748084,0.1097044436093095,1.7164409146007062,CT80,MFL,0.0,120.0,60.0,1.5,3.8574063654966433,0.736886913429513
INSP_001700,String_D,String_D_201,2024-06-16,79394.5502748084,0.1083548665856886,1.7164409146007062,CT80,MFL,0.0,120.0,60.0,1.5,8.014157063424781,0.7846723444066509
INSP_001701,String_D,String_D_202,2024-01-10,79394.5502748084,0.10974234251853922,1.7164409146007062,CT80,UT,0.0,120.0,60.0,1.5,4.656907451572893,0.7759222178176741
INSP_001702,String_D,String_D_203,2024-04-03,79394.5502748084,0.10931927812687792,1.7164409146007062,CT80,EMAT,0.3001182696701097,120.0,60.0,1.5,2.2311214975782208,0.7407710670326801
INSP_001703,String_D,String_D_204,2024-01-26,79394.5502748084,0.10887828854986713,1.7164409146007062,CT80,UT,0.0,120.0,60.0,1.5,2.593152815173053,0.9843011395145345
INSP_001704,String_D,String_D_205,2024-03-16,79394.5502748084,0.10758808555218627,1.7164409146007062,CT80,UT,0.022113061340678992,120.0,60.0,1.5,2.7521985227237202,0.702135671831201
INSP_001705,String_D,String_D_206,2024-06-13,79394.5502748084,0.11088986490491398,1.7164409146007062,CT80,UT,0.0,120.0,60.0,1.5,3.0939380814170283,0.816272016000291
INSP_001706,String_D,String_D_207,2024-03-21,79394.5502748084,0.10898181677459483,1.7164409146007062,CT80,UT,0.3173310677271232,120.0,60.0,1.5,3.5347758317269937,0.786702506586294
INSP_001707,String_D,String_D_208,2024-06-28,79394.5502748084,0.10786725672312271,1.7164409146007062,CT80,EMAT,0.04623031744560057,120.0,60.0,1.5,3.0930758903788584,0.8817059993678302
INSP_001708,String_D,String_D_209,2024-03-07,79394.5502748084,0.10862352646799531,1.7164409146007062,CT80,MFL,0.0,120.0,60.0,1.5,1.9531627054909138,0.7273517221322532
INSP_001709,String_D,String_D_210,2024-04-19,79394.5502748084,0.10882607453354752,1.7164409146007062,CT80,UT,0.088229694737559,120.0,60.0,1.5,2.1025954556638378,0.9568795518649422
INSP_001710,String_D,String_D_211,2024-06-12,79394.5502748084,0.11063186048047416,1.7164409146007062,CT80,UT,0.0,120.0,60.0,1.5,5.500505767037548,0.9100180632847231
INSP_001711,String_D,String_D_212,2024-03-20,79394.5502748084,0.11022159820978815,1.7164409146007062,CT80,UT,0.0,120.0,60.0,1.5,0.7368648763211632,0.9617731214272915
INSP_001712,String_D,String_D_213,2024-01-11,79394.5502748084,0.11037749602661572,1.7164409146007062,CT80,MFL,2.600477919893952,120.0,60.0,1.5,1.881528701547229,0.7629064873753618
INSP_001713,String_D,String_D_214,2024-01-07,79394.5502748084,0.10706532163765684,1.7164409146007062,CT80,MFL,0.08880555676369561,120.0,60.0,1.5,5.220489755460576,0.7724126331063196
INSP_001714,String_D,String_D_215,2024-05-21,79394.5502748084,0.10883491653245578,1.7164409146007062,CT80,MFL,0.0,120.0,60.0,1.5,2.9370331307948945,0.7914322377654097
INSP_001715,String_D,String_D_216,2024-05-06,79394.5502748084,0.10911967014694188,1.7164409146007062,CT80,UT,0.8764246629889346,120.0,60.0,1.5,2.4077563793168224,0.7202287202649705
INSP_001716,String_D,String_D_217,2024-02-13,79394.5502748084,0.10710096931838763,1.7164409146007062,CT80,UT,0.0,120.0,60.0,1.5,3.594630576912924,0.8951237256697745
INSP_001717,String_D,String_D_218,2024-04-16,79394.5502748084,0.10815201271150533,1.7164409146007062,CT80,MFL,0.0,120.0,60.0,1.5,1.0502154215713884,0.8269270932080175
INSP_001718,String_D,String_D_219,2024-05-15,79394.5502748084,0.11033811778037579,1.7164409146007062,CT80,UT,0.0,120.0,60.0,1.5,2.0650790681213507,0.9283319339298305
INSP_001719,String_D,String_D_220,2024-04-14,79394.5502748084,0.10761603811807627,1.7164409146007062,CT80,UT,0.0,120.0,60.0,1.5,3.110130103187964,0.8945684177175353
INSP_001720,String_D,String_D_221,2024-01-18,79394.5502748084,0.1093553960502829,1.7164409146007062,CT80,MFL,0.0,120.0,60.0,1.5,1.1213574337094607,0.8892051198094265
INSP_001721,String_D,String_D_222,2024-05-08,79394.5502748084,0.10795714832314403,1.7164409146007062,CT80,MFL,0.0,120.0,60.0,1.5,2.103685204236926,0.973642516494168
INSP_001722,String_D,String_D_223,2024-04-28,79394.5502748084,0.10707008066881976,1.7164409146007062,CT80,MFL,1.8242603991880018,120.0,60.0,1.5,3.012931230535284,0.8210236760235112
INSP_001723,String_D,String_D_224,2024-01-12,79394.5502748084,0.10807071571909668,1.7164409146007062,CT80,UT,0.0,120.0,60.0,1.5,2.0230508664521127,0.7593148575380407
INSP_001724,String_D,String_D_225,2024-05-24,79394.5502748084,0.11127979839543344,1.7164409146007062,CT80,MFL,0.0,120.0,60.0,1.5,4.388033658354741,0.758704319618393
INSP_001725,String_D,String_D_226,2024-03-29,79394.5502748084,0.1105182878511582,1.7164409146007062,CT80,MFL,0.0,120.0,60.0,1.5,1.9605788163629922,0.7344930511670634
INSP_001726,String_D,String_D_227,2024-01-11,79394.5502748084,0.11120861186035239,1.7164409146007062,CT80,MFL,0.0,120.0,60.0,1.5,2.2516711734823702,0.808729192220962
INSP_001727,String_D,String_D_228,2024-02-01,79394.5502748084,0.10914810565846514,1.7164409146007062,CT80,UT,0.0,120.0,60.0,1.5,4.054234326517948,0.9090273162629114
INSP_001728,String_D,String_D_229,2024-05-18,79394.5502748084,0.10749646936940954,1.7164409146007062,CT80,MFL,0.0,120.0,60.0,1.5,3.5994989564770217,0.9538469172199209
INSP_001729,String_D,String_D_230,2024-04-21,79394.5502748084,0.10941064903074282,1.7164409146007062,CT80,MFL,0.2708257447143605,120.0,60.0,1.5,2.204987758266232,0.9064437873135841
INSP_001730,String_D,String_D_231,2024-04-04,79394.5502748084,0.10900187783895737,1.7164409146007062,CT80,MFL,0.13640309644361095,120.0,60.0,1.5,3.754680515615836,0.9709757623839806
INSP_001731,String_D,String_D_232,2024-03-07,79394.5502748084,0.11070532747029219,1.7164409146007062,CT80,MFL,0.6132086725269129,120.0,60.0,1.5,6.36447329611602,0.832484838999589
INSP_001732,String_D,String_D_233,2024-01-20,79394.5502748084,0.1074455658258367,1.7164409146007062,CT80,MFL,2.2452433134834604,120.0,60.0,1.5,3.050072508229442,0.9023921022649996
INSP_001733,String_D,String_D_234,2024-01-07,79394.5502748084,0.10914979649906328,1.7164409146007062,CT80,EMAT,1.249531206751019,120.0,60.0,1.5,5.996832937878276,0.8291028222265849
INSP_001734,String_D,String_D_235,2024-06-17,79394.5502748084,0.10767255609107779,1.7164409146007062,CT80,MFL,0.0,120.0,60.0,1.5,0.49301030978998917,0.9947476456213963
INSP_001735,String_D,String_D_236,2024-05-26,79394.5502748084,0.10843533607336518,1.7164409146007062,CT80,EMAT,0.0,120.0,60.0,1.5,3.368441725325021,0.7196108915865841
INSP_001736,String_D,String_D_237,2024-02-11,79394.5502748084,0.11023794648315076,1.7164409146007062,CT80,UT,0.0,120.0,60.0,1.5,3.67569227632188,0.9156629419796665
INSP_001737,String_D,String_D_238,2024-02-05,79394.5502748084,0.10909640583460567,1.7164409146007062,CT80,UT,0.0,120.0,60.0,1.5,5.3136496749682545,0.7616529209212773
INSP_001738,String_D,String_D_239,2024-01-25,79394.5502748084,0.1086590340299839,1.7164409146007062,CT80,EMAT,0.0,120.0,60.0,1.5,1.3221579107749761,0.7032163596962959
INSP_001739,String_D,String_D_240,2024-06-03,79394.5502748084,0.1087402272475641,1.7164409146007062,CT80,UT,1.9040039548605616,120.0,60.0,1.5,0.8295762961120738,0.7654212866671387
INSP_001740,String_D,String_D_241,2024-02-05,79394.5502748084,0.10902402136116948,1.7164409146007062,CT80,MFL,0.0,120.0,60.0,1.5,3.2482815863612746,0.7834869127007305
INSP_001741,String_D,String_D_242,2024-03-22,79394.5502748084,0.11044612524353911,1.7164409146007062,CT80,UT,0.0,120.0,60.0,1.5,1.7928559819748373,0.7209783482700034
INSP_001742,String_D,String_D_243,2024-03-30,79394.5502748084,0.11091380386827551,1.7164409146007062,CT80,UT,6.507681067963788,120.0,60.0,1.5,0.7917435655151452,0.7757606878413985
INSP_001743,String_D,String_D_244,2024-01-16,79394.5502748084,0.11119008279182148,1.7164409146007062,CT80,UT,0.661392853417455,120.0,60.0,1.5,0.5241269918492727,0.9409865397062527
INSP_001744,String_D,String_D_245,2024-06-06,79394.5502748084,0.1104543670587532,1.7164409146007062,CT80,MFL,0.0,120.0,60.0,1.5,0.0,0.7276819833773777
INSP_001745,String_D,String_D_246,2024-01-14,79394.5502748084,0.10839484851534338,1.7164409146007062,CT80,EMAT,0.0,120.0,60.0,1.5,0.0,0.9152318093214069
INSP_001746,String_D,String_D_247,2024-02-01,79394.5502748084,0.1100229408818652,1.7164409146007062,CT80,UT,0.3772653655785621,120.0,60.0,1.5,0.0,0.795616340952059
INSP_001747,String_D,String_D_248,2024-05-21,79394.5502748084,0.10892860730931238,1.7164409146007062,CT80,UT,0.0,120.0,60.0,1.5,0.0,0.7813683691551193
INSP_001748,String_D,String_D_249,2024-05-08,79394.5502748084,0.10812954965423792,1.7164409146007062,CT80,MFL,1.1771718558825692,120.0,60.0,1.5,0.0,0.7146791686984508
INSP_001749,String_D,String_D_250,2024-05-29,79394.5502748084,0.11069010263012435,1.7164409146007062,CT80,UT,0.0,120.0,60.0,1.5,0.0,0.8542755654918294
INSP_001750,String_D,String_D_251,2024-03-07,79394.5502748084,0.10718498463776674,1.7164409146007062,CT80,UT,0.24891397827525885,120.0,60.0,1.5,0.0,0.969992981139971
INSP_001751,String_D,String_D_252,2024-04-25,79394.5502748084,0.1109560747775653,1.7164409146007062,CT80,EMAT,0.0,120.0,60.0,1.5,0.0,0.9344758910335147
INSP_001752,String_D,String_D_253,2024-04-07,79394.5502748084,0.10903289153645762,1.7164409146007062,CT80,MFL,0.0,120.0,60.0,1.5,0.0,0.9475139653682259
INSP_001753,String_D,String_D_254,2024-01-26,79394.5502748084,0.10980046217356886,1.7164409146007062,CT80,MFL,0.0,120.0,60.0,1.5,0.0,0.7979531607117768
INSP_001754,String_D,String_D_255,2024-04-01,79394.5502748084,0.10989722508272423,1.7164409146007062,CT80,UT,0.27377151036520425,120.0,60.0,1.5,0.0,0.8762592736623236
INSP_001755,String_D,String_D_256,2024-05-12,79394.5502748084,0.11092705237909496,1.7164409146007062,CT80,UT,0.46108644159191686,120.0,60.0,1.5,0.0,0.8372064334849536
INSP_001756,String_D,String_D_257,2024-03-22,79394.5502748084,0.10979813926990652,1.7164409146007062,CT80,MFL,0.0,120.0,60.0,1.5,0.0,0.871076484537046
INSP_001757,String_D,String_D_258,2024-06-12,79394.5502748084,0.10969882694169723,1.7164409146007062,CT80,MFL,0.11985820813580442,120.0,60.0,1.5,0.0,0.8480164779611513
INSP_001758,String_D,String_D_259,2024-05-05,79394.5502748084,0.10730827576806733,1.7164409146007062,CT80,MFL,0.0,120.0,60.0,1.5,0.0,0.7728251292233266
INSP_001759,String_D,String_D_260,2024-04-08,79394.5502748084,0.10928156685186032,1.7164409146007062,CT80,UT,0.34948297953184493,120.0,60.0,1.5,0.0,0.8702087145541346
INSP_001760,String_D,String_D_261,2024-04-14,79394.5502748084,0.10767308172484574,1.7164409146007062,CT80,EMAT,0.0,120.0,60.0,1.5,0.0,0.910191829916356
INSP_001761,String_D,String_D_262,2024-01-17,79394.5502748084,0.11023828147445403,1.7164409146007062,CT80,EMAT,0.0,120.0,60.0,1.5,0.0,0.7194373099083028
INSP_001762,String_D,String_D_263,2024-01-19,79394.5502748084,0.10925454567513819,1.7164409146007062,CT80,MFL,0.0,120.0,60.0,1.5,0.0,0.7860498590494158
INSP_001763,String_D,String_D_264,2024-05-13,79394.5502748084,0.10998840305845639,1.7164409146007062,CT80,MFL,0.0,120.0,60.0,1.5,0.0,0.7435193812939019
INSP_001764,String_D,String_D_265,2024-06-21,79394.5502748084,0.1071991657259391,1.7164409146007062,CT80,UT,0.0,120.0,60.0,1.5,0.0,0.7554442235525661
INSP_001765,String_D,String_D_266,2024-03-13,79394.5502748084,0.1073875120225056,1.7164409146007062,CT80,MFL,0.44254889912145823,120.0,60.0,1.5,0.0,0.9791380491799724
INSP_001766,String_D,String_D_267,2024-05-15,79394.5502748084,0.11014607035241902,1.7164409146007062,CT80,UT,0.0,120.0,60.0,1.5,0.0,0.997464301697988
INSP_001767,String_D,String_D_268,2024-01-24,79394.5502748084,0.10733200428654636,1.7164409146007062,CT80,EMAT,0.599671410848272,120.0,60.0,1.5,0.0,0.9069420293658406
INSP_001768,String_D,String_D_269,2024-06-28,79394.5502748084,0.1073283892553898,1.7164409146007062,CT80,UT,0.0,120.0,60.0,1.5,0.0,0.7620709804832543
INSP_001769,String_D,String_D_270,2024-06-27,79394.5502748084,0.10707002694443066,1.7164409146007062,CT80,MFL,0.0,120.0,60.0,1.5,0.0,0.8045847581176552
INSP_001770,String_D,String_D_271,2024-06-01,79394.5502748084,0.11119517904306858,1.7164409146007062,CT80,EMAT,0.0,120.0,60.0,1.5,0.0,0.7214125054981368
INSP_001771,String_D,String_D_272,2024-03-20,79394.5502748084,0.11023860729025581,1.7164409146007062,CT80,MFL,0.0,120.0,60.0,1.5,0.0,0.8283262200874163
INSP_001772,String_D,String_D_273,2024-06-21,79394.5502748084,0.10856015510267221,1.7164409146007062,CT80,MFL,0.0,120.0,60.0,1.5,0.0,0.7761902888241554
INSP_001773,String_D,String_D_274,2024-05-07,79394.5502748084,0.10831241773833418,1.7164409146007062,CT80,EMAT,0.0,120.0,60.0,1.5,0.0,0.7963624690479281
INSP_001774,String_D,String_D_275,2024-01-04,79394.5502748084,0.1085446564932639,1.7164409146007062,CT80,MFL,0.0,120.0,60.0,1.5,0.0,0.7314604072662286
INSP_001775,String_D,String_D_276,2024-04-13,79394.5502748084,0.11040085912351474,1.7164409146007062,CT80,EMAT,0.0,120.0,60.0,1.5,0.0,0.7149964974552685
INSP_001776,String_D,String_D_277,2024-06-02,79394.5502748084,0.10990603407323979,1.7164409146007062,CT80,MFL,0.0,120.0,60.0,1.5,0.0,0.9050512405409825
INSP_001777,String_D,String_D_278,2024-05-14,79394.5502748084,0.10782607939461573,1.7164409146007062,CT80,EMAT,0.0,120.0,60.0,1.5,0.0,0.8718794400031421
INSP_001778,String_D,String_D_279,2024-06-06,79394.5502748084,0.10777765421661602,1.7164409146007062,CT80,UT,0.6808981436582874,120.0,60.0,1.5,0.0,0.8613907127662859
INSP_001779,String_D,String_D_280,2024-04-06,79394.5502748084,0.1074469333254426,1.7164409146007062,CT80,UT,0.0,120.0,60.0,1.5,0.0,0.7137497197642201
INSP_001780,String_D,String_D_281,2024-04-06,79394.5502748084,0.10990136947419983,1.7164409146007062,CT80,MFL,0.2665720891768611,120.0,60.0,1.5,0.0,0.8553560062145307
INSP_001781,String_D,String_D_282,2024-03-29,79394.5502748084,0.11035595181096707,1.7164409146007062,CT80,MFL,0.0,120.0,60.0,1.5,0.0,0.7404366667254239
INSP_001782,String_D,String_D_283,2024-02-25,79394.5502748084,0.10817487165740138,1.7164409146007062,CT80,EMAT,1.8386037685615275,120.0,60.0,1.5,0.0,0.7214208979336915
INSP_001783,String_D,String_D_284,2024-02-23,79394.5502748084,0.10710862512431513,1.7164409146007062,CT80,UT,0.0,120.0,60.0,1.5,0.0,0.882444423456057
INSP_001784,String_D,String_D_285,2024-03-12,79394.5502748084,0.10737606621839575,1.7164409146007062,CT80,EMAT,0.0,120.0,60.0,1.5,0.0,0.9506504505060795
INSP_001785,String_D,String_D_286,2024-06-23,79394.5502748084,0.11124479409443035,1.7164409146007062,CT80,EMAT,0.0,120.0,60.0,1.5,0.0,0.7599208162783768
INSP_001786,String_D,String_D_287,2024-06-09,79394.5502748084,0.10830765305668834,1.7164409146007062,CT80,EMAT,0.4989934014088891,120.0,60.0,1.5,0.0,0.7080073889669315
INSP_001787,String_D,String_D_288,2024-04-20,79394.5502748084,0.11037713895715508,1.7164409146007062,CT80,MFL,0.0,120.0,60.0,1.5,0.0,0.8623443447483762
INSP_001788,String_D,String_D_289,2024-05-10,79394.5502748084,0.10974569600998814,1.7164409146007062,CT80,EMAT,3.2893543433088883,120.0,60.0,1.5,0.0,0.775991298070319
INSP_001789,String_D,String_D_290,2024-05-22,79394.5502748084,0.10868546662719532,1.7164409146007062,CT80,MFL,0.0,120.0,60.0,1.5,0.0,0.8804090649839081
INSP_001790,String_D,String_D_291,2024-01-11,79394.5502748084,0.10791558806605711,1.7164409146007062,CT80,MFL,0.0,120.0,60.0,1.5,0.0,0.8277469276333196
INSP_001791,String_D,String_D_292,2024-04-11,79394.5502748084,0.10754735806856391,1.7164409146007062,CT80,UT,0.0,120.0,60.0,1.5,0.0,0.7395761113502665
INSP_001792,String_D,String_D_293,2024-01-09,79394.5502748084,0.109703541737932,1.7164409146007062,CT80,MFL,0.0,120.0,60.0,1.5,0.0,0.8073830938460191
INSP_001793,String_D,String_D_294,2024-01-02,79394.5502748084,0.11040077285222498,1.7164409146007062,CT80,MFL,2.0810502536760973,120.0,60.0,1.5,0.0,0.9748553738553327
INSP_001794,String_D,String_D_295,2024-02-14,79394.5502748084,0.10982974021328193,1.7164409146007062,CT80,UT,0.6369533463561048,120.0,60.0,1.5,0.0,0.7906578668800158
INSP_001795,String_D,String_D_296,2024-06-06,79394.5502748084,0.10933352088180766,1.7164409146007062,CT80,UT,1.2582394316197323,120.0,60.0,1.5,0.0,0.9160023660103387
INSP_001796,String_D,String_D_297,2024-02-27,79394.5502748084,0.10720038145296876,1.7164409146007062,CT80,MFL,0.0,120.0,60.0,1.5,0.0,0.7526570381156977
INSP_001797,String_D,String_D_298,2024-05-17,79394.5502748084,0.1112475404719271,1.7164409146007062,CT80,EMAT,0.0,120.0,60.0,1.5,0.0,0.7792150185754717
INSP_001798,String_D,String_D_299,2024-03-22,79394.5502748084,0.11050595720464432,1.7164409146007062,CT80,UT,0.0,120.0,60.0,1.5,0.0,0.9915001982081231
INSP_001799,String_D,String_D_300,2024-05-26,79394.5502748084,0.10829619680330699,1.7164409146007062,CT80,MFL,0.0,120.0,60.0,1.5,0.0,0.7145685939268148
INSP_001800,String_D,String_D_301,2024-03-16,79394.5502748084,0.1112976924226672,1.7164409146007062,CT80,MFL,1.8490943272018459,120.0,60.0,1.5,0.0,0.8801061326244284
INSP_001801,String_D,String_D_302,2024-02-21,79394.5502748084,0.10964618326790079,1.7164409146007062,CT80,MFL,0.0,120.0,60.0,1.5,0.0,0.8258467148381046
INSP_001802,String_D,String_D_303,2024-05-15,79394.5502748084,0.10956118575271251,1.7164409146007062,CT80,UT,0.20420841594368006,120.0,60.0,1.5,0.0,0.7274612509218619
INSP_001803,String_D,String_D_304,2024-01-27,79394.5502748084,0.11028475491399246,1.7164409146007062,CT80,MFL,0.0,120.0,60.0,1.5,0.0,0.8043830321496254
INSP_001804,String_D,String_D_305,2024-03-13,79394.5502748084,0.11056298465552818,1.7164409146007062,CT80,MFL,0.2690954122049054,120.0,60.0,1.5,0.0,0.9029743605920322
INSP_001805,String_D,String_D_306,2024-01-07,79394.5502748084,0.10988466557396658,1.7164409146007062,CT80,EMAT,1.6495827018565858,120.0,60.0,1.5,0.0,0.7152273813190522
INSP_001806,String_D,String_D_307,2024-05-20,79394.5502748084,0.10757666472541909,1.7164409146007062,CT80,MFL,0.0,120.0,60.0,1.5,0.0,0.9517335720666171
INSP_001807,String_D,String_D_308,2024-04-01,79394.5502748084,0.1084947047214111,1.7164409146007062,CT80,UT,0.0,120.0,60.0,1.5,0.0,0.718262330517348
INSP_001808,String_D,String_D_309,2024-06-24,79394.5502748084,0.1110710489579317,1.7164409146007062,CT80,EMAT,0.0,120.0,60.0,1.5,0.0,0.9382645527322524
INSP_001809,String_D,String_D_310,2024-04-17,79394.5502748084,0.1079982679754131,1.7164409146007062,CT80,MFL,0.0,120.0,60.0,1.5,0.0,0.8551090970766461
INSP_001810,String_D,String_D_311,2024-02-05,79394.5502748084,0.10864277938795894,1.7164409146007062,CT80,UT,0.0,120.0,60.0,1.5,0.0,0.8072652380653095
INSP_001811,String_D,String_D_312,2024-06-02,79394.5502748084,0.10890446843177458,1.7164409146007062,CT80,MFL,0.0,120.0,60.0,1.5,0.0,0.8453545604762097
INSP_001812,String_D,String_D_313,2024-05-09,79394.5502748084,0.10893647794201293,1.7164409146007062,CT80,UT,0.0,120.0,60.0,1.5,0.0,0.924623027837518
INSP_001813,String_D,String_D_314,2024-04-24,79394.5502748084,0.10969448509368929,1.7164409146007062,CT80,MFL,0.0,120.0,60.0,1.5,0.0,0.8225307055755444
INSP_001814,String_D,String_D_315,2024-01-15,79394.5502748084,0.11113653557174927,1.7164409146007062,CT80,MFL,0.4305509370974944,120.0,60.0,1.5,0.0,0.9307404864734865
INSP_001815,String_D,String_D_316,2024-04-16,79394.5502748084,0.1080684934939854,1.7164409146007062,CT80,UT,0.0,120.0,60.0,1.5,0.0,0.8992542830172544
INSP_001816,String_D,String_D_317,2024-01-19,79394.5502748084,0.10754786021105898,1.7164409146007062,CT80,MFL,0.0,120.0,60.0,1.5,0.0,0.7073216340804683
INSP_001817,String_D,String_D_318,2024-06-25,79394.5502748084,0.10787969682331643,1.7164409146007062,CT80,MFL,0.0,120.0,60.0,1.5,0.0,0.8895755539659801
INSP_001818,String_D,String_D_319,2024-03-16,79394.5502748084,0.1108912656717344,1.7164409146007062,CT80,MFL,0.0,120.0,60.0,1.5,0.0,0.7399445081590633
INSP_001819,String_D,String_D_320,2024-03-21,79394.5502748084,0.10983806815193808,1.7164409146007062,CT80,UT,2.718757213126781,120.0,60.0,1.5,0.0,0.8902138498454732
INSP_001820,String_D,String_D_321,2024-03-07,79394.5502748084,0.10826599068159327,1.7164409146007062,CT80,MFL,0.0,120.0,60.0,1.5,0.0,0.9625579236578768
INSP_001821,String_D,String_D_322,2024-06-20,79394.5502748084,0.11058123064434476,1.7164409146007062,CT80,MFL,0.9635425762645948,120.0,60.0,1.5,0.0,0.8099275557406772
INSP_001822,String_D,String_D_323,2024-06-11,79394.5502748084,0.11077964066623558,1.7164409146007062,CT80,MFL,2.6294211237035148,120.0,60.0,1.5,0.0,0.7311915471740269
INSP_001823,String_D,String_D_324,2024-06-17,79394.5502748084,0.11071475046436048,1.7164409146007062,CT80,UT,3.072057430585515,120.0,60.0,1.5,0.0,0.7114714273234216
INSP_001824,String_D,String_D_325,2024-04-14,79394.5502748084,0.11103105029112395,1.7164409146007062,CT80,MFL,0.1711282205464214,120.0,60.0,1.5,0.0,0.9315675961163072
INSP_001825,String_D,String_D_326,2024-02-28,79394.5502748084,0.108118937040548,1.7164409146007062,CT80,UT,0.0,120.0,60.0,1.5,0.0,0.8611845101088398
INSP_001826,String_D,String_D_327,2024-05-19,79394.5502748084,0.11031519473429055,1.7164409146007062,CT80,MFL,0.0,120.0,60.0,1.5,0.0,0.9438468370088005
INSP_001827,String_D,String_D_328,2024-06-16,79394.5502748084,0.10902879445155761,1.7164409146007062,CT80,EMAT,0.0,120.0,60.0,1.5,0.0,0.7233158945533137
INSP_001828,String_D,String_D_329,2024-06-08,79394.5502748084,0.11069502530249638,1.7164409146007062,CT80,MFL,0.0,120.0,60.0,1.5,0.0,0.9827094692461963
INSP_001829,String_D,String_D_330,2024-04-02,79394.5502748084,0.11019921763564762,1.7164409146007062,CT80,MFL,0.0,120.0,60.0,1.5,0.0,0.9387238604300878
INSP_001830,String_D,String_D_331,2024-02-10,79394.5502748084,0.11040869502884644,1.7164409146007062,CT80,EMAT,0.8401821661884947,120.0,60.0,1.5,0.0,0.7366359642146375
INSP_001831,String_D,String_D_332,2024-05-12,79394.5502748084,0.10988328190943847,1.7164409146007062,CT80,MFL,0.0,120.0,60.0,1.5,0.0,0.7522221074049819
INSP_001832,String_D,String_D_333,2024-05-17,79394.5502748084,0.10779215365891003,1.7164409146007062,CT80,UT,0.0,120.0,60.0,1.5,0.0,0.8112884894493612
INSP_001833,String_D,String_D_334,2024-03-29,79394.5502748084,0.1093978394286047,1.7164409146007062,CT80,MFL,0.5384172623833244,120.0,60.0,1.5,0.0,0.7262247217080592
INSP_001834,String_D,String_D_335,2024-04-08,79394.5502748084,0.11131821966427792,1.7164409146007062,CT80,UT,0.0,120.0,60.0,1.5,0.0,0.7752209649488175
INSP_001835,String_D,String_D_336,2024-06-08,79394.5502748084,0.11111169112308225,1.7164409146007062,CT80,UT,0.0,120.0,60.0,1.5,0.0,0.7389103654317303
INSP_001836,String_D,String_D_337,2024-01-30,79394.5502748084,0.10720572144369346,1.7164409146007062,CT80,MFL,0.0,120.0,60.0,1.5,0.0,0.7319751385471231
INSP_001837,String_D,String_D_338,2024-05-28,79394.5502748084,0.10773705532380716,1.7164409146007062,CT80,MFL,0.0,120.0,60.0,1.5,0.0,0.7925692845489
INSP_001838,String_D,String_D_339,2024-03-06,79394.5502748084,0.10759253395627835,1.7164409146007062,CT80,UT,0.0,120.0,60.0,1.5,0.0,0.9374800204127458
INSP_001839,String_D,String_D_340,2024-03-09,79394.5502748084,0.11018825048814616,1.7164409146007062,CT80,EMAT,0.0,120.0,60.0,1.5,0.0,0.739610622644464
INSP_001840,String_D,String_D_341,2024-06-11,79394.5502748084,0.11058926082102852,1.7164409146007062,CT80,MFL,0.0,120.0,60.0,1.5,0.0,0.7371362230845814
INSP_001841,String_D,String_D_342,2024-01-16,79394.5502748084,0.10794976411579466,1.7164409146007062,CT80,MFL,0.0,120.0,60.0,1.5,0.0,0.9759755598664949
INSP_001842,String_D,String_D_343,2024-02-03,79394.5502748084,0.10922672459237151,1.7164409146007062,CT80,UT,0.6141573064726373,120.0,60.0,1.5,0.0,0.7013996017082793
INSP_001843,String_D,String_D_344,2024-05-03,79394.5502748084,0.11068936638972571,1.7164409146007062,CT80,UT,1.5253296902802462,120.0,60.0,1.5,0.0,0.9799641694389816
INSP_001844,String_D,String_D_345,2024-03-10,79394.5502748084,0.11021804770532721,1.7164409146007062,CT80,UT,0.0,120.0,60.0,1.5,0.0,0.8385775358901304
INSP_001845,String_D,String_D_346,2024-01-04,79394.5502748084,0.10938565383103555,1.7164409146007062,CT80,UT,0.22111738913630677,120.0,60.0,1.5,0.0,0.7204754660969332
INSP_001846,String_D,String_D_347,2024-02-25,79394.5502748084,0.10959580266123198,1.7164409146007062,CT80,EMAT,0.0,120.0,60.0,1.5,0.0,0.8691636223894168
INSP_001847,String_D,String_D_348,2024-05-17,79394.5502748084,0.10923767901482838,1.7164409146007062,CT80,MFL,1.0019111986191607,120.0,60.0,1.5,0.0,0.9687950061005233
INSP_001848,String_D,String_D_349,2024-03-25,79394.5502748084,0.10831684200161769,1.7164409146007062,CT80,EMAT,0.0,120.0,60.0,1.5,0.0,0.9358629962535312
INSP_001849,String_D,String_D_350,2024-01-04,79394.5502748084,0.10948517883924896,1.7164409146007062,CT80,MFL,1.9494499472732625,120.0,60.0,1.5,0.0,0.87575811316928
INSP_001850,String_D,String_D_351,2024-04-21,79394.5502748084,0.11002621951985438,1.7164409146007062,CT80,EMAT,0.16109496918736582,120.0,60.0,1.5,0.0,0.7510070671032175
INSP_001851,String_D,String_D_352,2024-01-29,79394.5502748084,0.11083185157309988,1.7164409146007062,CT80,UT,0.0,120.0,60.0,1.5,0.0,0.8170946107945541
INSP_001852,String_D,String_D_353,2024-04-30,79394.5502748084,0.10979648671483073,1.7164409146007062,CT80,UT,0.0,120.0,60.0,1.5,0.0,0.9005126893488191
INSP_001853,String_D,String_D_354,2024-03-09,79394.5502748084,0.1103417507453663,1.7164409146007062,CT80,MFL,0.0,120.0,60.0,1.5,0.0,0.9930697859942608
INSP_001854,String_D,String_D_355,2024-04-28,79394.5502748084,0.10771633689014487,1.7164409146007062,CT80,MFL,0.0,120.0,60.0,1.5,0.0,0.9523773862706476
INSP_001855,String_D,String_D_356,2024-04-03,79394.5502748084,0.1090332410229541,1.7164409146007062,CT80,MFL,0.0,120.0,60.0,1.5,0.0,0.7990359496815365
INSP_001856,String_D,String_D_357,2024-04-09,79394.5502748084,0.1070578975111902,1.7164409146007062,CT80,MFL,0.0,120.0,60.0,1.5,0.0,0.8538624401753895
INSP_001857,String_D,String_D_358,2024-04-24,79394.5502748084,0.10809464128663102,1.7164409146007062,CT80,MFL,0.0,120.0,60.0,1.5,0.0,0.7493659114218582
INSP_001858,String_D,String_D_359,2024-02-07,79394.5502748084,0.1101903550352951,1.7164409146007062,CT80,MFL,0.0,120.0,60.0,1.5,0.0,0.9579570765427248
INSP_001859,String_D,String_D_360,2024-05-31,79394.5502748084,0.11134940844076563,1.7164409146007062,CT80,MFL,1.5431386294780314,120.0,60.0,1.5,0.0,0.7886326653899195
INSP_001860,String_D,String_D_361,2024-01-10,79394.5502748084,0.10745035110278954,1.7164409146007062,CT80,UT,0.0,120.0,60.0,1.5,0.0,0.7353785121948393
INSP_001861,String_D,String_D_362,2024-05-30,79394.5502748084,0.1087708823600213,1.7164409146007062,CT80,MFL,0.0,120.0,60.0,1.5,0.0,0.7504665844185826
INSP_001862,String_D,String_D_363,2024-03-12,79394.5502748084,0.1105118836697164,1.7164409146007062,CT80,UT,0.0,120.0,60.0,1.5,0.0,0.9066119874276053
INSP_001863,String_D,String_D_364,2024-05-26,79394.5502748084,0.10790837368022642,1.7164409146007062,CT80,MFL,0.0,120.0,60.0,1.5,0.0,0.8897576574854548
INSP_001864,String_D,String_D_365,2024-05-15,79394.5502748084,0.10944177337201053,1.7164409146007062,CT80,EMAT,0.0,120.0,60.0,1.5,0.0,0.7725630205276672
INSP_001865,String_D,String_D_366,2024-05-08,79394.5502748084,0.11021922599135969,1.7164409146007062,CT80,MFL,0.0,120.0,60.0,1.5,0.0,0.809535510340365
INSP_001866,String_D,String_D_367,2024-04-29,79394.5502748084,0.10970778958538846,1.7164409146007062,CT80,MFL,0.0,120.0,60.0,1.5,0.0,0.9044599775271345
INSP_001867,String_D,String_D_368,2024-04-04,79394.5502748084,0.10783843732621673,1.7164409146007062,CT80,MFL,0.0,120.0,60.0,1.5,0.0,0.9000718705296954
INSP_001868,String_D,String_D_369,2024-04-13,79394.5502748084,0.10856947284531249,1.7164409146007062,CT80,MFL,0.521789482306185,120.0,60.0,1.5,0.0,0.7604787431076598
INSP_001869,String_D,String_D_370,2024-06-15,79394.5502748084,0.11044077543787408,1.7164409146007062,CT80,EMAT,0.0,120.0,60.0,1.5,0.0,0.7032754532728394
INSP_001870,String_D,String_D_371,2024-05-07,79394.5502748084,0.1094380236873637,1.7164409146007062,CT80,UT,0.0,120.0,60.0,1.5,0.0,0.957352578517936
INSP_001871,String_D,String_D_372,2024-02-11,79394.5502748084,0.1070399797574475,1.7164409146007062,CT80,UT,0.0,120.0,60.0,1.5,0.0,0.8246435052860441
INSP_001872,String_D,String_D_373,2024-03-02,79394.5502748084,0.11034117950529772,1.7164409146007062,CT80,MFL,1.3203911289807424,120.0,60.0,1.5,0.0,0.8772071462601623
INSP_001873,String_D,String_D_374,2024-02-11,79394.5502748084,0.1071713781993727,1.7164409146007062,CT80,MFL,1.3285709795957632,120.0,60.0,1.5,0.0,0.7222239584205961
INSP_001874,String_D,String_D_375,2024-01-28,79394.5502748084,0.11027453632068893,1.7164409146007062,CT80,MFL,0.0,120.0,60.0,1.5,0.0,0.7736116934310555
INSP_001875,String_D,String_D_376,2024-02-09,79394.5502748084,0.10790158104282875,1.7164409146007062,CT80,UT,0.08821413813939921,120.0,60.0,1.5,0.0,0.8004400333022607
INSP_001876,String_D,String_D_377,2024-04-23,79394.5502748084,0.11120204596938729,1.7164409146007062,CT80,EMAT,5.4759218660941,120.0,60.0,1.5,0.0,0.9131868405276028
INSP_001877,String_D,String_D_378,2024-02-22,79394.5502748084,0.10862431883346603,1.7164409146007062,CT80,MFL,0.0,120.0,60.0,1.5,0.0,0.7591151073671375
INSP_001878,String_D,String_D_379,2024-02-28,79394.5502748084,0.10844518902951629,1.7164409146007062,CT80,MFL,0.0,120.0,60.0,1.5,0.0,0.8950913904873063
INSP_001879,String_D,String_D_380,2024-04-19,79394.5502748084,0.10766748647370532,1.7164409146007062,CT80,MFL,0.0,120.0,60.0,1.5,0.0,0.7952396340827108
INSP_001880,String_D,String_D_381,2024-01-01,79394.5502748084,0.10835202995322782,1.7164409146007062,CT80,EMAT,0.0,120.0,60.0,1.5,0.0,0.7035095987937556
INSP_001881,String_D,String_D_382,2024-03-27,79394.5502748084,0.1108463877586653,1.7164409146007062,CT80,UT,0.0,120.0,60.0,1.5,0.0,0.9372021516481395
INSP_001882,String_D,String_D_383,2024-04-10,79394.5502748084,0.11136917116991515,1.7164409146007062,CT80,UT,0.0,120.0,60.0,1.5,0.0,0.9910192190434352
INSP_001883,String_D,String_D_384,2024-06-26,79394.5502748084,0.10862592967814023,1.7164409146007062,CT80,EMAT,0.0,120.0,60.0,1.5,0.0,0.7176542472702584
INSP_001884,String_D,String_D_385,2024-04-25,79394.5502748084,0.10897668861008968,1.7164409146007062,CT80,MFL,0.0,120.0,60.0,1.5,0.0,0.7931123547539505
INSP_001885,String_D,String_D_386,2024-03-19,79394.5502748084,0.1101711759180615,1.7164409146007062,CT80,MFL,0.0,120.0,60.0,1.5,0.0,0.7131169206754288
INSP_001886,String_D,String_D_387,2024-04-26,79394.5502748084,0.11088808084286766,1.7164409146007062,CT80,UT,0.0,120.0,60.0,1.5,0.0,0.9040199515653475
INSP_001887,String_D,String_D_388,2024-03-22,79394.5502748084,0.1096075817261341,1.7164409146007062,CT80,UT,0.09733760516340415,120.0,60.0,1.5,0.0,0.7463718805285664
INSP_001888,String_D,String_D_389,2024-03-27,79394.5502748084,0.10872733897553258,1.7164409146007062,CT80,MFL,0.0,120.0,60.0,1.5,0.0,0.9225198932484374
INSP_001889,String_D,String_D_390,2024-02-17,79394.5502748084,0.10881948790537545,1.7164409146007062,CT80,UT,0.0,120.0,60.0,1.5,0.0,0.8938774118404276
INSP_001890,String_D,String_D_391,2024-06-17,79394.5502748084,0.11005562889673645,1.7164409146007062,CT80,UT,2.4731376652121724,120.0,60.0,1.5,0.0,0.9815021325598887
INSP_001891,String_D,String_D_392,2024-02-08,79394.5502748084,0.10703119408760839,1.7164409146007062,CT80,EMAT,0.0,120.0,60.0,1.5,0.0,0.894400736100881
INSP_001892,String_D,String_D_393,2024-01-16,79394.5502748084,0.10972353153186205,1.7164409146007062,CT80,EMAT,0.0,120.0,60.0,1.5,0.0,0.8835530025415486
INSP_001893,String_D,String_D_394,2024-02-02,79394.5502748084,0.10856994652393168,1.7164409146007062,CT80,EMAT,1.7173645102429262,120.0,60.0,1.5,0.0,0.9191376646584386
INSP_001894,String_D,String_D_395,2024-04-24,79394.5502748084,0.11048622734897684,1.7164409146007062,CT80,UT,0.0,120.0,60.0,1.5,0.0,0.8159317721903583
INSP_001895,String_D,String_D_396,2024-02-20,79394.5502748084,0.10742332399150177,1.7164409146007062,CT80,MFL,0.0,120.0,60.0,1.5,0.0,0.8791662541074954
INSP_001896,String_D,String_D_397,2024-04-11,79394.5502748084,0.10958643135181173,1.7164409146007062,CT80,UT,0.0,120.0,60.0,1.5,0.0,0.9097194854828806
INSP_001897,String_D,String_D_398,2024-05-25,79394.5502748084,0.10911804845839843,1.7164409146007062,CT80,MFL,0.0,120.0,60.0,1.5,0.0,0.9001705763263267
INSP_001898,String_D,String_D_399,2024-05-14,79394.5502748084,0.10982284425773062,1.7164409146007062,CT80,EMAT,0.19126054626857816,120.0,60.0,1.5,0.0,0.9927689567085091
INSP_001899,String_D,String_D_400,2024-01-19,79394.5502748084,0.10730042007216935,1.7164409146007062,CT80,EMAT,0.0,120.0,60.0,1.5,0.0,0.9097869606272866
INSP_001900,String_D,String_D_401,2024-06-13,79394.5502748084,0.10955053265200934,1.7164409146007062,CT80,UT,0.0,120.0,60.0,1.5,0.0,0.9032155850951737
INSP_001901,String_D,String_D_402,2024-02-04,79394.5502748084,0.10946972729054665,1.7164409146007062,CT80,EMAT,0.9777917439158617,120.0,60.0,1.5,0.0,0.8474772596633086
INSP_001902,String_D,String_D_403,2024-04-15,79394.5502748084,0.10946612586450075,1.7164409146007062,CT80,MFL,0.0,120.0,60.0,1.5,0.0,0.7794112016109814
INSP_001903,String_D,String_D_404,2024-03-05,79394.5502748084,0.10965319868656909,1.7164409146007062,CT80,MFL,0.14511803063742768,120.0,60.0,1.5,0.0,0.9362758904230324
INSP_001904,String_D,String_D_405,2024-03-14,79394.5502748084,0.10997197989425878,1.7164409146007062,CT80,EMAT,0.0,120.0,60.0,1.5,0.0,0.8308996896691682
INSP_001905,String_D,String_D_406,2024-01-05,79394.5502748084,0.11053336585719312,1.7164409146007062,CT80,MFL,0.0,120.0,60.0,1.5,0.0,0.8306680331754879
INSP_001906,String_D,String_D_407,2024-04-12,79394.5502748084,0.10819572598547873,1.7164409146007062,CT80,MFL,0.0,120.0,60.0,1.5,0.0,0.7703030819730574
INSP_001907,String_D,String_D_408,2024-01-21,79394.5502748084,0.11062099066086291,1.7164409146007062,CT80,UT,0.0,120.0,60.0,1.5,0.0,0.9150987871112573
INSP_001908,String_D,String_D_409,2024-03-12,79394.5502748084,0.10919354049725691,1.7164409146007062,CT80,EMAT,0.0,120.0,60.0,1.5,0.0,0.9593677888377827
INSP_001909,String_D,String_D_410,2024-01-21,79394.5502748084,0.10735373070090574,1.7164409146007062,CT80,EMAT,2.362081477226186,120.0,60.0,1.5,0.0,0.7517211825062367
INSP_001910,String_D,String_D_411,2024-06-04,79394.5502748084,0.10727288973802276,1.7164409146007062,CT80,MFL,0.0,120.0,60.0,1.5,0.0,0.8835531315169691
INSP_001911,String_D,String_D_412,2024-02-08,79394.5502748084,0.10847710504437623,1.7164409146007062,CT80,MFL,0.0,120.0,60.0,1.5,0.0,0.9309221692860596
INSP_001912,String_D,String_D_413,2024-03-28,79394.5502748084,0.110445602970535,1.7164409146007062,CT80,UT,0.0,120.0,60.0,1.5,0.0,0.8103957865808863
INSP_001913,String_D,String_D_414,2024-05-07,79394.5502748084,0.11010831971538336,1.7164409146007062,CT80,UT,0.6027268490221593,120.0,60.0,1.5,0.0,0.7473661563113178
INSP_001914,String_D,String_D_415,2024-01-09,79394.5502748084,0.11046184331267982,1.7164409146007062,CT80,MFL,0.0,120.0,60.0,1.5,0.0,0.9659384406463297
INSP_001915,String_D,String_D_416,2024-05-03,79394.5502748084,0.10927659179770365,1.7164409146007062,CT80,MFL,0.018301007864140656,120.0,60.0,1.5,0.0,0.8878972366052981
INSP_001916,String_D,String_D_417,2024-01-25,79394.5502748084,0.10893994620693144,1.7164409146007062,CT80,UT,0.0,120.0,60.0,1.5,0.0,0.8435317009274955
INSP_001917,String_D,String_D_418,2024-05-14,79394.5502748084,0.10766121603991186,1.7164409146007062,CT80,UT,0.7367765469629786,120.0,60.0,1.5,0.0,0.8833013401742896
INSP_001918,String_D,String_D_419,2024-04-14,79394.5502748084,0.1084506977356216,1.7164409146007062,CT80,UT,0.3320042722438006,120.0,60.0,1.5,0.0,0.7847968127654472
INSP_001919,String_D,String_D_420,2024-03-17,79394.5502748084,0.10891295328863425,1.7164409146007062,CT80,MFL,0.0,120.0,60.0,1.5,0.0,0.7861436706877408
INSP_001920,String_D,String_D_421,2024-06-08,79394.5502748084,0.10740414734993163,1.7164409146007062,CT80,EMAT,0.6909770829237768,120.0,60.0,1.5,0.0,0.9380716534890616
INSP_001921,String_D,String_D_422,2024-02-24,79394.5502748084,0.1079807798065907,1.7164409146007062,CT80,MFL,0.0,120.0,60.0,1.5,0.0,0.8682916781370271
INSP_001922,String_D,String_D_423,2024-06-08,79394.5502748084,0.10963021239922302,1.7164409146007062,CT80,MFL,0.0,120.0,60.0,1.5,0.0,0.9306259512101429
INSP_001923,String_D,String_D_424,2024-03-10,79394.5502748084,0.11023054717353412,1.7164409146007062,CT80,MFL,0.0,120.0,60.0,1.5,0.0,0.9918971969367998
INSP_001924,String_D,String_D_425,2024-02-23,79394.5502748084,0.11137796480631551,1.7164409146007062,CT80,UT,1.0760558676044576,120.0,60.0,1.5,0.0,0.8616353506787866
INSP_001925,String_D,String_D_426,2024-05-21,79394.5502748084,0.11109301888162516,1.7164409146007062,CT80,EMAT,0.8671294040038946,120.0,60.0,1.5,0.0,0.8643227365113231
INSP_001926,String_D,String_D_427,2024-01-18,79394.5502748084,0.10982389116326484,1.7164409146007062,CT80,MFL,0.0,120.0,60.0,1.5,0.0,0.8219908598040238
INSP_001927,String_D,String_D_428,2024-04-11,79394.5502748084,0.10885716760150994,1.7164409146007062,CT80,MFL,0.0,120.0,60.0,1.5,0.0,0.8394400376922995
INSP_001928,String_D,String_D_429,2024-02-27,79394.5502748084,0.10979598880440697,1.7164409146007062,CT80,UT,0.0,120.0,60.0,1.5,0.0,0.9325583859430879
INSP_001929,String_D,String_D_430,2024-03-01,79394.5502748084,0.11044889927729461,1.7164409146007062,CT80,MFL,0.3494692607622616,120.0,60.0,1.5,0.0,0.7278001851283131
INSP_001930,String_D,String_D_431,2024-04-03,79394.5502748084,0.10753403453449596,1.7164409146007062,CT80,UT,0.0,120.0,60.0,1.5,0.0,0.7114130085571168
INSP_001931,String_D,String_D_432,2024-01-28,79394.5502748084,0.10880762013670181,1.7164409146007062,CT80,MFL,0.0,120.0,60.0,1.5,0.0,0.7446769981466721
INSP_001932,String_D,String_D_433,2024-06-11,79394.5502748084,0.11068543190524341,1.7164409146007062,CT80,MFL,0.32976532017605914,120.0,60.0,1.5,0.0,0.7336157472827126
INSP_001933,String_D,String_D_434,2024-06-20,79394.5502748084,0.10869373670306637,1.7164409146007062,CT80,EMAT,0.0,120.0,60.0,1.5,0.0,0.8769316170279696
INSP_001934,String_D,String_D_435,2024-01-13,79394.5502748084,0.10951510117294776,1.7164409146007062,CT80,EMAT,0.0,120.0,60.0,1.5,0.0,0.9595762219976238
INSP_001935,String_D,String_D_436,2024-06-24,79394.5502748084,0.1095845403979446,1.7164409146007062,CT80,MFL,0.0,120.0,60.0,1.5,0.0,0.9994223380569627
INSP_001936,String_D,String_D_437,2024-04-26,79394.5502748084,0.10782293739448913,1.7164409146007062,CT80,MFL,0.0,120.0,60.0,1.5,0.0,0.9144024968930142
INSP_001937,String_D,String_D_438,2024-01-10,79394.5502748084,0.10859939777624458,1.7164409146007062,CT80,MFL,0.0,120.0,60.0,1.5,0.0,0.7450316572535327
INSP_001938,String_D,String_D_439,2024-05-28,79394.5502748084,0.10847829739019976,1.7164409146007062,CT80,MFL,0.26247763152330833,120.0,60.0,1.5,0.0,0.9046719000191585
INSP_001939,String_D,String_D_440,2024-02-18,79394.5502748084,0.10713156500103041,1.7164409146007062,CT80,MFL,0.0,120.0,60.0,1.5,0.0,0.7131176942538578
INSP_001940,String_D,String_D_441,2024-01-19,79394.5502748084,0.10712280730982976,1.7164409146007062,CT80,EMAT,0.060208510432414104,120.0,60.0,1.5,0.0,0.7097086735273668
INSP_001941,String_D,String_D_442,2024-01-25,79394.5502748084,0.11065002783235803,1.7164409146007062,CT80,MFL,1.2398874349348548,120.0,60.0,1.5,0.0,0.7602635502129458
INSP_001942,String_D,String_D_443,2024-05-20,79394.5502748084,0.10820992252869265,1.7164409146007062,CT80,EMAT,1.3616494064517302,120.0,60.0,1.5,0.0,0.8110307747082526
INSP_001943,String_D,String_D_444,2024-05-23,79394.5502748084,0.10928012864766054,1.7164409146007062,CT80,MFL,0.3227206379011005,120.0,60.0,1.5,0.0,0.8021056081620156
INSP_001944,String_D,String_D_445,2024-05-31,79394.5502748084,0.10832198372629992,1.7164409146007062,CT80,EMAT,0.0,120.0,60.0,1.5,0.0,0.9944489938373449
INSP_001945,String_D,String_D_446,2024-05-17,79394.5502748084,0.11112606714396547,1.7164409146007062,CT80,UT,0.0,120.0,60.0,1.5,0.0,0.9411393301424995
INSP_001946,String_D,String_D_447,2024-04-20,79394.5502748084,0.10814975683447443,1.7164409146007062,CT80,EMAT,0.0,120.0,60.0,1.5,0.0,0.920915098235998
INSP_001947,String_D,String_D_448,2024-03-10,79394.5502748084,0.10889389745285016,1.7164409146007062,CT80,UT,0.04494546329477988,120.0,60.0,1.5,0.0,0.7758482576775272
INSP_001948,String_D,String_D_449,2024-05-05,79394.5502748084,0.11082926278324269,1.7164409146007062,CT80,MFL,2.144039200498083,120.0,60.0,1.5,0.0,0.7300944670996272
INSP_001949,String_D,String_D_450,2024-04-11,79394.5502748084,0.11069474144020448,1.7164409146007062,CT80,MFL,0.0,120.0,60.0,1.5,0.0,0.8983607004827645
INSP_001950,String_D,String_D_451,2024-06-21,79394.5502748084,0.10783003618934583,1.7164409146007062,CT80,UT,0.0,120.0,60.0,1.5,0.0,0.8968912333749013
INSP_001951,String_D,String_D_452,2024-04-12,79394.5502748084,0.11052311977495784,1.7164409146007062,CT80,UT,0.0,120.0,60.0,1.5,0.0,0.877506745766145
INSP_001952,String_D,String_D_453,2024-01-01,79394.5502748084,0.10901851813959693,1.7164409146007062,CT80,MFL,0.0,120.0,60.0,1.5,0.0,0.7407870205213153
INSP_001953,String_D,String_D_454,2024-05-02,79394.5502748084,0.10912676700123893,1.7164409146007062,CT80,EMAT,0.0,120.0,60.0,1.5,0.0,0.7287553838908759
INSP_001954,String_D,String_D_455,2024-05-21,79394.5502748084,0.10760018327458036,1.7164409146007062,CT80,MFL,0.0,0.0,100.0,0.0,0.0,0.854055827495754
INSP_001955,String_D,String_D_456,2024-02-22,79394.5502748084,0.1073692077141099,1.7164409146007062,CT80,MFL,0.0,0.0,100.0,0.0,0.0,0.9412436403159448
INSP_001956,String_D,String_D_457,2024-05-13,79394.5502748084,0.11019680922508886,1.7164409146007062,CT80,MFL,0.0,120.0,60.0,1.5,0.0,0.8891537901947122
INSP_001957,String_D,String_D_458,2024-06-16,79394.5502748084,0.10918570190736927,1.7164409146007062,CT80,UT,0.0,120.0,60.0,1.5,0.0,0.714124315385569
INSP_001958,String_D,String_D_459,2024-02-17,79394.5502748084,0.10892532069755646,1.7164409146007062,CT80,UT,0.0,0.0,100.0,0.0,0.0,0.9496971652749078
INSP_001959,String_D,String_D_460,2024-03-05,79394.5502748084,0.1102036623477639,1.7164409146007062,CT80,MFL,0.0,0.0,100.0,0.0,0.0,0.9904909577860892
INSP_001960,String_D,String_D_461,2024-02-11,79394.5502748084,0.11036093241807164,1.7164409146007062,CT80,MFL,0.0,0.0,100.0,0.0,0.0,0.7907800163709368
INSP_001961,String_D,String_D_462,2024-06-07,79394.5502748084,0.1077112548110694,1.7164409146007062,CT80,MFL,0.0,0.0,100.0,0.0,0.0,0.7703329507272741
INSP_001962,String_D,String_D_463,2024-04-01,79394.5502748084,0.10968262832434812,1.7164409146007062,CT80,MFL,0.0,0.0,100.0,0.0,0.0,0.8163095582969225
INSP_001963,String_D,String_D_464,2024-03-14,79394.5502748084,0.107608369473397,1.7164409146007062,CT80,MFL,0.0,0.0,100.0,0.0,0.0,0.8306330389456805
INSP_001964,String_D,String_D_465,2024-02-06,79394.5502748084,0.11029917779519567,1.7164409146007062,CT80,UT,0.0,0.0,100.0,0.0,0.0,0.7444452161720292
INSP_001965,String_D,String_D_466,2024-03-13,79394.5502748084,0.10988674716182471,1.7164409146007062,CT80,MFL,1.041162086844495,0.0,100.0,0.0,0.0,0.7134964759205358
INSP_001966,String_D,String_D_467,2024-01-21,79394.5502748084,0.11119567360544143,1.7164409146007062,CT80,MFL,0.5365396417151284,0.0,100.0,0.0,0.0,0.8712496484816658
INSP_001967,String_D,String_D_468,2024-06-18,79394.5502748084,0.10731834837731803,1.7164409146007062,CT80,UT,0.0,0.0,100.0,0.0,0.0,0.8319085484630742
INSP_001968,String_D,String_D_469,2024-06-23,79394.5502748084,0.10726635423166417,1.7164409146007062,CT80,EMAT,0.0,0.0,100.0,0.0,0.0,0.9381390612810401
INSP_001969,String_D,String_D_470,2024-03-20,79394.5502748084,0.10824974279589776,1.7164409146007062,CT80,UT,0.0,0.0,100.0,0.0,0.0,0.7053177224074275
INSP_001970,String_D,String_D_471,2024-03-17,79394.5502748084,0.10816027913005798,1.7164409146007062,CT80,MFL,0.0,0.0,100.0,0.0,0.0,0.9402869892166079
INSP_001971,String_D,String_D_472,2024-01-24,79394.5502748084,0.10809595141466112,1.7164409146007062,CT80,UT,0.0,0.0,100.0,0.0,0.0,0.9074902758889052
INSP_001972,String_D,String_D_473,2024-05-09,79394.5502748084,0.11097569861204629,1.7164409146007062,CT80,UT,0.7821631136228961,0.0,100.0,0.0,0.0,0.9330952163864425
INSP_001973,String_D,String_D_474,2024-02-07,79394.5502748084,0.10810716594035981,1.7164409146007062,CT80,EMAT,0.0,0.0,100.0,0.0,0.0,0.9789724761506844
INSP_001974,String_D,String_D_475,2024-02-18,79394.5502748084,0.10820502558245383,1.7164409146007062,CT80,MFL,0.0,0.0,100.0,0.0,0.0,0.7015598341565514
INSP_001975,String_D,String_D_476,2024-01-09,79394.5502748084,0.11033422340186019,1.7164409146007062,CT80,UT,0.0,0.0,100.0,0.0,0.0,0.8251332517822926
INSP_001976,String_D,String_D_477,2024-05-06,79394.5502748084,0.10898162105828868,1.7164409146007062,CT80,EMAT,0.0,0.0,100.0,0.0,0.0,0.8441383432086418
INSP_001977,String_D,String_D_478,2024-04-18,79394.5502748084,0.11040984430752168,1.7164409146007062,CT80,UT,0.0,0.0,100.0,0.0,0.0,0.8967383777924463
INSP_001978,String_D,String_D_479,2024-02-14,79394.5502748084,0.10730265897148694,1.7164409146007062,CT80,MFL,0.0,0.0,100.0,0.0,0.0,0.7972951125989072
INSP_001979,String_D,String_D_480,2024-03-31,79394.5502748084,0.10914687015543861,1.7164409146007062,CT80,EMAT,0.0,0.0,100.0,0.0,0.0,0.8459958370604164
INSP_001980,String_D,String_D_481,2024-05-27,79394.5502748084,0.10716396232783493,1.7164409146007062,CT80,MFL,0.0,0.0,100.0,0.0,0.0,0.7388008060967731
INSP_001981,String_D,String_D_482,2024-05-20,79394.5502748084,0.10729080866208388,1.7164409146007062,CT80,MFL,0.0,0.0,100.0,0.0,0.0,0.7158800835665602
INSP_001982,String_D,String_D_483,2024-03-07,79394.5502748084,0.11097649740902231,1.7164409146007062,CT80,EMAT,0.0,0.0,100.0,0.0,0.0,0.7179075171658447
INSP_001983,String_D,String_D_484,2024-03-12,79394.5502748084,0.10762536680356787,1.7164409146007062,CT80,UT,0.0,0.0,100.0,0.0,0.0,0.7726380353937365
INSP_001984,String_D,String_D_485,2024-02-02,79394.5502748084,0.10934277480223364,1.7164409146007062,CT80,UT,0.0,0.0,100.0,0.0,0.0,0.9484708581997252
INSP_001985,String_D,String_D_486,2024-06-03,79394.5502748084,0.10881282122590585,1.7164409146007062,CT80,MFL,0.0,0.0,100.0,0.0,0.0,0.9674982775798047
INSP_001986,String_D,String_D_487,2024-04-22,79394.5502748084,0.10853434832535597,1.7164409146007062,CT80,MFL,0.0,0.0,100.0,0.0,0.0,0.976781673935615
INSP_001987,String_D,String_D_488,2024-01-06,79394.5502748084,0.11094765036040925,1.7164409146007062,CT80,EMAT,0.0,0.0,100.0,0.0,0.0,0.7680976761960718
INSP_001988,String_D,String_D_489,2024-02-12,79394.5502748084,0.10711246217239835,1.7164409146007062,CT80,MFL,0.2148021174338447,0.0,100.0,0.0,0.0,0.8738536407679657
INSP_001989,String_D,String_D_490,2024-06-23,79394.5502748084,0.10991660070552087,1.7164409146007062,CT80,MFL,0.0,0.0,100.0,0.0,0.0,0.8401534144616993
INSP_001990,String_D,String_D_491,2024-06-25,79394.5502748084,0.1112252881437114,1.7164409146007062,CT80,MFL,0.0,0.0,100.0,0.0,0.0,0.8906848253009269
INSP_001991,String_D,String_D_492,2024-01-12,79394.5502748084,0.10946397717463233,1.7164409146007062,CT80,EMAT,1.0081682969670656,0.0,100.0,0.0,0.0,0.9350524421882429
INSP_001992,String_D,String_D_493,2024-05-28,79394.5502748084,0.11110922053654482,1.7164409146007062,CT80,MFL,0.0,0.0,100.0,0.0,0.0,0.9926592533728067
INSP_001993,String_D,String_D_494,2024-04-26,79394.5502748084,0.1072454014038698,1.7164409146007062,CT80,UT,0.0,0.0,100.0,0.0,0.0,0.8036886461727725
INSP_001994,String_D,String_D_495,2024-02-17,79394.5502748084,0.10884644520856146,1.7164409146007062,CT80,UT,0.0,0.0,100.0,0.0,0.0,0.9839692778238872
INSP_001995,String_D,String_D_496,2024-06-05,79394.5502748084,0.10815351786261454,1.7164409146007062,CT80,EMAT,0.0,0.0,100.0,0.0,0.0,0.7220939795199758
INSP_001996,String_D,String_D_497,2024-01-27,79394.5502748084,0.11020939644094432,1.7164409146007062,CT80,MFL,0.0,0.0,100.0,0.0,0.0,0.813024562987138
INSP_001997,String_D,String_D_498,2024-01-08,79394.5502748084,0.11130348777686856,1.7164409146007062,CT80,MFL,0.0,0.0,100.0,0.0,0.0,0.7034307790950701
INSP_001998,String_D,String_D_499,2024-01-02,79394.5502748084,0.10813767177615728,1.7164409146007062,CT80,EMAT,0.0,0.0,100.0,0.0,0.0,0.7375806869816574
INSP_001999,String_D,String_D_500,2024-05-11,79394.5502748084,0.10987460156949776,1.7164409146007062,CT80,EMAT,0.0,0.0,100.0,0.0,0.0,0.8773553697759753
INSP_002000,String_E,String_E_001,2024-06-04,93650.98695883404,0.09385277100448702,1.7298637377474793,CT90,EMAT,0.0,120.0,60.0,1.5,0.0,0.8590884419565761
INSP_002001,String_E,String_E_002,2024-05-10,93650.98695883404,0.09524825496737212,1.7298637377474793,CT90,UT,0.0,120.0,60.0,1.5,0.0,0.9751843263539601
INSP_002002,String_E,String_E_003,2024-01-09,93650.98695883404,0.09486294344941568,1.7298637377474793,CT90,UT,0.0,120.0,60.0,1.5,0.0,0.7439230865991936
INSP_002003,String_E,String_E_004,2024-04-23,93650.98695883404,0.09679362025259984,1.7298637377474793,CT90,MFL,1.0909133001508196,120.0,60.0,1.5,0.0,0.7196979089408942
INSP_002004,String_E,String_E_005,2024-06-23,93650.98695883404,0.09541240363624658,1.7298637377474793,CT90,UT,0.0,120.0,60.0,1.5,0.0,0.822617907925841
INSP_002005,String_E,String_E_006,2024-02-14,93650.98695883404,0.09442812421392992,1.7298637377474793,CT90,MFL,0.0,120.0,60.0,1.5,0.0,0.9739491707169516
INSP_002006,String_E,String_E_007,2024-04-30,93650.98695883404,0.09353356398257415,1.7298637377474793,CT90,UT,0.889275224470547,120.0,60.0,1.5,0.0,0.8761290120367213
INSP_002007,String_E,String_E_008,2024-02-09,93650.98695883404,0.09367473794919276,1.7298637377474793,CT90,UT,0.0,120.0,60.0,1.5,0.0,0.8774790829869864
INSP_002008,String_E,String_E_009,2024-01-25,93650.98695883404,0.0939562043338147,1.7298637377474793,CT90,MFL,0.0,120.0,60.0,1.5,0.0,0.8189410716292043
INSP_002009,String_E,String_E_010,2024-04-22,93650.98695883404,0.09405367331309314,1.7298637377474793,CT90,MFL,0.5661013812448192,120.0,60.0,1.5,0.0,0.8324504378571173
INSP_002010,String_E,String_E_011,2024-03-21,93650.98695883404,0.09633234101979632,1.7298637377474793,CT90,EMAT,2.1635839286040244,120.0,60.0,1.5,0.0,0.7595370414819608
INSP_002011,String_E,String_E_012,2024-05-29,93650.98695883404,0.09523264659547359,1.7298637377474793,CT90,UT,0.0,120.0,60.0,1.5,0.0,0.8236660215406263
INSP_002012,String_E,String_E_013,2024-05-05,93650.98695883404,0.0950888854632226,1.7298637377474793,CT90,EMAT,0.0,120.0,60.0,1.5,0.0,0.8617252628868386
INSP_002013,String_E,String_E_014,2024-02-29,93650.98695883404,0.09353612171310302,1.7298637377474793,CT90,EMAT,0.0,120.0,60.0,1.5,0.0,0.9111668914340073
INSP_002014,String_E,String_E_015,2024-06-06,93650.98695883404,0.09636853083472786,1.7298637377474793,CT90,EMAT,0.0,120.0,60.0,1.5,0.0,0.9648489041830335
INSP_002015,String_E,String_E_016,2024-01-04,93650.98695883404,0.09584669435219224,1.7298637377474793,CT90,UT,0.15435314826766075,120.0,60.0,1.5,0.0,0.8800330816346613
INSP_002016,String_E,String_E_017,2024-04-22,93650.98695883404,0.09335713977522,1.7298637377474793,CT90,UT,0.0,120.0,60.0,1.5,0.0,0.7741914853772375
INSP_002017,String_E,String_E_018,2024-04-19,93650.98695883404,0.09578977336947313,1.7298637377474793,CT90,MFL,0.0,120.0,60.0,1.5,0.0,0.8216518544280187
INSP_002018,String_E,String_E_019,2024-01-18,93650.98695883404,0.09516544522590206,1.7298637377474793,CT90,EMAT,0.0,120.0,60.0,1.5,0.0,0.7609940778925487
INSP_002019,String_E,String_E_020,2024-05-17,93650.98695883404,0.09341055631383775,1.7298637377474793,CT90,MFL,0.0,120.0,60.0,1.5,0.0,0.9414644876716325
INSP_002020,String_E,String_E_021,2024-04-23,93650.98695883404,0.09484154243780889,1.7298637377474793,CT90,MFL,0.0,120.0,60.0,1.5,0.0,0.9581572777079539
INSP_002021,String_E,String_E_022,2024-05-12,93650.98695883404,0.09494184589109418,1.7298637377474793,CT90,UT,1.2194535385635636,120.0,60.0,1.5,0.0,0.7105691404625566
INSP_002022,String_E,String_E_023,2024-03-23,93650.98695883404,0.09372994325262045,1.7298637377474793,CT90,EMAT,0.10755509816606293,120.0,60.0,1.5,0.0,0.9466101278443155
INSP_002023,String_E,String_E_024,2024-06-12,93650.98695883404,0.09669365295860108,1.7298637377474793,CT90,MFL,0.0,120.0,60.0,1.5,0.0,0.7339696531875624
INSP_002024,String_E,String_E_025,2024-02-05,93650.98695883404,0.0963299064116265,1.7298637377474793,CT90,MFL,0.0,120.0,60.0,1.5,0.0,0.9314100582315219
INSP_002025,String_E,String_E_026,2024-06-05,93650.98695883404,0.09564228488185063,1.7298637377474793,CT90,MFL,0.0,120.0,60.0,1.5,0.0,0.9705022582731275
INSP_002026,String_E,String_E_027,2024-04-14,93650.98695883404,0.09485672313180231,1.7298637377474793,CT90,MFL,0.0,120.0,60.0,1.5,0.0,0.7374900877710885
INSP_002027,String_E,String_E_028,2024-02-28,93650.98695883404,0.09466470905802113,1.7298637377474793,CT90,MFL,0.9177178068746275,120.0,60.0,1.5,0.0,0.7853517352458301
INSP_002028,String_E,String_E_029,2024-04-09,93650.98695883404,0.09557369917517364,1.7298637377474793,CT90,MFL,0.0,120.0,60.0,1.5,0.0,0.8419869265840197
INSP_002029,String_E,String_E_030,2024-01-13,93650.98695883404,0.09517264110374624,1.7298637377474793,CT90,MFL,0.0,120.0,60.0,1.5,0.0,0.9755706952771424
INSP_002030,String_E,String_E_031,2024-01-27,93650.98695883404,0.09333663780235116,1.7298637377474793,CT90,EMAT,0.0,120.0,60.0,1.5,0.0,0.9423610428886431
INSP_002031,String_E,String_E_032,2024-03-21,93650.98695883404,0.09504751006532726,1.7298637377474793,CT90,UT,0.0,120.0,60.0,1.5,0.0,0.9227035257404821
INSP_002032,String_E,String_E_033,2024-05-15,93650.98695883404,0.0961643337454848,1.7298637377474793,CT90,MFL,3.27255392340063,120.0,60.0,1.5,0.0,0.9603400316968393
INSP_002033,String_E,String_E_034,2024-01-09,93650.98695883404,0.09484511153486845,1.7298637377474793,CT90,MFL,2.7709749869977647,120.0,60.0,1.5,0.0,0.8595493717424343
INSP_002034,String_E,String_E_035,2024-01-03,93650.98695883404,0.09329743499470622,1.7298637377474793,CT90,MFL,0.0,120.0,60.0,1.5,0.0,0.9288407542364954
INSP_002035,String_E,String_E_036,2024-01-10,93650.98695883404,0.09608785715765933,1.7298637377474793,CT90,UT,1.191270474289028,120.0,60.0,1.5,0.0,0.845714831812146
INSP_002036,String_E,String_E_037,2024-02-28,93650.98695883404,0.0938651823721167,1.7298637377474793,CT90,EMAT,0.0,120.0,60.0,1.5,0.0,0.964967521323741
INSP_002037,String_E,String_E_038,2024-06-02,93650.98695883404,0.09408275917257455,1.7298637377474793,CT90,MFL,0.0,120.0,60.0,1.5,0.0,0.9508459677133447
INSP_002038,String_E,String_E_039,2024-01-05,93650.98695883404,0.09372588414304273,1.7298637377474793,CT90,MFL,0.4145728234319753,120.0,60.0,1.5,0.0,0.9812722688965088
INSP_002039,String_E,String_E_040,2024-04-21,93650.98695883404,0.0943548172465117,1.7298637377474793,CT90,MFL,0.0,120.0,60.0,1.5,0.0,0.8908335156119699
INSP_002040,String_E,String_E_041,2024-06-23,93650.98695883404,0.09597565572161681,1.7298637377474793,CT90,MFL,0.0,120.0,60.0,1.5,0.0,0.8948803313773029
INSP_002041,String_E,String_E_042,2024-03-20,93650.98695883404,0.09507366626611498,1.7298637377474793,CT90,MFL,0.0,120.0,60.0,1.5,0.0,0.9876545412391754
INSP_002042,String_E,String_E_043,2024-06-20,93650.98695883404,0.0938785488417727,1.7298637377474793,CT90,MFL,0.567335324341747,120.0,60.0,1.5,0.0,0.8164451213977207
INSP_002043,String_E,String_E_044,2024-06-03,93650.98695883404,0.09643575429697776,1.7298637377474793,CT90,UT,0.0,120.0,60.0,1.5,0.0,0.868787847614266
INSP_002044,String_E,String_E_045,2024-04-25,93650.98695883404,0.0964424110488158,1.7298637377474793,CT90,EMAT,0.0,120.0,60.0,1.5,0.0,0.7217131803003908
INSP_002045,String_E,String_E_046,2024-04-23,93650.98695883404,0.09640819801517483,1.7298637377474793,CT90,UT,0.0,120.0,60.0,1.5,0.0,0.736966967051857
INSP_002046,String_E,String_E_047,2024-06-16,93650.98695883404,0.09400742560324984,1.7298637377474793,CT90,MFL,0.0,120.0,60.0,1.5,0.0,0.7508306106733975
INSP_002047,String_E,String_E_048,2024-01-14,93650.98695883404,0.09481470950788776,1.7298637377474793,CT90,EMAT,0.0,120.0,60.0,1.5,0.0,0.9266586265749657
INSP_002048,String_E,String_E_049,2024-04-23,93650.98695883404,0.09684296069333534,1.7298637377474793,CT90,UT,1.7288612906391114,120.0,60.0,1.5,0.0,0.7056706400009966
INSP_002049,String_E,String_E_050,2024-03-29,93650.98695883404,0.09603364740997797,1.7298637377474793,CT90,MFL,0.0,120.0,60.0,1.5,0.0,0.9485308498758563
INSP_002050,String_E,String_E_051,2024-05-09,93650.98695883404,0.09320323620065712,1.7298637377474793,CT90,UT,0.0,120.0,60.0,1.5,0.0,0.8310797556186578
INSP_002051,String_E,String_E_052,2024-06-16,93650.98695883404,0.09334777744678988,1.7298637377474793,CT90,MFL,0.0,120.0,60.0,1.5,0.0,0.9574537542795791
INSP_002052,String_E,String_E_053,2024-06-12,93650.98695883404,0.09486293923188686,1.7298637377474793,CT90,UT,1.4798023343616586,120.0,60.0,1.5,0.0,0.8995434292231789
INSP_002053,String_E,String_E_054,2024-02-20,93650.98695883404,0.09655503678227392,1.7298637377474793,CT90,UT,0.0,120.0,60.0,1.5,0.0,0.7697809406405026
INSP_002054,String_E,String_E_055,2024-06-13,93650.98695883404,0.09514706683222031,1.7298637377474793,CT90,EMAT,0.0,120.0,60.0,1.5,0.0,0.9853953802856352
INSP_002055,String_E,String_E_056,2024-02-22,93650.98695883404,0.0949916875305303,1.7298637377474793,CT90,MFL,0.0,120.0,60.0,1.5,0.0,0.8199100582137561
INSP_002056,String_E,String_E_057,2024-06-04,93650.98695883404,0.0935008000598352,1.7298637377474793,CT90,UT,1.2079663710834707,120.0,60.0,1.5,0.0,0.9732697610057525
INSP_002057,String_E,String_E_058,2024-03-22,93650.98695883404,0.09559576439795232,1.7298637377474793,CT90,EMAT,1.023571561100705,120.0,60.0,1.5,0.0,0.8629988056424026
INSP_002058,String_E,String_E_059,2024-03-22,93650.98695883404,0.09622399201028085,1.7298637377474793,CT90,MFL,0.0,120.0,60.0,1.5,0.0,0.9973451885616326
INSP_002059,String_E,String_E_060,2024-03-08,93650.98695883404,0.09454559602852873,1.7298637377474793,CT90,EMAT,0.0,120.0,60.0,1.5,0.0,0.7081764474828857
INSP_002060,String_E,String_E_061,2024-05-17,93650.98695883404,0.09604732503351625,1.7298637377474793,CT90,EMAT,0.13392817151044745,120.0,60.0,1.5,0.0,0.8199802769430361
INSP_002061,String_E,String_E_062,2024-04-17,93650.98695883404,0.0967650112848231,1.7298637377474793,CT90,UT,0.0,120.0,60.0,1.5,0.0,0.9243015773306907
INSP_002062,String_E,String_E_063,2024-01-12,93650.98695883404,0.09387431254468522,1.7298637377474793,CT90,MFL,0.2744715443653303,120.0,60.0,1.5,0.0,0.8962149980891654
INSP_002063,String_E,String_E_064,2024-04-29,93650.98695883404,0.09508865259854002,1.7298637377474793,CT90,UT,0.14985285547609117,120.0,60.0,1.5,0.0,0.843481973628406
INSP_002064,String_E,String_E_065,2024-04-26,93650.98695883404,0.09419112424072139,1.7298637377474793,CT90,MFL,0.0,120.0,60.0,1.5,0.0,0.9331105751304642
INSP_002065,String_E,String_E_066,2024-05-02,93650.98695883404,0.0961128467923286,1.7298637377474793,CT90,MFL,0.0,120.0,60.0,1.5,0.0,0.7794610292834251
INSP_002066,String_E,String_E_067,2024-03-05,93650.98695883404,0.0952948547903484,1.7298637377474793,CT90,UT,0.0,120.0,60.0,1.5,0.0,0.887505000725567
INSP_002067,String_E,String_E_068,2024-05-15,93650.98695883404,0.09551141318669117,1.7298637377474793,CT90,MFL,0.0,120.0,60.0,1.5,0.0,0.9893431960826005
INSP_002068,String_E,String_E_069,2024-01-29,93650.98695883404,0.09613207380654039,1.7298637377474793,CT90,MFL,0.0,120.0,60.0,1.5,0.0,0.7536769550182474
INSP_002069,String_E,String_E_070,2024-05-02,93650.98695883404,0.09460468779611733,1.7298637377474793,CT90,EMAT,0.0,120.0,60.0,1.5,0.0,0.8311842955878164
INSP_002070,String_E,String_E_071,2024-01-12,93650.98695883404,0.09657734225994677,1.7298637377474793,CT90,UT,0.0,120.0,60.0,1.5,0.0,0.8053426737513656
INSP_002071,String_E,String_E_072,2024-02-02,93650.98695883404,0.09512550969553532,1.7298637377474793,CT90,UT,0.0,120.0,60.0,1.5,0.0,0.7712517762051839
INSP_002072,String_E,String_E_073,2024-02-16,93650.98695883404,0.09370022832677433,1.7298637377474793,CT90,MFL,0.0,120.0,60.0,1.5,0.0,0.7544148046641527
INSP_002073,String_E,String_E_074,2024-05-11,93650.98695883404,0.09574441664904144,1.7298637377474793,CT90,UT,0.0,120.0,60.0,1.5,0.0,0.9910169076136799
INSP_002074,String_E,String_E_075,2024-01-31,93650.98695883404,0.09611439313166538,1.7298637377474793,CT90,MFL,0.724286231590935,120.0,60.0,1.5,0.0,0.7626085093356173
INSP_002075,String_E,String_E_076,2024-06-25,93650.98695883404,0.0943036943728566,1.7298637377474793,CT90,EMAT,0.41784367225387986,120.0,60.0,1.5,0.0,0.9445267162933358
INSP_002076,String_E,String_E_077,2024-04-01,93650.98695883404,0.09635728117659526,1.7298637377474793,CT90,MFL,0.0,120.0,60.0,1.5,0.0,0.7965826765455287
INSP_002077,String_E,String_E_078,2024-05-08,93650.98695883404,0.09654334436810992,1.7298637377474793,CT90,MFL,0.0,120.0,60.0,1.5,0.0,0.9727281274069273
INSP_002078,String_E,String_E_079,2024-03-24,93650.98695883404,0.09415223705203568,1.7298637377474793,CT90,UT,0.0,120.0,60.0,1.5,0.0,0.7957903278796195
INSP_002079,String_E,String_E_080,2024-04-21,93650.98695883404,0.09683738159631784,1.7298637377474793,CT90,MFL,0.0,120.0,60.0,1.5,0.0,0.8698046166557113
INSP_002080,String_E,String_E_081,2024-06-18,93650.98695883404,0.09363470380658528,1.7298637377474793,CT90,MFL,0.0,120.0,60.0,1.5,0.0,0.8491888161904438
INSP_002081,String_E,String_E_082,2024-03-17,93650.98695883404,0.09386765953992945,1.7298637377474793,CT90,UT,0.0,120.0,60.0,1.5,0.0,0.9985195066939301
INSP_002082,String_E,String_E_083,2024-06-18,93650.98695883404,0.09380005438910449,1.7298637377474793,CT90,EMAT,0.0,120.0,60.0,1.5,0.0,0.884705651637995
INSP_002083,String_E,String_E_084,2024-02-18,93650.98695883404,0.0964971608980299,1.7298637377474793,CT90,UT,0.71269642354147,120.0,60.0,1.5,0.0,0.7405940486292854
INSP_002084,String_E,String_E_085,2024-03-15,93650.98695883404,0.09558631169883486,1.7298637377474793,CT90,MFL,0.0,120.0,60.0,1.5,0.0,0.9266067465365431
INSP_002085,String_E,String_E_086,2024-03-26,93650.98695883404,0.09367799627624464,1.7298637377474793,CT90,MFL,0.0,120.0,60.0,1.5,0.0,0.7447442023645271
INSP_002086,String_E,String_E_087,2024-03-27,93650.98695883404,0.09477322898979973,1.7298637377474793,CT90,MFL,1.3849177695475126,120.0,60.0,1.5,0.0,0.8194123694384795
INSP_002087,String_E,String_E_088,2024-06-18,93650.98695883404,0.09543813249526525,1.7298637377474793,CT90,MFL,0.0,120.0,60.0,1.5,0.0,0.7750003906538525
INSP_002088,String_E,String_E_089,2024-02-09,93650.98695883404,0.09341716352295966,1.7298637377474793,CT90,MFL,0.7608104976927579,120.0,60.0,1.5,0.0,0.8343042210793901
INSP_002089,String_E,String_E_090,2024-02-10,93650.98695883404,0.09645318219994789,1.7298637377474793,CT90,UT,0.0,120.0,60.0,1.5,0.0,0.9859101206891876
INSP_002090,String_E,String_E_091,2024-02-10,93650.98695883404,0.09615369343467785,1.7298637377474793,CT90,EMAT,0.0,120.0,60.0,1.5,0.0,0.8405069575645386
INSP_002091,String_E,String_E_092,2024-05-05,93650.98695883404,0.09501978573959123,1.7298637377474793,CT90,MFL,0.0,120.0,60.0,1.5,0.0,0.7905199219112701
INSP_002092,String_E,String_E_093,2024-02-04,93650.98695883404,0.09677508113798486,1.7298637377474793,CT90,MFL,0.0,120.0,60.0,1.5,1.6759098275872604,0.7234441612755598
INSP_002093,String_E,String_E_094,2024-01-29,93650.98695883404,0.09468749172124538,1.7298637377474793,CT90,EMAT,0.0,120.0,60.0,1.5,0.08779100146123969,0.7617760564174136
INSP_002094,String_E,String_E_095,2024-03-02,93650.98695883404,0.09683961921233869,1.7298637377474793,CT90,MFL,0.3589132241242301,120.0,60.0,1.5,1.7868640978063937,0.7745726339227207
INSP_002095,String_E,String_E_096,2024-06-06,93650.98695883404,0.0956380959954538,1.7298637377474793,CT90,UT,0.0,120.0,60.0,1.5,2.0823102292611586,0.768699341022042
INSP_002096,String_E,String_E_097,2024-06-28,93650.98695883404,0.09551175083836497,1.7298637377474793,CT90,MFL,0.37759172252759293,120.0,60.0,1.5,2.2151935240795204,0.8213040413741491
INSP_002097,String_E,String_E_098,2024-01-22,93650.98695883404,0.09373062860212399,1.7298637377474793,CT90,MFL,0.0,120.0,60.0,1.5,2.4869659322748836,0.9425973601996988
INSP_002098,String_E,String_E_099,2024-06-13,93650.98695883404,0.09645132548155766,1.7298637377474793,CT90,MFL,0.0,120.0,60.0,1.5,2.060198627063355,0.9514621839749202
INSP_002099,String_E,String_E_100,2024-06-23,93650.98695883404,0.09472446081409834,1.7298637377474793,CT90,UT,0.4212423347576385,120.0,60.0,1.5,1.3052184186844815,0.974940984721943
INSP_002100,String_E,String_E_101,2024-01-18,93650.98695883404,0.09371648694197343,1.7298637377474793,CT90,EMAT,0.7652108999949935,120.0,60.0,1.5,0.9474862243588098,0.9417347272305215
INSP_002101,String_E,String_E_102,2024-05-20,93650.98695883404,0.09314790857590789,1.7298637377474793,CT90,MFL,0.0,120.0,60.0,1.5,3.2178239754907225,0.9836735772402068
INSP_002102,String_E,String_E_103,2024-04-12,93650.98695883404,0.09522707159782587,1.7298637377474793,CT90,UT,0.0,120.0,60.0,1.5,1.9993368032076155,0.8148291402722425
INSP_002103,String_E,String_E_104,2024-04-16,93650.98695883404,0.09510411856406617,1.7298637377474793,CT90,UT,0.1093768990455562,120.0,60.0,1.5,2.3653567258981743,0.8022442488193295
INSP_002104,String_E,String_E_105,2024-03-18,93650.98695883404,0.09583354376500279,1.7298637377474793,CT90,MFL,0.0,120.0,60.0,1.5,2.2814878726181256,0.7289000228767601
INSP_002105,String_E,String_E_106,2024-02-18,93650.98695883404,0.09648298060146764,1.7298637377474793,CT90,MFL,0.0,120.0,60.0,1.5,4.153889179924696,0.8873798501401902
INSP_002106,String_E,String_E_107,2024-01-07,93650.98695883404,0.09340174502164351,1.7298637377474793,CT90,MFL,0.0,120.0,60.0,1.5,3.1840392738793653,0.8465550268131184
INSP_002107,String_E,String_E_108,2024-06-05,93650.98695883404,0.09587968666329337,1.7298637377474793,CT90,MFL,0.0,120.0,60.0,1.5,3.769528427969238,0.8052474127596787
INSP_002108,String_E,String_E_109,2024-02-19,93650.98695883404,0.09381216538757081,1.7298637377474793,CT90,MFL,0.0,120.0,60.0,1.5,1.6747016136938475,0.8834378211305767
INSP_002109,String_E,String_E_110,2024-04-25,93650.98695883404,0.09636107280199724,1.7298637377474793,CT90,UT,0.0,120.0,60.0,1.5,1.9765421258395186,0.7886414839536742
INSP_002110,String_E,String_E_111,2024-01-15,93650.98695883404,0.09621244135267429,1.7298637377474793,CT90,UT,0.0,120.0,60.0,1.5,2.223508291990471,0.9855017578067617
INSP_002111,String_E,String_E_112,2024-05-16,93650.98695883404,0.09515501626894508,1.7298637377474793,CT90,UT,0.0,120.0,60.0,1.5,3.15152276160757,0.8486600870861738
INSP_002112,String_E,String_E_113,2024-02-20,93650.98695883404,0.09579892263476858,1.7298637377474793,CT90,MFL,0.0,120.0,60.0,1.5,3.514337426038018,0.8291634138643813
INSP_002113,String_E,String_E_114,2024-06-24,93650.98695883404,0.09429453043009824,1.7298637377474793,CT90,UT,0.0,120.0,60.0,1.5,1.6338600008609399,0.9812207228489827
INSP_002114,String_E,String_E_115,2024-02-19,93650.98695883404,0.0948904380159447,1.7298637377474793,CT90,MFL,0.0,120.0,60.0,1.5,2.426946903054418,0.9890684390381966
INSP_002115,String_E,String_E_116,2024-01-18,93650.98695883404,0.09622222021129978,1.7298637377474793,CT90,UT,0.649746496584193,120.0,60.0,1.5,1.6255159024201078,0.9316721799959774
INSP_002116,String_E,String_E_117,2024-03-18,93650.98695883404,0.09484520774925821,1.7298637377474793,CT90,EMAT,0.0,120.0,60.0,1.5,2.226451867943047,0.9965201083437322
INSP_002117,String_E,String_E_118,2024-04-23,93650.98695883404,0.09445963340823668,1.7298637377474793,CT90,MFL,0.0,120.0,60.0,1.5,0.6849740463573535,0.7958793885396853
INSP_002118,String_E,String_E_119,2024-05-02,93650.98695883404,0.09497800729955114,1.7298637377474793,CT90,MFL,0.8328024953864869,120.0,60.0,1.5,2.989029058118849,0.8187366911223269
INSP_002119,String_E,String_E_120,2024-03-08,93650.98695883404,0.09624734715926143,1.7298637377474793,CT90,EMAT,0.0,120.0,60.0,1.5,2.1788888103523867,0.8365265511468546
INSP_002120,String_E,String_E_121,2024-04-27,93650.98695883404,0.09437379058000932,1.7298637377474793,CT90,EMAT,0.6596777097546234,120.0,60.0,1.5,3.2631786702626435,0.8497073302661269
INSP_002121,String_E,String_E_122,2024-02-06,93650.98695883404,0.09376029405391582,1.7298637377474793,CT90,UT,0.5049865621117389,120.0,60.0,1.5,3.704035868407241,0.8075503909237823
INSP_002122,String_E,String_E_123,2024-05-04,93650.98695883404,0.09580565327725697,1.7298637377474793,CT90,EMAT,0.0,120.0,60.0,1.5,2.2295098604005146,0.7916135799704732
INSP_002123,String_E,String_E_124,2024-01-17,93650.98695883404,0.09623871720829072,1.7298637377474793,CT90,MFL,0.0,120.0,60.0,1.5,2.665721229949439,0.9633660644719244
INSP_002124,String_E,String_E_125,2024-03-29,93650.98695883404,0.09348242241838943,1.7298637377474793,CT90,EMAT,0.0,120.0,60.0,1.5,2.7911905251998896,0.8508597519169618
INSP_002125,String_E,String_E_126,2024-05-03,93650.98695883404,0.0940115216284726,1.7298637377474793,CT90,MFL,0.09499549006297037,120.0,60.0,1.5,1.8473990780824434,0.9167513265138485
INSP_002126,String_E,String_E_127,2024-03-22,93650.98695883404,0.09363949356109177,1.7298637377474793,CT90,UT,0.0,120.0,60.0,1.5,1.3116380646273544,0.9800698992942269
INSP_002127,String_E,String_E_128,2024-02-11,93650.98695883404,0.09442217736401223,1.7298637377474793,CT90,EMAT,0.0,120.0,60.0,1.5,2.146543925066494,0.9462525232155847
INSP_002128,String_E,String_E_129,2024-05-16,93650.98695883404,0.09481133371984056,1.7298637377474793,CT90,UT,0.0,120.0,60.0,1.5,4.130822878198322,0.8314707825323495
INSP_002129,String_E,String_E_130,2024-02-08,93650.98695883404,0.09594554008046058,1.7298637377474793,CT90,UT,0.8715723388496565,120.0,60.0,1.5,1.0568651807682186,0.8089269588127901
INSP_002130,String_E,String_E_131,2024-03-14,93650.98695883404,0.09557436082255036,1.7298637377474793,CT90,MFL,0.0,120.0,60.0,1.5,2.4062539258000353,0.9290467486227266
INSP_002131,String_E,String_E_132,2024-04-05,93650.98695883404,0.09545952855641802,1.7298637377474793,CT90,UT,0.0,120.0,60.0,1.5,2.968318816550114,0.854110434068853
INSP_002132,String_E,String_E_133,2024-04-30,93650.98695883404,0.09443902479711669,1.7298637377474793,CT90,UT,0.04741671159929768,120.0,60.0,1.5,1.6450826393921483,0.7621181883620829
INSP_002133,String_E,String_E_134,2024-06-23,93650.98695883404,0.09629750070172209,1.7298637377474793,CT90,EMAT,0.0,120.0,60.0,1.5,2.6186111686222118,0.7313955459519523
INSP_002134,String_E,String_E_135,2024-01-05,93650.98695883404,0.09489089123611302,1.7298637377474793,CT90,MFL,0.17781380724363888,120.0,60.0,1.5,1.7887254015850123,0.950485751748507
INSP_002135,String_E,String_E_136,2024-05-07,93650.98695883404,0.0968205987644576,1.7298637377474793,CT90,MFL,0.0,120.0,60.0,1.5,2.3899496608366446,0.7992991652027455
INSP_002136,String_E,String_E_137,2024-04-02,93650.98695883404,0.0955097401255238,1.7298637377474793,CT90,UT,0.47325964233033074,120.0,60.0,1.5,0.9204228430859017,0.9811560751359532
INSP_002137,String_E,String_E_138,2024-03-25,93650.98695883404,0.0935798060179451,1.7298637377474793,CT90,MFL,0.6988288775286017,120.0,60.0,1.5,3.0386956226487634,0.852109770056314
INSP_002138,String_E,String_E_139,2024-04-03,93650.98695883404,0.09566947473588666,1.7298637377474793,CT90,MFL,0.0,120.0,60.0,1.5,1.6793550945174678,0.8538537024180121
INSP_002139,String_E,String_E_140,2024-02-19,93650.98695883404,0.09433539525864046,1.7298637377474793,CT90,MFL,0.005476478463527546,120.0,60.0,1.5,4.955305453765233,0.8658759805287014
INSP_002140,String_E,String_E_141,2024-06-24,93650.98695883404,0.09570804334740718,1.7298637377474793,CT90,UT,0.0,120.0,60.0,1.5,2.9812960846506185,0.8362010914963097
INSP_002141,String_E,String_E_142,2024-02-22,93650.98695883404,0.09336463636301714,1.7298637377474793,CT90,MFL,0.0,120.0,60.0,1.5,3.4081661520542625,0.8541827946223229
INSP_002142,String_E,String_E_143,2024-05-02,93650.98695883404,0.09376454946126864,1.7298637377474793,CT90,MFL,0.8221955140159147,120.0,60.0,1.5,3.0982041437875925,0.7791804283131943
INSP_002143,String_E,String_E_144,2024-01-10,93650.98695883404,0.09635180158384199,1.7298637377474793,CT90,MFL,0.0,120.0,60.0,1.5,4.9451188209594905,0.7893244047810001
INSP_002144,String_E,String_E_145,2024-05-10,93650.98695883404,0.09396328231668936,1.7298637377474793,CT90,UT,0.32644086032637715,120.0,60.0,1.5,3.380105473999221,0.7280327769068021
INSP_002145,String_E,String_E_146,2024-02-15,93650.98695883404,0.09628075627592318,1.7298637377474793,CT90,MFL,0.0,120.0,60.0,1.5,1.1904978566804116,0.9145931422625757
INSP_002146,String_E,String_E_147,2024-03-26,93650.98695883404,0.09416124913612677,1.7298637377474793,CT90,EMAT,0.9914776532831578,120.0,60.0,1.5,3.1150283474675042,0.9767925687493222
INSP_002147,String_E,String_E_148,2024-03-14,93650.98695883404,0.09554295125822308,1.7298637377474793,CT90,MFL,0.0,120.0,60.0,1.5,1.5622093122645329,0.8957312777035327
INSP_002148,String_E,String_E_149,2024-02-18,93650.98695883404,0.09573777217933736,1.7298637377474793,CT90,MFL,0.0,120.0,60.0,1.5,1.9761151798792693,0.9767952409267571
INSP_002149,String_E,String_E_150,2024-02-10,93650.98695883404,0.0950480880619512,1.7298637377474793,CT90,UT,0.0,120.0,60.0,1.5,2.6220316644552826,0.9312283833047146
INSP_002150,String_E,String_E_151,2024-06-15,93650.98695883404,0.09426018057144758,1.7298637377474793,CT90,MFL,0.0,120.0,60.0,1.5,1.2194236497631232,0.8470188598411911
INSP_002151,String_E,String_E_152,2024-05-19,93650.98695883404,0.09390804863021017,1.7298637377474793,CT90,UT,0.0,120.0,60.0,1.5,2.0348627367022485,0.8163531918871534
INSP_002152,String_E,String_E_153,2024-06-23,93650.98695883404,0.09322611954733723,1.7298637377474793,CT90,MFL,0.7036549045155576,120.0,60.0,1.5,0.43159619084083173,0.88615564576733
INSP_002153,String_E,String_E_154,2024-01-30,93650.98695883404,0.09425499632471475,1.7298637377474793,CT90,UT,0.5147831954445224,120.0,60.0,1.5,2.2861820959405548,0.7430283328362318
INSP_002154,String_E,String_E_155,2024-06-07,93650.98695883404,0.09558201860401887,1.7298637377474793,CT90,EMAT,0.5611805759596785,120.0,60.0,1.5,3.5610172006144474,0.9556484586775759
INSP_002155,String_E,String_E_156,2024-03-18,93650.98695883404,0.09666555831010423,1.7298637377474793,CT90,MFL,0.0,120.0,60.0,1.5,1.811600230483707,0.8447819829166059
INSP_002156,String_E,String_E_157,2024-03-05,93650.98695883404,0.09641057703259961,1.7298637377474793,CT90,MFL,0.0,120.0,60.0,1.5,1.4772709422090458,0.9560815679034649
INSP_002157,String_E,String_E_158,2024-05-04,93650.98695883404,0.09601104615083415,1.7298637377474793,CT90,MFL,0.0,120.0,60.0,1.5,1.1323749418216102,0.9003043930420699
INSP_002158,String_E,String_E_159,2024-05-23,93650.98695883404,0.09609609990436255,1.7298637377474793,CT90,EMAT,0.0,120.0,60.0,1.5,5.874045593753983,0.9382659807076109
INSP_002159,String_E,String_E_160,2024-03-02,93650.98695883404,0.09562694263320878,1.7298637377474793,CT90,EMAT,0.7544122839144606,120.0,60.0,1.5,2.116428389860411,0.8097928133080119
INSP_002160,String_E,String_E_161,2024-05-11,93650.98695883404,0.09408909005875081,1.7298637377474793,CT90,UT,0.0,120.0,60.0,1.5,1.044603598983385,0.8613731219700137
INSP_002161,String_E,String_E_162,2024-02-10,93650.98695883404,0.09654734111668216,1.7298637377474793,CT90,MFL,0.42659292408869365,120.0,60.0,1.5,1.9758697542234438,0.7333987128612989
INSP_002162,String_E,String_E_163,2024-04-20,93650.98695883404,0.09564878278524218,1.7298637377474793,CT90,UT,0.0,120.0,60.0,1.5,1.5400467196506722,0.9954899426182668
INSP_002163,String_E,String_E_164,2024-06-19,93650.98695883404,0.09522967439772567,1.7298637377474793,CT90,EMAT,0.5690680511748196,120.0,60.0,1.5,3.9539873901880997,0.7933412848221965
INSP_002164,String_E,String_E_165,2024-04-02,93650.98695883404,0.09352175998301124,1.7298637377474793,CT90,EMAT,0.0,120.0,60.0,1.5,1.9985656823173223,0.8144466722921203
INSP_002165,String_E,String_E_166,2024-03-09,93650.98695883404,0.09479881106646441,1.7298637377474793,CT90,MFL,0.0,120.0,60.0,1.5,1.18189367890896,0.779854026008617
INSP_002166,String_E,String_E_167,2024-03-26,93650.98695883404,0.09484936143056732,1.7298637377474793,CT90,MFL,0.0,120.0,60.0,1.5,1.3749159203547814,0.7663332251829109
INSP_002167,String_E,String_E_168,2024-06-23,93650.98695883404,0.09638534171618615,1.7298637377474793,CT90,UT,0.0,120.0,60.0,1.5,2.950891521663246,0.7740918753681938
INSP_002168,String_E,String_E_169,2024-05-06,93650.98695883404,0.0951772632367136,1.7298637377474793,CT90,MFL,0.0,120.0,60.0,1.5,2.0962058998663724,0.9505174643831766
INSP_002169,String_E,String_E_170,2024-03-05,93650.98695883404,0.09454552208608756,1.7298637377474793,CT90,MFL,0.0,120.0,60.0,1.5,2.519512193091873,0.7275654040304085
INSP_002170,String_E,String_E_171,2024-05-18,93650.98695883404,0.09681184124834052,1.7298637377474793,CT90,MFL,0.0,120.0,60.0,1.5,4.131277237645636,0.945912551157246
INSP_002171,String_E,String_E_172,2024-01-23,93650.98695883404,0.09352073825464,1.7298637377474793,CT90,UT,0.0,120.0,60.0,1.5,3.71897234305304,0.9237688857293103
INSP_002172,String_E,String_E_173,2024-05-23,93650.98695883404,0.09470568402758539,1.7298637377474793,CT90,MFL,0.0,120.0,60.0,1.5,4.2868561595538655,0.7702587725049228
INSP_002173,String_E,String_E_174,2024-02-06,93650.98695883404,0.09325969376565134,1.7298637377474793,CT90,EMAT,0.0,120.0,60.0,1.5,1.0310873998797705,0.8171361190691151
INSP_002174,String_E,String_E_175,2024-06-26,93650.98695883404,0.09591163565891433,1.7298637377474793,CT90,UT,0.0,120.0,60.0,1.5,1.9325353295562697,0.9275869668275418
INSP_002175,String_E,String_E_176,2024-06-22,93650.98695883404,0.09658869089835678,1.7298637377474793,CT90,MFL,0.0,120.0,60.0,1.5,2.49864410102604,0.8153274911818437
INSP_002176,String_E,String_E_177,2024-05-08,93650.98695883404,0.09416414185229185,1.7298637377474793,CT90,EMAT,7.511571234693612,120.0,60.0,1.5,5.596912437422776,0.8639152765987592
INSP_002177,String_E,String_E_178,2024-04-26,93650.98695883404,0.09636169837183667,1.7298637377474793,CT90,UT,0.0,120.0,60.0,1.5,5.510566351099609,0.81240199679323
INSP_002178,String_E,String_E_179,2024-03-21,93650.98695883404,0.09421042927575522,1.7298637377474793,CT90,EMAT,1.1053613789031045,120.0,60.0,1.5,2.583995775890398,0.8069693301369589
INSP_002179,String_E,String_E_180,2024-01-22,93650.98695883404,0.09656092661424688,1.7298637377474793,CT90,MFL,2.63524850119194,120.0,60.0,1.5,3.6231872978249586,0.7969108221823563
INSP_002180,String_E,String_E_181,2024-02-25,93650.98695883404,0.09596505523366777,1.7298637377474793,CT90,EMAT,0.0,120.0,60.0,1.5,2.51077986977127,0.9233831343013372
INSP_002181,String_E,String_E_182,2024-01-08,93650.98695883404,0.09615864575199748,1.7298637377474793,CT90,MFL,0.0,120.0,60.0,1.5,1.8736693385925716,0.8223194146048449
INSP_002182,String_E,String_E_183,2024-06-22,93650.98695883404,0.09316842491128173,1.7298637377474793,CT90,UT,0.0,120.0,60.0,1.5,3.133608585866377,0.7485240615933434
INSP_002183,String_E,String_E_184,2024-02-01,93650.98695883404,0.0967586793568813,1.7298637377474793,CT90,MFL,0.0,120.0,60.0,1.5,1.3143374423628227,0.7734786181066302
INSP_002184,String_E,String_E_185,2024-05-17,93650.98695883404,0.09586134976986722,1.7298637377474793,CT90,EMAT,0.0,120.0,60.0,1.5,1.2053695049007471,0.9510298707031004
INSP_002185,String_E,String_E_186,2024-05-03,93650.98695883404,0.0942580541624673,1.7298637377474793,CT90,UT,0.0,120.0,60.0,1.5,1.7880146878981478,0.7032289615190435
INSP_002186,String_E,String_E_187,2024-05-08,93650.98695883404,0.09625169972646361,1.7298637377474793,CT90,MFL,0.0,120.0,60.0,1.5,3.053188466113842,0.8370364067065783
INSP_002187,String_E,String_E_188,2024-03-31,93650.98695883404,0.09416978055397673,1.7298637377474793,CT90,MFL,1.2167552971108413,120.0,60.0,1.5,2.076144907192677,0.8477634585050127
INSP_002188,String_E,String_E_189,2024-02-28,93650.98695883404,0.09641646459035128,1.7298637377474793,CT90,UT,0.0,120.0,60.0,1.5,5.196938153485129,0.9982960463481612
INSP_002189,String_E,String_E_190,2024-03-02,93650.98695883404,0.09352780548356536,1.7298637377474793,CT90,MFL,0.0,120.0,60.0,1.5,0.31479001210989144,0.7807721473431763
INSP_002190,String_E,String_E_191,2024-04-11,93650.98695883404,0.09577400671435102,1.7298637377474793,CT90,EMAT,0.6105810953973541,120.0,60.0,1.5,2.5277815246567,0.967746089731441
INSP_002191,String_E,String_E_192,2024-04-25,93650.98695883404,0.09515465421125067,1.7298637377474793,CT90,EMAT,0.0,120.0,60.0,1.5,1.8953986239362508,0.8603295452040136
INSP_002192,String_E,String_E_193,2024-02-10,93650.98695883404,0.09346683098674267,1.7298637377474793,CT90,UT,0.0,120.0,60.0,1.5,1.429936067181635,0.8931778877950215
INSP_002193,String_E,String_E_194,2024-02-21,93650.98695883404,0.09401919654738358,1.7298637377474793,CT90,MFL,0.32609030248396637,120.0,60.0,1.5,0.3740495304108491,0.8340601648759023
INSP_002194,String_E,String_E_195,2024-04-14,93650.98695883404,0.09314713533785379,1.7298637377474793,CT90,UT,0.0,120.0,60.0,1.5,2.0770098116603015,0.9206229217248187
INSP_002195,String_E,String_E_196,2024-06-15,93650.98695883404,0.09488131826876513,1.7298637377474793,CT90,EMAT,0.0,120.0,60.0,1.5,1.3803802791968542,0.8416942653181178
INSP_002196,String_E,String_E_197,2024-02-19,93650.98695883404,0.094244807990888,1.7298637377474793,CT90,MFL,0.0,120.0,60.0,1.5,2.0010329753052996,0.9625098214907362
INSP_002197,String_E,String_E_198,2024-03-26,93650.98695883404,0.09537375844033147,1.7298637377474793,CT90,UT,0.0,120.0,60.0,1.5,5.444071057548417,0.7975373002599261
INSP_002198,String_E,String_E_199,2024-03-21,93650.98695883404,0.09422950366929274,1.7298637377474793,CT90,UT,0.0,120.0,60.0,1.5,1.3302321721363992,0.7475170525715155
INSP_002199,String_E,String_E_200,2024-02-07,93650.98695883404,0.09423969262372654,1.7298637377474793,CT90,UT,2.0075511692097785,120.0,60.0,1.5,2.4376581323766233,0.9284318742312239
INSP_002200,String_E,String_E_201,2024-05-22,93650.98695883404,0.0959241341551801,1.7298637377474793,CT90,EMAT,0.0,120.0,60.0,1.5,2.4445222655330086,0.8746832845181538
INSP_002201,String_E,String_E_202,2024-06-13,93650.98695883404,0.09328294277671774,1.7298637377474793,CT90,EMAT,0.0,120.0,60.0,1.5,1.641305677758389,0.9836686319516597
INSP_002202,String_E,String_E_203,2024-03-30,93650.98695883404,0.09653100098172955,1.7298637377474793,CT90,MFL,0.0,120.0,60.0,1.5,2.482421018023652,0.8605828654147624
INSP_002203,String_E,String_E_204,2024-02-27,93650.98695883404,0.0963386027226865,1.7298637377474793,CT90,MFL,0.0,120.0,60.0,1.5,0.9171439977667797,0.7303649480961959
INSP_002204,String_E,String_E_205,2024-06-12,93650.98695883404,0.09563765779626035,1.7298637377474793,CT90,MFL,0.0,120.0,60.0,1.5,4.039319041079074,0.860722381340409
INSP_002205,String_E,String_E_206,2024-04-01,93650.98695883404,0.09535424196640806,1.7298637377474793,CT90,MFL,0.0,120.0,60.0,1.5,0.7899387430527193,0.7633684561898795
INSP_002206,String_E,String_E_207,2024-03-04,93650.98695883404,0.09649074949293068,1.7298637377474793,CT90,MFL,2.490767663685616,120.0,60.0,1.5,2.5559019077547407,0.7441707241391871
INSP_002207,String_E,String_E_208,2024-04-05,93650.98695883404,0.09380425468220911,1.7298637377474793,CT90,EMAT,0.0,120.0,60.0,1.5,2.707363471487472,0.9688745728271514
INSP_002208,String_E,String_E_209,2024-01-15,93650.98695883404,0.09340008281632514,1.7298637377474793,CT90,MFL,0.0,120.0,60.0,1.5,2.224003956169203,0.9738422657272089
INSP_002209,String_E,String_E_210,2024-04-17,93650.98695883404,0.09401013864565624,1.7298637377474793,CT90,UT,0.0,120.0,60.0,1.5,3.447995205364551,0.801158777289615
INSP_002210,String_E,String_E_211,2024-03-25,93650.98695883404,0.09611939745906073,1.7298637377474793,CT90,MFL,0.0,120.0,60.0,1.5,1.87357468626637,0.99329587325076
INSP_002211,String_E,String_E_212,2024-05-29,93650.98695883404,0.09323174701356063,1.7298637377474793,CT90,MFL,0.0,120.0,60.0,1.5,4.530433456285407,0.7195950654376669
INSP_002212,String_E,String_E_213,2024-05-23,93650.98695883404,0.09531466597331725,1.7298637377474793,CT90,MFL,1.0224273606160073,120.0,60.0,1.5,0.9182059266247802,0.8736069996210429
INSP_002213,String_E,String_E_214,2024-05-12,93650.98695883404,0.09688266256152699,1.7298637377474793,CT90,MFL,0.0,120.0,60.0,1.5,2.068825184660942,0.9254540944093718
INSP_002214,String_E,String_E_215,2024-03-18,93650.98695883404,0.09635164515658265,1.7298637377474793,CT90,EMAT,0.0,120.0,60.0,1.5,2.8816359704192394,0.9650361332067641
INSP_002215,String_E,String_E_216,2024-04-13,93650.98695883404,0.09508149361836565,1.7298637377474793,CT90,MFL,1.305353913061751,120.0,60.0,1.5,1.3833228396688957,0.9916391440687229
INSP_002216,String_E,String_E_217,2024-05-21,93650.98695883404,0.09334183545528923,1.7298637377474793,CT90,UT,0.728337941453015,120.0,60.0,1.5,2.278774253225623,0.7931226941897352
INSP_002217,String_E,String_E_218,2024-01-06,93650.98695883404,0.09625921935466569,1.7298637377474793,CT90,EMAT,0.3390855227565473,120.0,60.0,1.5,4.321091478406228,0.9346734138203425
INSP_002218,String_E,String_E_219,2024-02-12,93650.98695883404,0.0953761183310734,1.7298637377474793,CT90,MFL,0.0,120.0,60.0,1.5,2.4382106008639903,0.9756981088268458
INSP_002219,String_E,String_E_220,2024-02-15,93650.98695883404,0.09353674538882635,1.7298637377474793,CT90,UT,3.2991505094692504,120.0,60.0,1.5,2.1876861181547147,0.7111332801073343
INSP_002220,String_E,String_E_221,2024-01-06,93650.98695883404,0.09345665768232875,1.7298637377474793,CT90,MFL,0.0,120.0,60.0,1.5,3.01660547861041,0.7187099999140246
INSP_002221,String_E,String_E_222,2024-03-17,93650.98695883404,0.09655658191385905,1.7298637377474793,CT90,UT,0.0,120.0,60.0,1.5,2.9283902246376563,0.8684003624006675
INSP_002222,String_E,String_E_223,2024-05-17,93650.98695883404,0.09564296099916471,1.7298637377474793,CT90,EMAT,0.0,120.0,60.0,1.5,1.2470319970962616,0.9363503697287945
INSP_002223,String_E,String_E_224,2024-05-05,93650.98695883404,0.09625128983740368,1.7298637377474793,CT90,MFL,0.0,120.0,60.0,1.5,3.1149255144592845,0.9982309660280746
INSP_002224,String_E,String_E_225,2024-02-02,93650.98695883404,0.09644011982107262,1.7298637377474793,CT90,MFL,1.207971404436586,120.0,60.0,1.5,3.144358749342257,0.9967359298383993
INSP_002225,String_E,String_E_226,2024-01-24,93650.98695883404,0.09527273493778363,1.7298637377474793,CT90,MFL,0.0,120.0,60.0,1.5,1.4780550917591468,0.8409820604686451
INSP_002226,String_E,String_E_227,2024-02-21,93650.98695883404,0.09506629613666916,1.7298637377474793,CT90,MFL,0.0,120.0,60.0,1.5,4.547898213787611,0.858091583244441
INSP_002227,String_E,String_E_228,2024-01-15,93650.98695883404,0.09473562415921977,1.7298637377474793,CT90,MFL,0.0,120.0,60.0,1.5,2.0570104633434423,0.8821776181560659
INSP_002228,String_E,String_E_229,2024-04-17,93650.98695883404,0.09430439703360625,1.7298637377474793,CT90,EMAT,0.43973162210721684,120.0,60.0,1.5,1.279620074438732,0.9389283182121078
INSP_002229,String_E,String_E_230,2024-01-19,93650.98695883404,0.0947514646512631,1.7298637377474793,CT90,MFL,0.0,120.0,60.0,1.5,2.099697045865533,0.9935161622293969
INSP_002230,String_E,String_E_231,2024-01-10,93650.98695883404,0.09604074269177461,1.7298637377474793,CT90,UT,0.0,120.0,60.0,1.5,4.220278718999564,0.8412041125112173
INSP_002231,String_E,String_E_232,2024-01-05,93650.98695883404,0.09538730903785751,1.7298637377474793,CT90,EMAT,0.0,120.0,60.0,1.5,4.54396659772901,0.8111388413266283
INSP_002232,String_E,String_E_233,2024-03-26,93650.98695883404,0.09649158850182843,1.7298637377474793,CT90,UT,0.0,120.0,60.0,1.5,3.799476322697483,0.7548016173505424
INSP_002233,String_E,String_E_234,2024-03-31,93650.98695883404,0.09478484405464091,1.7298637377474793,CT90,UT,0.0,120.0,60.0,1.5,3.2368050348387865,0.8340078813763635
INSP_002234,String_E,String_E_235,2024-06-22,93650.98695883404,0.09540694039913127,1.7298637377474793,CT90,UT,0.0,120.0,60.0,1.5,2.515202155746939,0.9213005528596278
INSP_002235,String_E,String_E_236,2024-02-11,93650.98695883404,0.09549896870174955,1.7298637377474793,CT90,UT,0.0,120.0,60.0,1.5,3.377850806103319,0.9085844701846569
INSP_002236,String_E,String_E_237,2024-02-24,93650.98695883404,0.09534844921676404,1.7298637377474793,CT90,MFL,0.0,120.0,60.0,1.5,1.8776624902282995,0.994957798200933
INSP_002237,String_E,String_E_238,2024-05-02,93650.98695883404,0.09577000833772495,1.7298637377474793,CT90,EMAT,0.0,120.0,60.0,1.5,1.7328879689823395,0.756835819153568
INSP_002238,String_E,String_E_239,2024-01-01,93650.98695883404,0.09400224717982426,1.7298637377474793,CT90,MFL,0.0,120.0,60.0,1.5,2.057617662185588,0.9275040617585363
INSP_002239,String_E,String_E_240,2024-03-23,93650.98695883404,0.09504698235467401,1.7298637377474793,CT90,UT,0.0,120.0,60.0,1.5,5.6476484893329335,0.8469130165846851
INSP_002240,String_E,String_E_241,2024-05-24,93650.98695883404,0.09349605425067171,1.7298637377474793,CT90,MFL,1.9102775546393835,120.0,60.0,1.5,1.8609050083004157,0.7412510284526613
INSP_002241,String_E,String_E_242,2024-04-22,93650.98695883404,0.09456114304505028,1.7298637377474793,CT90,MFL,0.0,120.0,60.0,1.5,3.008980067967963,0.9509892347377028
INSP_002242,String_E,String_E_243,2024-04-30,93650.98695883404,0.0949531348607608,1.7298637377474793,CT90,UT,0.0,120.0,60.0,1.5,2.814905879258812,0.8008501255263896
INSP_002243,String_E,String_E_244,2024-06-28,93650.98695883404,0.09557845218627281,1.7298637377474793,CT90,EMAT,0.0,120.0,60.0,1.5,1.2449213042574523,0.7487711722356053
INSP_002244,String_E,String_E_245,2024-06-05,93650.98695883404,0.09671201799982758,1.7298637377474793,CT90,UT,0.0,120.0,60.0,1.5,0.0,0.9598563312684799
INSP_002245,String_E,String_E_246,2024-01-20,93650.98695883404,0.09538247405288376,1.7298637377474793,CT90,MFL,0.0,120.0,60.0,1.5,0.0,0.8099872006996722
INSP_002246,String_E,String_E_247,2024-01-31,93650.98695883404,0.09592565688147092,1.7298637377474793,CT90,MFL,0.49178087949340665,120.0,60.0,1.5,0.0,0.7669021209092878
INSP_002247,String_E,String_E_248,2024-02-08,93650.98695883404,0.09502381102608178,1.7298637377474793,CT90,MFL,0.0,120.0,60.0,1.5,0.0,0.8052063923017462
INSP_002248,String_E,String_E_249,2024-01-28,93650.98695883404,0.09550959531923006,1.7298637377474793,CT90,MFL,1.3121507988033494,120.0,60.0,1.5,0.0,0.8151397525431994
INSP_002249,String_E,String_E_250,2024-03-27,93650.98695883404,0.09336954242130834,1.7298637377474793,CT90,EMAT,4.079534528785346,120.0,60.0,1.5,0.0,0.9417820281622704
INSP_002250,String_E,String_E_251,2024-02-22,93650.98695883404,0.09406668800719901,1.7298637377474793,CT90,MFL,0.0,120.0,60.0,1.5,0.0,0.846241035888879
INSP_002251,String_E,String_E_252,2024-05-15,93650.98695883404,0.09447504175417953,1.7298637377474793,CT90,MFL,3.522185630237709,120.0,60.0,1.5,0.0,0.8038791954174798
INSP_002252,String_E,String_E_253,2024-02-17,93650.98695883404,0.09489547474902475,1.7298637377474793,CT90,MFL,1.2352206086652884,120.0,60.0,1.5,0.0,0.7864661875057466
INSP_002253,String_E,String_E_254,2024-02-01,93650.98695883404,0.09327346523290905,1.7298637377474793,CT90,EMAT,0.0,120.0,60.0,1.5,0.0,0.8420748537721487
INSP_002254,String_E,String_E_255,2024-03-12,93650.98695883404,0.09363209157070261,1.7298637377474793,CT90,UT,0.5510658859788659,120.0,60.0,1.5,0.0,0.8770799685178308
INSP_002255,String_E,String_E_256,2024-01-22,93650.98695883404,0.09415189436960697,1.7298637377474793,CT90,UT,0.0,120.0,60.0,1.5,0.0,0.9283914259076846
INSP_002256,String_E,String_E_257,2024-03-03,93650.98695883404,0.09679182422542398,1.7298637377474793,CT90,MFL,0.0,120.0,60.0,1.5,0.0,0.8116469651942211
INSP_002257,String_E,String_E_258,2024-04-11,93650.98695883404,0.09435911862699159,1.7298637377474793,CT90,MFL,0.0,120.0,60.0,1.5,0.0,0.9130463957077573
INSP_002258,String_E,String_E_259,2024-06-28,93650.98695883404,0.0949317560208259,1.7298637377474793,CT90,MFL,0.0,120.0,60.0,1.5,0.0,0.8884466083722584
INSP_002259,String_E,String_E_260,2024-04-14,93650.98695883404,0.0938451713084059,1.7298637377474793,CT90,MFL,0.0,120.0,60.0,1.5,0.0,0.7241510340563497
INSP_002260,String_E,String_E_261,2024-03-17,93650.98695883404,0.09542096427008792,1.7298637377474793,CT90,UT,0.0,120.0,60.0,1.5,0.0,0.820347147911222
INSP_002261,String_E,String_E_262,2024-05-18,93650.98695883404,0.0941665962189607,1.7298637377474793,CT90,EMAT,1.9930875013170193,120.0,60.0,1.5,0.0,0.7312495392836769
INSP_002262,String_E,String_E_263,2024-03-25,93650.98695883404,0.09388657179806603,1.7298637377474793,CT90,MFL,1.6770008356872264,120.0,60.0,1.5,0.0,0.7025853083993759
INSP_002263,String_E,String_E_264,2024-03-02,93650.98695883404,0.09506297598809471,1.7298637377474793,CT90,MFL,0.0,120.0,60.0,1.5,0.0,0.7246476655420131
INSP_002264,String_E,String_E_265,2024-04-22,93650.98695883404,0.0931209220368096,1.7298637377474793,CT90,MFL,0.0,120.0,60.0,1.5,0.0,0.931183652810411
INSP_002265,String_E,String_E_266,2024-05-11,93650.98695883404,0.09312912332406706,1.7298637377474793,CT90,EMAT,0.0,120.0,60.0,1.5,0.0,0.9843059780613022
INSP_002266,String_E,String_E_267,2024-01-07,93650.98695883404,0.09393246147458706,1.7298637377474793,CT90,EMAT,0.32503049219200986,120.0,60.0,1.5,0.0,0.8953390964233545
INSP_002267,String_E,String_E_268,2024-01-15,93650.98695883404,0.09323954117750312,1.7298637377474793,CT90,UT,0.0,120.0,60.0,1.5,0.0,0.8240502845243994
INSP_002268,String_E,String_E_269,2024-05-03,93650.98695883404,0.09351049786569662,1.7298637377474793,CT90,UT,0.0,120.0,60.0,1.5,0.0,0.8188318042503057
INSP_002269,String_E,String_E_270,2024-03-22,93650.98695883404,0.09438767046748725,1.7298637377474793,CT90,UT,0.0,120.0,60.0,1.5,0.0,0.809454042262949
INSP_002270,String_E,String_E_271,2024-06-23,93650.98695883404,0.0961498255824033,1.7298637377474793,CT90,EMAT,0.0,120.0,60.0,1.5,0.0,0.7574521667265982
INSP_002271,String_E,String_E_272,2024-05-11,93650.98695883404,0.09527378484480334,1.7298637377474793,CT90,EMAT,0.0,120.0,60.0,1.5,0.0,0.871560759149444
INSP_002272,String_E,String_E_273,2024-05-15,93650.98695883404,0.09504813735863439,1.7298637377474793,CT90,UT,0.0,120.0,60.0,1.5,0.0,0.9508016030395643
INSP_002273,String_E,String_E_274,2024-04-19,93650.98695883404,0.09421525752819086,1.7298637377474793,CT90,MFL,0.19687307468487908,120.0,60.0,1.5,0.0,0.8975061968158912
INSP_002274,String_E,String_E_275,2024-06-04,93650.98695883404,0.0966406641338447,1.7298637377474793,CT90,MFL,1.6211376199592036,120.0,60.0,1.5,0.0,0.9620077873204684
INSP_002275,String_E,String_E_276,2024-05-17,93650.98695883404,0.09460865715670133,1.7298637377474793,CT90,MFL,0.0,120.0,60.0,1.5,0.0,0.7331424024766922
INSP_002276,String_E,String_E_277,2024-06-06,93650.98695883404,0.09343095251382393,1.7298637377474793,CT90,UT,0.0,120.0,60.0,1.5,0.0,0.7547255175750924
INSP_002277,String_E,String_E_278,2024-05-15,93650.98695883404,0.09544485276124766,1.7298637377474793,CT90,MFL,1.9614519419808312,120.0,60.0,1.5,0.0,0.7371717815036983
INSP_002278,String_E,String_E_279,2024-03-08,93650.98695883404,0.09353258589521109,1.7298637377474793,CT90,UT,0.0,120.0,60.0,1.5,0.0,0.7082659148082365
INSP_002279,String_E,String_E_280,2024-01-14,93650.98695883404,0.09441184794264643,1.7298637377474793,CT90,MFL,0.0,120.0,60.0,1.5,0.0,0.8083141979473732
INSP_002280,String_E,String_E_281,2024-01-17,93650.98695883404,0.09502816536712769,1.7298637377474793,CT90,UT,0.0,120.0,60.0,1.5,0.0,0.7190932187886476
INSP_002281,String_E,String_E_282,2024-02-14,93650.98695883404,0.09642204559380367,1.7298637377474793,CT90,MFL,0.0,120.0,60.0,1.5,0.0,0.8456633790114239
INSP_002282,String_E,String_E_283,2024-06-14,93650.98695883404,0.09497547700529245,1.7298637377474793,CT90,MFL,0.0,120.0,60.0,1.5,0.0,0.9343679869879891
INSP_002283,String_E,String_E_284,2024-06-25,93650.98695883404,0.09576858331092034,1.7298637377474793,CT90,UT,0.0,120.0,60.0,1.5,0.0,0.7048624053044948
INSP_002284,String_E,String_E_285,2024-04-08,93650.98695883404,0.09687270398819647,1.7298637377474793,CT90,UT,0.0,120.0,60.0,1.5,0.0,0.8702185479649708
INSP_002285,String_E,String_E_286,2024-03-23,93650.98695883404,0.09359965865561233,1.7298637377474793,CT90,MFL,0.0,120.0,60.0,1.5,0.0,0.8113402595321875
INSP_002286,String_E,String_E_287,2024-04-20,93650.98695883404,0.09414397979697417,1.7298637377474793,CT90,MFL,0.9899260031603695,120.0,60.0,1.5,0.0,0.8058676058455831
INSP_002287,String_E,String_E_288,2024-05-08,93650.98695883404,0.09459938908727106,1.7298637377474793,CT90,MFL,0.7239258369533204,120.0,60.0,1.5,0.0,0.864642345389052
INSP_002288,String_E,String_E_289,2024-04-29,93650.98695883404,0.09470294707844756,1.7298637377474793,CT90,MFL,0.0,120.0,60.0,1.5,0.0,0.7601395266377551
INSP_002289,String_E,String_E_290,2024-03-08,93650.98695883404,0.09466188008600908,1.7298637377474793,CT90,MFL,0.9604070624004248,120.0,60.0,1.5,0.0,0.9621457090036918
INSP_002290,String_E,String_E_291,2024-03-29,93650.98695883404,0.09654892180971492,1.7298637377474793,CT90,UT,0.8204368594101892,120.0,60.0,1.5,0.0,0.928001894586235
INSP_002291,String_E,String_E_292,2024-03-28,93650.98695883404,0.09581332404897405,1.7298637377474793,CT90,MFL,0.0,120.0,60.0,1.5,0.0,0.8439130209033824
INSP_002292,String_E,String_E_293,2024-03-05,93650.98695883404,0.09541003981354468,1.7298637377474793,CT90,MFL,0.0,120.0,60.0,1.5,0.0,0.7777478225754175
INSP_002293,String_E,String_E_294,2024-04-22,93650.98695883404,0.09427561632787858,1.7298637377474793,CT90,UT,0.0,120.0,60.0,1.5,0.0,0.7012500959643024
INSP_002294,String_E,String_E_295,2024-01-11,93650.98695883404,0.09623040346004093,1.7298637377474793,CT90,UT,0.0,120.0,60.0,1.5,0.0,0.7651905016278858
INSP_002295,String_E,String_E_296,2024-01-07,93650.98695883404,0.09672922994364296,1.7298637377474793,CT90,MFL,0.0,120.0,60.0,1.5,0.0,0.8369674541840337
INSP_002296,String_E,String_E_297,2024-04-15,93650.98695883404,0.09622055347369086,1.7298637377474793,CT90,MFL,0.12679878611638543,120.0,60.0,1.5,0.0,0.9925005630351622
INSP_002297,String_E,String_E_298,2024-06-15,93650.98695883404,0.09310594739972759,1.7298637377474793,CT90,EMAT,0.0,120.0,60.0,1.5,0.0,0.9526841940054888
INSP_002298,String_E,String_E_299,2024-05-26,93650.98695883404,0.09551832520669695,1.7298637377474793,CT90,MFL,0.0,120.0,60.0,1.5,0.0,0.7048805227871369
INSP_002299,String_E,String_E_300,2024-01-14,93650.98695883404,0.09329431444947998,1.7298637377474793,CT90,MFL,0.0,120.0,60.0,1.5,0.0,0.783122196332257
INSP_002300,String_E,String_E_301,2024-03-07,93650.98695883404,0.09407890743726814,1.7298637377474793,CT90,MFL,0.0,120.0,60.0,1.5,0.0,0.8143802305914376
INSP_002301,String_E,String_E_302,2024-04-02,93650.98695883404,0.09332619386132153,1.7298637377474793,CT90,EMAT,0.0,120.0,60.0,1.5,0.0,0.9300722998731548
INSP_002302,String_E,String_E_303,2024-02-14,93650.98695883404,0.09539442272120768,1.7298637377474793,CT90,UT,5.465847622579473,120.0,60.0,1.5,0.0,0.8836012780966541
INSP_002303,String_E,String_E_304,2024-06-14,93650.98695883404,0.09570904167127191,1.7298637377474793,CT90,MFL,0.0,120.0,60.0,1.5,0.0,0.8814463576860584
INSP_002304,String_E,String_E_305,2024-03-25,93650.98695883404,0.09353505302465044,1.7298637377474793,CT90,UT,0.0,120.0,60.0,1.5,0.0,0.8258259174508942
INSP_002305,String_E,String_E_306,2024-05-04,93650.98695883404,0.09455858775557092,1.7298637377474793,CT90,MFL,0.0,120.0,60.0,1.5,0.0,0.7183049083495087
INSP_002306,String_E,String_E_307,2024-04-23,93650.98695883404,0.09483369873403107,1.7298637377474793,CT90,EMAT,0.01831008851998016,120.0,60.0,1.5,0.0,0.8606453895788291
INSP_002307,String_E,String_E_308,2024-04-22,93650.98695883404,0.09450240148269148,1.7298637377474793,CT90,UT,0.0,120.0,60.0,1.5,0.0,0.7365807092412684
INSP_002308,String_E,String_E_309,2024-05-15,93650.98695883404,0.09355989500184372,1.7298637377474793,CT90,MFL,0.0,120.0,60.0,1.5,0.0,0.98283159073393
INSP_002309,String_E,String_E_310,2024-05-21,93650.98695883404,0.0946920016027124,1.7298637377474793,CT90,MFL,1.6761183536048005,120.0,60.0,1.5,0.0,0.8976546166719922
INSP_002310,String_E,String_E_311,2024-01-18,93650.98695883404,0.095954476581672,1.7298637377474793,CT90,MFL,0.0,120.0,60.0,1.5,0.0,0.8700099271113976
INSP_002311,String_E,String_E_312,2024-01-11,93650.98695883404,0.09336982912522637,1.7298637377474793,CT90,EMAT,0.0,120.0,60.0,1.5,0.0,0.7857556954623282
INSP_002312,String_E,String_E_313,2024-01-05,93650.98695883404,0.09340468405351124,1.7298637377474793,CT90,EMAT,0.0,120.0,60.0,1.5,0.0,0.8427674461826934
INSP_002313,String_E,String_E_314,2024-03-23,93650.98695883404,0.09444813090897673,1.7298637377474793,CT90,MFL,0.0,120.0,60.0,1.5,0.0,0.9470320321007132
INSP_002314,String_E,String_E_315,2024-03-05,93650.98695883404,0.09667855770415192,1.7298637377474793,CT90,MFL,0.0,120.0,60.0,1.5,0.0,0.8464002952342213
INSP_002315,String_E,String_E_316,2024-06-07,93650.98695883404,0.09564057605754707,1.7298637377474793,CT90,MFL,0.0,120.0,60.0,1.5,0.0,0.9478332034405539
INSP_002316,String_E,String_E_317,2024-05-06,93650.98695883404,0.09567894583535576,1.7298637377474793,CT90,UT,0.0,120.0,60.0,1.5,0.0,0.9141231557278875
INSP_002317,String_E,String_E_318,2024-01-27,93650.98695883404,0.09447529596518388,1.7298637377474793,CT90,UT,0.0,120.0,60.0,1.5,0.0,0.9585045180496564
INSP_002318,String_E,String_E_319,2024-04-18,93650.98695883404,0.09535591100659245,1.7298637377474793,CT90,MFL,0.0,120.0,60.0,1.5,0.0,0.9030938454375382
INSP_002319,String_E,String_E_320,2024-04-10,93650.98695883404,0.09313849849930542,1.7298637377474793,CT90,MFL,0.6810908138354729,120.0,60.0,1.5,0.0,0.7036004847786372
INSP_002320,String_E,String_E_321,2024-05-01,93650.98695883404,0.09551716497635625,1.7298637377474793,CT90,MFL,0.5191709754711953,120.0,60.0,1.5,0.0,0.8014483352068427
INSP_002321,String_E,String_E_322,2024-01-11,93650.98695883404,0.0965704904007897,1.7298637377474793,CT90,MFL,4.422196791896036,120.0,60.0,1.5,0.0,0.811233056418594
INSP_002322,String_E,String_E_323,2024-05-29,93650.98695883404,0.0954277791797103,1.7298637377474793,CT90,MFL,0.8370427951860792,120.0,60.0,1.5,0.0,0.9681401499256062
INSP_002323,String_E,String_E_324,2024-02-03,93650.98695883404,0.0964200546551721,1.7298637377474793,CT90,UT,0.0,120.0,60.0,1.5,0.0,0.8740331961950031
INSP_002324,String_E,String_E_325,2024-05-06,93650.98695883404,0.09585109761077115,1.7298637377474793,CT90,UT,0.0,120.0,60.0,1.5,0.0,0.7986031549837106
INSP_002325,String_E,String_E_326,2024-06-19,93650.98695883404,0.09355812198233403,1.7298637377474793,CT90,MFL,0.0,120.0,60.0,1.5,0.0,0.8996513740562108
INSP_002326,String_E,String_E_327,2024-03-06,93650.98695883404,0.0965293225676862,1.7298637377474793,CT90,MFL,2.0558646130177287,120.0,60.0,1.5,0.0,0.7209480234900985
INSP_002327,String_E,String_E_328,2024-02-19,93650.98695883404,0.09335248660855194,1.7298637377474793,CT90,EMAT,0.0,120.0,60.0,1.5,0.0,0.7895237615967505
INSP_002328,String_E,String_E_329,2024-01-30,93650.98695883404,0.09512907639568151,1.7298637377474793,CT90,MFL,0.0,120.0,60.0,1.5,0.0,0.8029746627048492
INSP_002329,String_E,String_E_330,2024-02-13,93650.98695883404,0.09364012107041514,1.7298637377474793,CT90,UT,8.556927792545792,120.0,60.0,1.5,0.0,0.834028045740675
INSP_002330,String_E,String_E_331,2024-03-05,93650.98695883404,0.09314448512077744,1.7298637377474793,CT90,EMAT,0.0,120.0,60.0,1.5,0.0,0.7862320479913307
INSP_002331,String_E,String_E_332,2024-05-16,93650.98695883404,0.09470373018848503,1.7298637377474793,CT90,EMAT,0.0,120.0,60.0,1.5,0.0,0.9575523809914657
INSP_002332,String_E,String_E_333,2024-06-06,93650.98695883404,0.09422115468908579,1.7298637377474793,CT90,EMAT,0.0,120.0,60.0,1.5,0.0,0.9458338158009636
INSP_002333,String_E,String_E_334,2024-05-04,93650.98695883404,0.0949468018764309,1.7298637377474793,CT90,MFL,0.0,120.0,60.0,1.5,0.0,0.7868669850700744
INSP_002334,String_E,String_E_335,2024-04-22,93650.98695883404,0.0952933595695913,1.7298637377474793,CT90,MFL,0.0,120.0,60.0,1.5,0.0,0.9101494745156828
INSP_002335,String_E,String_E_336,2024-01-12,93650.98695883404,0.093266208474774,1.7298637377474793,CT90,MFL,0.6576470481260329,120.0,60.0,1.5,0.0,0.9233660113927373
INSP_002336,String_E,String_E_337,2024-03-14,93650.98695883404,0.09356741252147024,1.7298637377474793,CT90,EMAT,1.4244784446993621,120.0,60.0,1.5,0.0,0.7813788002080504
INSP_002337,String_E,String_E_338,2024-03-01,93650.98695883404,0.09522284110651162,1.7298637377474793,CT90,MFL,0.0,120.0,60.0,1.5,0.0,0.868676524959738
INSP_002338,String_E,String_E_339,2024-04-24,93650.98695883404,0.0944040359420561,1.7298637377474793,CT90,MFL,0.417166064120591,120.0,60.0,1.5,0.0,0.9408301797871732
INSP_002339,String_E,String_E_340,2024-04-16,93650.98695883404,0.09587085925268791,1.7298637377474793,CT90,UT,0.0,120.0,60.0,1.5,0.0,0.7986459298043473
INSP_002340,String_E,String_E_341,2024-02-28,93650.98695883404,0.09557870826464937,1.7298637377474793,CT90,MFL,0.0,120.0,60.0,1.5,0.0,0.8640694786099543
INSP_002341,String_E,String_E_342,2024-02-18,93650.98695883404,0.09631329657936166,1.7298637377474793,CT90,MFL,0.0,120.0,60.0,1.5,0.0,0.7596090481280914
INSP_002342,String_E,String_E_343,2024-03-25,93650.98695883404,0.09573147274134307,1.7298637377474793,CT90,UT,0.0,120.0,60.0,1.5,0.0,0.844787753498345
INSP_002343,String_E,String_E_344,2024-06-19,93650.98695883404,0.09473373809408257,1.7298637377474793,CT90,MFL,0.0,120.0,60.0,1.5,0.0,0.8234553250366442
INSP_002344,String_E,String_E_345,2024-04-17,93650.98695883404,0.09565727316509884,1.7298637377474793,CT90,MFL,0.0,120.0,60.0,1.5,0.0,0.8278220159727679
INSP_002345,String_E,String_E_346,2024-05-22,93650.98695883404,0.09414644846217059,1.7298637377474793,CT90,MFL,0.0,120.0,60.0,1.5,0.0,0.9337970685675331
INSP_002346,String_E,String_E_347,2024-01-22,93650.98695883404,0.0942639912953572,1.7298637377474793,CT90,UT,0.0,120.0,60.0,1.5,0.0,0.9743475296815344
INSP_002347,String_E,String_E_348,2024-02-23,93650.98695883404,0.09609814360769903,1.7298637377474793,CT90,EMAT,0.5749187918258255,120.0,60.0,1.5,0.0,0.7125921299370117
INSP_002348,String_E,String_E_349,2024-03-28,93650.98695883404,0.09479639416232602,1.7298637377474793,CT90,EMAT,0.5403622107089567,120.0,60.0,1.5,0.0,0.8883551215679014
INSP_002349,String_E,String_E_350,2024-05-06,93650.98695883404,0.09613384529396973,1.7298637377474793,CT90,EMAT,0.0,120.0,60.0,1.5,0.0,0.9295850014807182
INSP_002350,String_E,String_E_351,2024-05-24,93650.98695883404,0.09622520501993946,1.7298637377474793,CT90,MFL,1.048898991411801,120.0,60.0,1.5,0.0,0.9768204255967619
INSP_002351,String_E,String_E_352,2024-01-08,93650.98695883404,0.09635873688311287,1.7298637377474793,CT90,EMAT,0.0,120.0,60.0,1.5,0.0,0.8131403250087774
INSP_002352,String_E,String_E_353,2024-04-03,93650.98695883404,0.09658321389619659,1.7298637377474793,CT90,UT,1.0009452127528842,120.0,60.0,1.5,0.0,0.8171511658517104
INSP_002353,String_E,String_E_354,2024-06-09,93650.98695883404,0.09473774383795053,1.7298637377474793,CT90,MFL,0.0,120.0,60.0,1.5,0.0,0.8906344914428163
INSP_002354,String_E,String_E_355,2024-03-06,93650.98695883404,0.09431169390962033,1.7298637377474793,CT90,MFL,0.824192423494261,120.0,60.0,1.5,0.0,0.9067346541142991
INSP_002355,String_E,String_E_356,2024-05-14,93650.98695883404,0.09531235523705764,1.7298637377474793,CT90,MFL,0.0,120.0,60.0,1.5,0.0,0.7786562913100006
INSP_002356,String_E,String_E_357,2024-06-11,93650.98695883404,0.09451045520906298,1.7298637377474793,CT90,UT,0.0,120.0,60.0,1.5,0.0,0.7443623326151186
INSP_002357,String_E,String_E_358,2024-05-23,93650.98695883404,0.0953840818338409,1.7298637377474793,CT90,MFL,0.0,120.0,60.0,1.5,0.0,0.8580908436229269
INSP_002358,String_E,String_E_359,2024-05-24,93650.98695883404,0.09578122627804654,1.7298637377474793,CT90,MFL,0.0,120.0,60.0,1.5,0.0,0.7907535887029967
INSP_002359,String_E,String_E_360,2024-03-07,93650.98695883404,0.09571593907027012,1.7298637377474793,CT90,UT,0.0,120.0,60.0,1.5,0.0,0.9820991640577494
INSP_002360,String_E,String_E_361,2024-06-19,93650.98695883404,0.09452330097067646,1.7298637377474793,CT90,EMAT,0.0,120.0,60.0,1.5,0.0,0.9968599760476198
INSP_002361,String_E,String_E_362,2024-02-04,93650.98695883404,0.09373406876645526,1.7298637377474793,CT90,UT,0.10789180513092536,120.0,60.0,1.5,0.0,0.7215486138783206
INSP_002362,String_E,String_E_363,2024-02-26,93650.98695883404,0.09473601148615639,1.7298637377474793,CT90,UT,0.0,120.0,60.0,1.5,0.0,0.7210680829388679
INSP_002363,String_E,String_E_364,2024-01-28,93650.98695883404,0.09364185774751126,1.7298637377474793,CT90,MFL,0.0,120.0,60.0,1.5,0.0,0.8309436071797194
INSP_002364,String_E,String_E_365,2024-02-16,93650.98695883404,0.09648236873369846,1.7298637377474793,CT90,EMAT,1.9875710131370483,120.0,60.0,1.5,0.0,0.956509711905064
INSP_002365,String_E,String_E_366,2024-04-10,93650.98695883404,0.09441433435080386,1.7298637377474793,CT90,MFL,0.05883608630914518,120.0,60.0,1.5,0.0,0.85757996622066
INSP_002366,String_E,String_E_367,2024-03-18,93650.98695883404,0.09368694703944863,1.7298637377474793,CT90,MFL,1.410116012295355,120.0,60.0,1.5,0.0,0.8641648118978245
INSP_002367,String_E,String_E_368,2024-02-25,93650.98695883404,0.09319670148764185,1.7298637377474793,CT90,EMAT,0.10249498205009193,120.0,60.0,1.5,0.0,0.8497888902772179
INSP_002368,String_E,String_E_369,2024-05-20,93650.98695883404,0.09555412506788866,1.7298637377474793,CT90,MFL,0.0,120.0,60.0,1.5,0.0,0.9442564785738481
INSP_002369,String_E,String_E_370,2024-06-01,93650.98695883404,0.09552022880632803,1.7298637377474793,CT90,UT,0.0,120.0,60.0,1.5,0.0,0.8831043166038737
INSP_002370,String_E,String_E_371,2024-02-26,93650.98695883404,0.09439429583300891,1.7298637377474793,CT90,MFL,0.5181482415369888,120.0,60.0,1.5,0.0,0.7010794989941996
INSP_002371,String_E,String_E_372,2024-06-25,93650.98695883404,0.09337250517762107,1.7298637377474793,CT90,UT,0.0,120.0,60.0,1.5,0.0,0.7428272956089411
INSP_002372,String_E,String_E_373,2024-04-05,93650.98695883404,0.09465658980060189,1.7298637377474793,CT90,UT,0.030665996586445133,120.0,60.0,1.5,0.0,0.7252712746268577
INSP_002373,String_E,String_E_374,2024-01-14,93650.98695883404,0.09428262648124089,1.7298637377474793,CT90,UT,0.0,120.0,60.0,1.5,0.0,0.9663287905069358
INSP_002374,String_E,String_E_375,2024-01-12,93650.98695883404,0.09567305843099305,1.7298637377474793,CT90,UT,0.640248110667381,120.0,60.0,1.5,0.0,0.9273460032656353
INSP_002375,String_E,String_E_376,2024-01-09,93650.98695883404,0.09540196114792023,1.7298637377474793,CT90,MFL,0.0,120.0,60.0,1.5,0.0,0.8801959913482543
INSP_002376,String_E,String_E_377,2024-05-15,93650.98695883404,0.09448545616715065,1.7298637377474793,CT90,MFL,0.0,120.0,60.0,1.5,0.0,0.7928870471617662
INSP_002377,String_E,String_E_378,2024-05-17,93650.98695883404,0.09392799170616896,1.7298637377474793,CT90,EMAT,0.0,120.0,60.0,1.5,0.0,0.9058929735559923
INSP_002378,String_E,String_E_379,2024-04-08,93650.98695883404,0.09685453667139125,1.7298637377474793,CT90,EMAT,0.0,120.0,60.0,1.5,0.0,0.9336644646307051
INSP_002379,String_E,String_E_380,2024-04-11,93650.98695883404,0.09482520616054524,1.7298637377474793,CT90,MFL,0.0,120.0,60.0,1.5,0.0,0.9880991733745308
INSP_002380,String_E,String_E_381,2024-04-25,93650.98695883404,0.09571544209596491,1.7298637377474793,CT90,EMAT,0.24711503291459927,120.0,60.0,1.5,0.0,0.8284064756799527
INSP_002381,String_E,String_E_382,2024-04-01,93650.98695883404,0.09363410127679778,1.7298637377474793,CT90,MFL,0.0,120.0,60.0,1.5,0.0,0.7491294362252182
INSP_002382,String_E,String_E_383,2024-04-18,93650.98695883404,0.0949452408587057,1.7298637377474793,CT90,UT,0.1670520539860996,120.0,60.0,1.5,0.0,0.7697121720311573
INSP_002383,String_E,String_E_384,2024-04-16,93650.98695883404,0.09320463953550397,1.7298637377474793,CT90,EMAT,0.0,120.0,60.0,1.5,0.0,0.8289068451438507
INSP_002384,String_E,String_E_385,2024-03-18,93650.98695883404,0.09502072944805973,1.7298637377474793,CT90,MFL,0.5540442071617807,120.0,60.0,1.5,0.0,0.8761120127995947
INSP_002385,String_E,String_E_386,2024-03-15,93650.98695883404,0.09676326614704726,1.7298637377474793,CT90,MFL,0.0,120.0,60.0,1.5,0.0,0.7442053703907386
INSP_002386,String_E,String_E_387,2024-01-27,93650.98695883404,0.09455998550934605,1.7298637377474793,CT90,UT,0.0,120.0,60.0,1.5,0.0,0.941881861041263
INSP_002387,String_E,String_E_388,2024-05-11,93650.98695883404,0.09324818484778467,1.7298637377474793,CT90,UT,0.33807216171086235,120.0,60.0,1.5,0.0,0.7524173929745227
INSP_002388,String_E,String_E_389,2024-06-11,93650.98695883404,0.0932176320054935,1.7298637377474793,CT90,MFL,0.0,120.0,60.0,1.5,0.0,0.9568227429295615
INSP_002389,String_E,String_E_390,2024-03-06,93650.98695883404,0.09457434968779811,1.7298637377474793,CT90,MFL,0.0,120.0,60.0,1.5,0.0,0.9800125336825556
INSP_002390,String_E,String_E_391,2024-04-10,93650.98695883404,0.09370809475856014,1.7298637377474793,CT90,UT,0.0,120.0,60.0,1.5,0.0,0.7048568721449485
INSP_002391,String_E,String_E_392,2024-05-22,93650.98695883404,0.09318873796604711,1.7298637377474793,CT90,UT,0.0,120.0,60.0,1.5,0.0,0.7264256549140342
INSP_002392,String_E,String_E_393,2024-03-06,93650.98695883404,0.09597361173301068,1.7298637377474793,CT90,UT,0.0,120.0,60.0,1.5,0.0,0.9270878696116194
INSP_002393,String_E,String_E_394,2024-04-28,93650.98695883404,0.09484238743375119,1.7298637377474793,CT90,MFL,0.10489554390883153,120.0,60.0,1.5,0.0,0.7789868686060168
INSP_002394,String_E,String_E_395,2024-03-29,93650.98695883404,0.09419913013349608,1.7298637377474793,CT90,EMAT,0.0,120.0,60.0,1.5,0.0,0.9535640723327534
INSP_002395,String_E,String_E_396,2024-02-04,93650.98695883404,0.09652031609546263,1.7298637377474793,CT90,MFL,0.0,120.0,60.0,1.5,0.0,0.7215765600017645
INSP_002396,String_E,String_E_397,2024-06-01,93650.98695883404,0.093541328048762,1.7298637377474793,CT90,MFL,0.0,120.0,60.0,1.5,0.0,0.8370614969516139
INSP_002397,String_E,String_E_398,2024-01-23,93650.98695883404,0.09673249155003022,1.7298637377474793,CT90,MFL,0.6567118577816611,120.0,60.0,1.5,0.0,0.7942236935497577
INSP_002398,String_E,String_E_399,2024-03-25,93650.98695883404,0.09429307352603394,1.7298637377474793,CT90,MFL,0.0,120.0,60.0,1.5,0.0,0.8579525826695585
INSP_002399,String_E,String_E_400,2024-01-30,93650.98695883404,0.09647593395477298,1.7298637377474793,CT90,MFL,0.0,120.0,60.0,1.5,0.0,0.8956773984459345
INSP_002400,String_E,String_E_401,2024-05-23,93650.98695883404,0.09539118293062196,1.7298637377474793,CT90,MFL,0.0,120.0,60.0,1.5,0.0,0.9061926697915508
INSP_002401,String_E,String_E_402,2024-05-08,93650.98695883404,0.09624148796701765,1.7298637377474793,CT90,MFL,1.3881136439893398,120.0,60.0,1.5,0.0,0.816030090907909
INSP_002402,String_E,String_E_403,2024-05-06,93650.98695883404,0.09683925002019977,1.7298637377474793,CT90,MFL,0.013290934525365124,120.0,60.0,1.5,0.0,0.9425032738951484
INSP_002403,String_E,String_E_404,2024-03-27,93650.98695883404,0.09419594066371123,1.7298637377474793,CT90,EMAT,0.0,120.0,60.0,1.5,0.0,0.8399790227709814
INSP_002404,String_E,String_E_405,2024-02-21,93650.98695883404,0.09675231484454885,1.7298637377474793,CT90,MFL,2.7411517332569053,120.0,60.0,1.5,0.0,0.8292530010488571
INSP_002405,String_E,String_E_406,2024-05-15,93650.98695883404,0.0945800312006292,1.7298637377474793,CT90,MFL,0.0,120.0,60.0,1.5,0.0,0.767562420358522
INSP_002406,String_E,String_E_407,2024-06-24,93650.98695883404,0.09456494523800031,1.7298637377474793,CT90,EMAT,0.0,120.0,60.0,1.5,0.0,0.7625790520141059
INSP_002407,String_E,String_E_408,2024-04-15,93650.98695883404,0.09439347099616711,1.7298637377474793,CT90,MFL,0.0,120.0,60.0,1.5,0.0,0.7571032652667941
INSP_002408,String_E,String_E_409,2024-04-05,93650.98695883404,0.09515734890792084,1.7298637377474793,CT90,EMAT,0.0,120.0,60.0,1.5,0.0,0.8036716864335376
INSP_002409,String_E,String_E_410,2024-02-21,93650.98695883404,0.09368575116407826,1.7298637377474793,CT90,MFL,0.0,120.0,60.0,1.5,0.0,0.8641692009140156
INSP_002410,String_E,String_E_411,2024-05-09,93650.98695883404,0.09520410364436044,1.7298637377474793,CT90,UT,0.5386684010872193,120.0,60.0,1.5,0.0,0.7021925372501312
INSP_002411,String_E,String_E_412,2024-04-19,93650.98695883404,0.09515847828715801,1.7298637377474793,CT90,EMAT,0.0,120.0,60.0,1.5,0.0,0.8810447316348834
INSP_002412,String_E,String_E_413,2024-01-06,93650.98695883404,0.09599522688789851,1.7298637377474793,CT90,MFL,0.0,120.0,60.0,1.5,0.0,0.7258749414292214
INSP_002413,String_E,String_E_414,2024-01-07,93650.98695883404,0.09626786985536283,1.7298637377474793,CT90,MFL,0.8386836326916823,120.0,60.0,1.5,0.0,0.882532071203405
INSP_002414,String_E,String_E_415,2024-05-15,93650.98695883404,0.09477367713118721,1.7298637377474793,CT90,MFL,0.0,120.0,60.0,1.5,0.0,0.8944906986985244
INSP_002415,String_E,String_E_416,2024-01-22,93650.98695883404,0.09424886634753568,1.7298637377474793,CT90,UT,0.0,120.0,60.0,1.5,0.0,0.9315519108939303
INSP_002416,String_E,String_E_417,2024-04-14,93650.98695883404,0.09408547260980496,1.7298637377474793,CT90,MFL,0.0,120.0,60.0,1.5,0.0,0.7091394159480117
INSP_002417,String_E,String_E_418,2024-06-17,93650.98695883404,0.0938395705794785,1.7298637377474793,CT90,UT,0.0,120.0,60.0,1.5,0.0,0.7449414195282421
INSP_002418,String_E,String_E_419,2024-03-12,93650.98695883404,0.09331906081235629,1.7298637377474793,CT90,MFL,0.0,120.0,60.0,1.5,0.0,0.8593914406072706
INSP_002419,String_E,String_E_420,2024-06-16,93650.98695883404,0.09440130231957192,1.7298637377474793,CT90,MFL,0.0,120.0,60.0,1.5,0.0,0.7740118712192512
INSP_002420,String_E,String_E_421,2024-03-09,93650.98695883404,0.09412694123009697,1.7298637377474793,CT90,EMAT,0.0,120.0,60.0,1.5,0.0,0.9073758195722008
INSP_002421,String_E,String_E_422,2024-03-28,93650.98695883404,0.09677238606629235,1.7298637377474793,CT90,MFL,0.0,120.0,60.0,1.5,0.0,0.9652179113580238
INSP_002422,String_E,String_E_423,2024-06-06,93650.98695883404,0.09521929353975016,1.7298637377474793,CT90,UT,0.0,120.0,60.0,1.5,0.0,0.7020021430253968
INSP_002423,String_E,String_E_424,2024-05-12,93650.98695883404,0.09441965274831593,1.7298637377474793,CT90,MFL,0.0,120.0,60.0,1.5,0.0,0.9866870203787086
INSP_002424,String_E,String_E_425,2024-05-25,93650.98695883404,0.09530577688377603,1.7298637377474793,CT90,UT,0.32744717081159946,120.0,60.0,1.5,0.0,0.7213359644967432
INSP_002425,String_E,String_E_426,2024-01-06,93650.98695883404,0.09362894746511365,1.7298637377474793,CT90,MFL,0.21967097824251974,120.0,60.0,1.5,0.0,0.8347592609546016
INSP_002426,String_E,String_E_427,2024-03-16,93650.98695883404,0.09478736624696837,1.7298637377474793,CT90,MFL,0.0,120.0,60.0,1.5,0.0,0.7063418305045079
INSP_002427,String_E,String_E_428,2024-03-15,93650.98695883404,0.09547969042140005,1.7298637377474793,CT90,MFL,0.0,120.0,60.0,1.5,0.0,0.9182907784740174
INSP_002428,String_E,String_E_429,2024-05-14,93650.98695883404,0.0949578117608113,1.7298637377474793,CT90,MFL,0.0,120.0,60.0,1.5,0.0,0.8024879304214233
INSP_002429,String_E,String_E_430,2024-03-30,93650.98695883404,0.09462675944248643,1.7298637377474793,CT90,EMAT,0.0,120.0,60.0,1.5,0.0,0.7183782264211254
INSP_002430,String_E,String_E_431,2024-01-12,93650.98695883404,0.09687662387781885,1.7298637377474793,CT90,UT,0.0,120.0,60.0,1.5,0.0,0.8465708069239092
INSP_002431,String_E,String_E_432,2024-03-19,93650.98695883404,0.09644519609616592,1.7298637377474793,CT90,UT,0.0,120.0,60.0,1.5,0.0,0.9272381769236038
INSP_002432,String_E,String_E_433,2024-06-17,93650.98695883404,0.09546894264100587,1.7298637377474793,CT90,MFL,0.0,120.0,60.0,1.5,0.0,0.9745309594182839
INSP_002433,String_E,String_E_434,2024-05-20,93650.98695883404,0.09526363397249267,1.7298637377474793,CT90,UT,0.025318512849104118,120.0,60.0,1.5,0.0,0.7972050800842568
INSP_002434,String_E,String_E_435,2024-01-23,93650.98695883404,0.09545850982333343,1.7298637377474793,CT90,MFL,0.6042027923260547,120.0,60.0,1.5,0.0,0.7758984908774715
INSP_002435,String_E,String_E_436,2024-03-02,93650.98695883404,0.09386498600972525,1.7298637377474793,CT90,MFL,0.18726596118549016,120.0,60.0,1.5,0.0,0.8936188134531009
INSP_002436,String_E,String_E_437,2024-03-08,93650.98695883404,0.09460152342440441,1.7298637377474793,CT90,MFL,0.10826848470982309,120.0,60.0,1.5,0.0,0.9787161964220967
INSP_002437,String_E,String_E_438,2024-02-14,93650.98695883404,0.0932499462249854,1.7298637377474793,CT90,MFL,0.0,120.0,60.0,1.5,0.0,0.7531721351968989
INSP_002438,String_E,String_E_439,2024-02-03,93650.98695883404,0.09490707494244995,1.7298637377474793,CT90,MFL,0.5830079918190988,120.0,60.0,1.5,0.0,0.890582762189222
INSP_002439,String_E,String_E_440,2024-03-25,93650.98695883404,0.09516349341903912,1.7298637377474793,CT90,MFL,0.0,120.0,60.0,1.5,0.0,0.7485568416794108
INSP_002440,String_E,String_E_441,2024-06-26,93650.98695883404,0.0939654489971922,1.7298637377474793,CT90,MFL,0.0,120.0,60.0,1.5,0.0,0.8348187651442925
INSP_002441,String_E,String_E_442,2024-02-17,93650.98695883404,0.09676330961922897,1.7298637377474793,CT90,MFL,0.0,120.0,60.0,1.5,0.0,0.794602705099353
INSP_002442,String_E,String_E_443,2024-04-13,93650.98695883404,0.09655592752156153,1.7298637377474793,CT90,UT,0.0,120.0,60.0,1.5,0.0,0.7951009401008001
INSP_002443,String_E,String_E_444,2024-05-10,93650.98695883404,0.09584414429473245,1.7298637377474793,CT90,UT,1.759569719876295,120.0,60.0,1.5,0.0,0.9813578277150653
INSP_002444,String_E,String_E_445,2024-03-20,93650.98695883404,0.09512686918930838,1.7298637377474793,CT90,UT,0.0,120.0,60.0,1.5,0.0,0.8706576179221563
INSP_002445,String_E,String_E_446,2024-05-11,93650.98695883404,0.09640588280666121,1.7298637377474793,CT90,EMAT,0.0,120.0,60.0,1.5,0.0,0.7785383198801594
INSP_002446,String_E,String_E_447,2024-05-21,93650.98695883404,0.09359647890652915,1.7298637377474793,CT90,MFL,0.0,120.0,60.0,1.5,0.0,0.7186685969741514
INSP_002447,String_E,String_E_448,2024-03-28,93650.98695883404,0.09610393721824456,1.7298637377474793,CT90,EMAT,0.0,120.0,60.0,1.5,0.0,0.7858657030723565
INSP_002448,String_E,String_E_449,2024-03-18,93650.98695883404,0.09357431909307402,1.7298637377474793,CT90,MFL,0.0,120.0,60.0,1.5,0.0,0.898900013009258
INSP_002449,String_E,String_E_450,2024-01-10,93650.98695883404,0.09611800051768774,1.7298637377474793,CT90,MFL,0.0,120.0,60.0,1.5,0.0,0.8252022931141078
INSP_002450,String_E,String_E_451,2024-04-15,93650.98695883404,0.09414791675935515,1.7298637377474793,CT90,MFL,2.3835634183114665,120.0,60.0,1.5,0.0,0.9296661079804913
INSP_002451,String_E,String_E_452,2024-01-25,93650.98695883404,0.09643294420786913,1.7298637377474793,CT90,MFL,0.0,120.0,60.0,1.5,0.0,0.7398916722684294
INSP_002452,String_E,String_E_453,2024-05-12,93650.98695883404,0.09668735995653652,1.7298637377474793,CT90,MFL,0.0,120.0,60.0,1.5,0.0,0.8918299962285783
INSP_002453,String_E,String_E_454,2024-04-01,93650.98695883404,0.09366542468373944,1.7298637377474793,CT90,UT,0.0,0.0,100.0,0.0,0.0,0.9373697579793062
INSP_002454,String_E,String_E_455,2024-01-05,93650.98695883404,0.0948581672992485,1.7298637377474793,CT90,EMAT,1.0989715169256848,120.0,60.0,1.5,0.0,0.902351527464491
INSP_002455,String_E,String_E_456,2024-01-18,93650.98695883404,0.0968277520370182,1.7298637377474793,CT90,UT,0.0,0.0,100.0,0.0,0.0,0.8511852926903841
INSP_002456,String_E,String_E_457,2024-04-15,93650.98695883404,0.09493694825669795,1.7298637377474793,CT90,MFL,0.0,0.0,100.0,0.0,0.0,0.8665675760258016
INSP_002457,String_E,String_E_458,2024-04-28,93650.98695883404,0.09638148058555528,1.7298637377474793,CT90,EMAT,0.0,0.0,100.0,0.0,0.0,0.8990855342132892
INSP_002458,String_E,String_E_459,2024-01-17,93650.98695883404,0.09533717978409902,1.7298637377474793,CT90,UT,0.0,0.0,100.0,0.0,0.0,0.7890565406089586
INSP_002459,String_E,String_E_460,2024-04-11,93650.98695883404,0.09452625365009448,1.7298637377474793,CT90,EMAT,0.0,0.0,100.0,0.0,0.0,0.7514631978380765
INSP_002460,String_E,String_E_461,2024-05-05,93650.98695883404,0.0941859775109983,1.7298637377474793,CT90,EMAT,0.0,0.0,100.0,0.0,0.0,0.7686059561556994
INSP_002461,String_E,String_E_462,2024-03-18,93650.98695883404,0.09387224774612714,1.7298637377474793,CT90,MFL,0.0,0.0,100.0,0.0,0.0,0.898184611097272
INSP_002462,String_E,String_E_463,2024-01-03,93650.98695883404,0.09599483312723525,1.7298637377474793,CT90,MFL,0.0,0.0,100.0,0.0,0.0,0.9071805566444664
INSP_002463,String_E,String_E_464,2024-05-22,93650.98695883404,0.0945688539259275,1.7298637377474793,CT90,UT,0.0,0.0,100.0,0.0,0.0,0.9424450868289316
INSP_002464,String_E,String_E_465,2024-02-20,93650.98695883404,0.09504284675636285,1.7298637377474793,CT90,MFL,0.0,0.0,100.0,0.0,0.0,0.8485231203527065
INSP_002465,String_E,String_E_466,2024-03-15,93650.98695883404,0.09497083682400449,1.7298637377474793,CT90,UT,0.0,0.0,100.0,0.0,0.0,0.835950622924972
INSP_002466,String_E,String_E_467,2024-06-27,93650.98695883404,0.0952936603110859,1.7298637377474793,CT90,EMAT,0.25599883299493353,0.0,100.0,0.0,0.0,0.716094202881222
INSP_002467,String_E,String_E_468,2024-02-03,93650.98695883404,0.0963891931533733,1.7298637377474793,CT90,UT,0.2006779194640561,0.0,100.0,0.0,0.0,0.7335166028938611
INSP_002468,String_E,String_E_469,2024-01-27,93650.98695883404,0.09682680950561703,1.7298637377474793,CT90,MFL,0.0,0.0,100.0,0.0,0.0,0.9853691436806826
INSP_002469,String_E,String_E_470,2024-06-12,93650.98695883404,0.0946488199925805,1.7298637377474793,CT90,MFL,0.0,0.0,100.0,0.0,0.0,0.7281562507940514
INSP_002470,String_E,String_E_471,2024-03-25,93650.98695883404,0.09624457190400394,1.7298637377474793,CT90,MFL,0.0,0.0,100.0,0.0,0.0,0.9258834010143768
INSP_002471,String_E,String_E_472,2024-01-31,93650.98695883404,0.09600520561968792,1.7298637377474793,CT90,MFL,0.0,0.0,100.0,0.0,0.0,0.8466085665036864
INSP_002472,String_E,String_E_473,2024-02-12,93650.98695883404,0.0952794100155312,1.7298637377474793,CT90,MFL,0.5726147658436934,0.0,100.0,0.0,0.0,0.876548325329141
INSP_002473,String_E,String_E_474,2024-05-10,93650.98695883404,0.09673297914572535,1.7298637377474793,CT90,MFL,0.0,0.0,100.0,0.0,0.0,0.8569131776123855
INSP_002474,String_E,String_E_475,2024-03-27,93650.98695883404,0.09386180315900794,1.7298637377474793,CT90,UT,0.0,0.0,100.0,0.0,0.0,0.8600361900145613
INSP_002475,String_E,String_E_476,2024-06-10,93650.98695883404,0.09351520399917655,1.7298637377474793,CT90,MFL,0.0,0.0,100.0,0.0,0.0,0.791939887042385
INSP_002476,String_E,String_E_477,2024-02-08,93650.98695883404,0.09634505547443062,1.7298637377474793,CT90,UT,0.0,0.0,100.0,0.0,0.0,0.7024693924131823
INSP_002477,String_E,String_E_478,2024-02-25,93650.98695883404,0.09476876930320825,1.7298637377474793,CT90,MFL,0.0,0.0,100.0,0.0,0.0,0.996854755739528
INSP_002478,String_E,String_E_479,2024-05-30,93650.98695883404,0.09631848164598682,1.7298637377474793,CT90,MFL,0.0,0.0,100.0,0.0,0.0,0.7764836761977385
INSP_002479,String_E,String_E_480,2024-04-01,93650.98695883404,0.09649374277974258,1.7298637377474793,CT90,MFL,0.0,0.0,100.0,0.0,0.0,0.8151484515878479
INSP_002480,String_E,String_E_481,2024-04-08,93650.98695883404,0.09333733885575247,1.7298637377474793,CT90,MFL,0.0,0.0,100.0,0.0,0.0,0.8468042840766583
INSP_002481,String_E,String_E_482,2024-06-07,93650.98695883404,0.09645716609934704,1.7298637377474793,CT90,MFL,0.0,0.0,100.0,0.0,0.0,0.9045080697712636
INSP_002482,String_E,String_E_483,2024-06-15,93650.98695883404,0.0948036124104038,1.7298637377474793,CT90,EMAT,0.15710321155775758,0.0,100.0,0.0,0.0,0.9502639974355649
INSP_002483,String_E,String_E_484,2024-01-15,93650.98695883404,0.09503964345821608,1.7298637377474793,CT90,MFL,0.0,0.0,100.0,0.0,0.0,0.8412925990627613
INSP_002484,String_E,String_E_485,2024-05-08,93650.98695883404,0.0954810515421542,1.7298637377474793,CT90,MFL,2.0303690236838206,0.0,100.0,0.0,0.0,0.8887295182898175
INSP_002485,String_E,String_E_486,2024-02-12,93650.98695883404,0.09662025390557433,1.7298637377474793,CT90,UT,0.0,0.0,100.0,0.0,0.0,0.7563881076981067
INSP_002486,String_E,String_E_487,2024-05-05,93650.98695883404,0.0931726411588331,1.7298637377474793,CT90,MFL,0.0,0.0,100.0,0.0,0.0,0.9277533859020191
INSP_002487,String_E,String_E_488,2024-04-05,93650.98695883404,0.0949120051796077,1.7298637377474793,CT90,UT,1.3668035770153546,0.0,100.0,0.0,0.0,0.9924500074022125
INSP_002488,String_E,String_E_489,2024-02-24,93650.98695883404,0.09571334376123614,1.7298637377474793,CT90,MFL,1.8163134766432387,0.0,100.0,0.0,0.0,0.9585731830232731
INSP_002489,String_E,String_E_490,2024-04-24,93650.98695883404,0.09584628643925326,1.7298637377474793,CT90,MFL,0.0,0.0,100.0,0.0,0.0,0.9411908145364876
INSP_002490,String_E,String_E_491,2024-06-20,93650.98695883404,0.09573162323984101,1.7298637377474793,CT90,MFL,0.0,0.0,100.0,0.0,0.0,0.8097175412740472
INSP_002491,String_E,String_E_492,2024-03-18,93650.98695883404,0.09361085349175087,1.7298637377474793,CT90,MFL,0.2804672952023509,0.0,100.0,0.0,0.0,0.9658653437103075
INSP_002492,String_E,String_E_493,2024-03-20,93650.98695883404,0.09423770323581239,1.7298637377474793,CT90,MFL,0.0,0.0,100.0,0.0,0.0,0.79096818185569
INSP_002493,String_E,String_E_494,2024-04-26,93650.98695883404,0.09446311899658465,1.7298637377474793,CT90,MFL,0.0,0.0,100.0,0.0,0.0,0.8325977678159351
INSP_002494,String_E,String_E_495,2024-04-05,93650.98695883404,0.09615686138918211,1.7298637377474793,CT90,MFL,0.0,0.0,100.0,0.0,0.0,0.7344479264676691
INSP_002495,String_E,String_E_496,2024-01-05,93650.98695883404,0.0941592875151753,1.7298637377474793,CT90,UT,0.0,0.0,100.0,0.0,0.0,0.9133510091465186
INSP_002496,String_E,String_E_497,2024-04-22,93650.98695883404,0.09390067886269537,1.7298637377474793,CT90,MFL,0.36179881257561064,0.0,100.0,0.0,0.0,0.7732506093707302
INSP_002497,String_E,String_E_498,2024-06-21,93650.98695883404,0.09673830247234477,1.7298637377474793,CT90,EMAT,0.0,0.0,100.0,0.0,0.0,0.9821934582981471
INSP_002498,String_E,String_E_499,2024-04-20,93650.98695883404,0.09313368048343118,1.7298637377474793,CT90,UT,0.03697868976402368,0.0,100.0,0.0,0.0,0.7771480698107054
INSP_002499,String_E,String_E_500,2024-03-16,93650.98695883404,0.09689171925159153,1.7298637377474793,CT90,MFL,0.0,0.0,100.0,0.0,0.0,0.7114272495934354
INSP_002500,String_F,String_F_001,2024-01-22,86025.66138634417,0.15385785915820596,2.356403013081156,CT90,UT,0.9825079642159693,120.0,60.0,1.5,0.0,0.9200566529031114
INSP_002501,String_F,String_F_002,2024-03-21,86025.66138634417,0.15478459396875663,2.356403013081156,CT90,UT,1.028132285757838,120.0,60.0,1.5,0.0,0.8049491477520665
INSP_002502,String_F,String_F_003,2024-02-29,86025.66138634417,0.15152218835256556,2.356403013081156,CT90,MFL,0.0,120.0,60.0,1.5,0.0,0.8034242404123111
INSP_002503,String_F,String_F_004,2024-02-08,86025.66138634417,0.14980922422968176,2.356403013081156,CT90,UT,0.0,120.0,60.0,1.5,0.0,0.7723502110911743
INSP_002504,String_F,String_F_005,2024-05-19,86025.66138634417,0.15423093041599512,2.356403013081156,CT90,MFL,0.0,120.0,60.0,1.5,0.0,0.9915037535826757
INSP_002505,String_F,String_F_006,2024-04-18,86025.66138634417,0.15481927623150152,2.356403013081156,CT90,MFL,0.05110468028143139,120.0,60.0,1.5,0.0,0.9289988453433815
INSP_002506,String_F,String_F_007,2024-04-12,86025.66138634417,0.15424685966899274,2.356403013081156,CT90,UT,0.0,120.0,60.0,1.5,0.0,0.9818123625791841
INSP_002507,String_F,String_F_008,2024-03-13,86025.66138634417,0.1505947134371708,2.356403013081156,CT90,MFL,0.6313469986236959,120.0,60.0,1.5,0.0,0.7084570959874196
INSP_002508,String_F,String_F_009,2024-06-05,86025.66138634417,0.15432600924489434,2.356403013081156,CT90,UT,0.0,120.0,60.0,1.5,0.0,0.8212485543769668
INSP_002509,String_F,String_F_010,2024-02-02,86025.66138634417,0.15442069975154255,2.356403013081156,CT90,MFL,0.0,120.0,60.0,1.5,0.0,0.8245250580887239
INSP_002510,String_F,String_F_011,2024-04-14,86025.66138634417,0.15374614361907762,2.356403013081156,CT90,UT,0.32912209227216765,120.0,60.0,1.5,0.0,0.9202530387617472
INSP_002511,String_F,String_F_012,2024-03-07,86025.66138634417,0.1544035468385117,2.356403013081156,CT90,EMAT,0.0,120.0,60.0,1.5,0.0,0.9428797153039504
INSP_002512,String_F,String_F_013,2024-04-19,86025.66138634417,0.15489124559492617,2.356403013081156,CT90,MFL,0.0,120.0,60.0,1.5,0.0,0.7072595501100206
INSP_002513,String_F,String_F_014,2024-01-12,86025.66138634417,0.15347153315731107,2.356403013081156,CT90,MFL,0.8221195193023312,120.0,60.0,1.5,0.0,0.7456278565000012
INSP_002514,String_F,String_F_015,2024-01-18,86025.66138634417,0.15026321377395,2.356403013081156,CT90,MFL,0.0031656158922916096,120.0,60.0,1.5,0.0,0.7975298740777044
INSP_002515,String_F,String_F_016,2024-02-20,86025.66138634417,0.15270168043063984,2.356403013081156,CT90,EMAT,5.1056743867565535,120.0,60.0,1.5,0.0,0.7478346486863752
INSP_002516,String_F,String_F_017,2024-04-14,86025.66138634417,0.15019626444841522,2.356403013081156,CT90,UT,0.0,120.0,60.0,1.5,0.0,0.8369387442805407
INSP_002517,String_F,String_F_018,2024-01-31,86025.66138634417,0.15221227501898585,2.356403013081156,CT90,EMAT,0.822822363451694,120.0,60.0,1.5,0.0,0.9841465241168581
INSP_002518,String_F,String_F_019,2024-05-14,86025.66138634417,0.15220960727144073,2.356403013081156,CT90,EMAT,0.0,120.0,60.0,1.5,0.0,0.7919250950052662
INSP_002519,String_F,String_F_020,2024-03-17,86025.66138634417,0.15012513445652348,2.356403013081156,CT90,UT,0.0,120.0,60.0,1.5,0.0,0.9439864064696453
INSP_002520,String_F,String_F_021,2024-05-21,86025.66138634417,0.15185341646510875,2.356403013081156,CT90,UT,0.0,120.0,60.0,1.5,0.0,0.9934079672736196
INSP_002521,String_F,String_F_022,2024-06-08,86025.66138634417,0.15040006179805376,2.356403013081156,CT90,EMAT,0.27823221618311594,120.0,60.0,1.5,0.0,0.9933258280158475
INSP_002522,String_F,String_F_023,2024-03-14,86025.66138634417,0.15466094159635094,2.356403013081156,CT90,UT,0.0,120.0,60.0,1.5,0.0,0.9279008905315533
INSP_002523,String_F,String_F_024,2024-04-04,86025.66138634417,0.155513150517476,2.356403013081156,CT90,MFL,0.0,120.0,60.0,1.5,0.0,0.9474664882677397
INSP_002524,String_F,String_F_025,2024-01-17,86025.66138634417,0.15016367485647117,2.356403013081156,CT90,UT,0.0,120.0,60.0,1.5,0.0,0.8536039937296755
INSP_002525,String_F,String_F_026,2024-03-26,86025.66138634417,0.1555585387023077,2.356403013081156,CT90,MFL,0.0,120.0,60.0,1.5,0.0,0.9477120691138103
INSP_002526,String_F,String_F_027,2024-02-19,86025.66138634417,0.15291525568284883,2.356403013081156,CT90,MFL,0.0,120.0,60.0,1.5,0.0,0.7382433693270446
INSP_002527,String_F,String_F_028,2024-02-19,86025.66138634417,0.15155241553215737,2.356403013081156,CT90,EMAT,1.8882890714688974,120.0,60.0,1.5,0.0,0.8378118242276085
INSP_002528,String_F,String_F_029,2024-03-17,86025.66138634417,0.15019145343419912,2.356403013081156,CT90,MFL,0.9495749020573541,120.0,60.0,1.5,0.0,0.8924971648258153
INSP_002529,String_F,String_F_030,2024-01-11,86025.66138634417,0.15278110297738712,2.356403013081156,CT90,MFL,0.0,120.0,60.0,1.5,0.0,0.8954931847037768
INSP_002530,String_F,String_F_031,2024-05-28,86025.66138634417,0.15457709946473383,2.356403013081156,CT90,MFL,0.0,120.0,60.0,1.5,0.0,0.9474818312027151
INSP_002531,String_F,String_F_032,2024-04-12,86025.66138634417,0.1540428124333562,2.356403013081156,CT90,MFL,1.683408262707111,120.0,60.0,1.5,0.0,0.904938341026213
INSP_002532,String_F,String_F_033,2024-05-07,86025.66138634417,0.15002867801049102,2.356403013081156,CT90,MFL,0.05786906439719094,120.0,60.0,1.5,0.0,0.7721137448429234
INSP_002533,String_F,String_F_034,2024-05-12,86025.66138634417,0.15016725204567574,2.356403013081156,CT90,EMAT,0.0,120.0,60.0,1.5,0.0,0.9415694935090555
INSP_002534,String_F,String_F_035,2024-05-01,86025.66138634417,0.15218373775913596,2.356403013081156,CT90,MFL,0.0,120.0,60.0,1.5,0.0,0.9375525530540004
INSP_002535,String_F,String_F_036,2024-05-12,86025.66138634417,0.15152628949204028,2.356403013081156,CT90,EMAT,0.0,120.0,60.0,1.5,0.0,0.7070614177952231
INSP_002536,String_F,String_F_037,2024-03-02,86025.66138634417,0.15114186412389058,2.356403013081156,CT90,MFL,1.9388620079074599,120.0,60.0,1.5,0.0,0.8405418137103448
INSP_002537,String_F,String_F_038,2024-06-18,86025.66138634417,0.15143898646827986,2.356403013081156,CT90,UT,0.9424766535168442,120.0,60.0,1.5,0.0,0.7306591006716917
INSP_002538,String_F,String_F_039,2024-04-03,86025.66138634417,0.15463189883732265,2.356403013081156,CT90,UT,0.0,120.0,60.0,1.5,0.0,0.7636063464268918
INSP_002539,String_F,String_F_040,2024-01-28,86025.66138634417,0.15540033993708136,2.356403013081156,CT90,UT,0.0,120.0,60.0,1.5,0.0,0.8498248110798412
INSP_002540,String_F,String_F_041,2024-03-14,86025.66138634417,0.15219736189926325,2.356403013081156,CT90,EMAT,0.0,120.0,60.0,1.5,0.0,0.9561453672017918
INSP_002541,String_F,String_F_042,2024-01-31,86025.66138634417,0.15525906951967952,2.356403013081156,CT90,EMAT,0.7878511116809017,120.0,60.0,1.5,0.0,0.9283532560095629
INSP_002542,String_F,String_F_043,2024-04-21,86025.66138634417,0.15168643191155862,2.356403013081156,CT90,MFL,0.0,120.0,60.0,1.5,0.0,0.9652565039674192
INSP_002543,String_F,String_F_044,2024-04-29,86025.66138634417,0.15263329228511816,2.356403013081156,CT90,UT,0.425145658109433,120.0,60.0,1.5,0.0,0.8516190268427163
INSP_002544,String_F,String_F_045,2024-06-07,86025.66138634417,0.15110302614970467,2.356403013081156,CT90,UT,0.04594778877744445,120.0,60.0,1.5,0.0,0.760110179263806
INSP_002545,String_F,String_F_046,2024-06-19,86025.66138634417,0.15363574996828086,2.356403013081156,CT90,UT,0.0,120.0,60.0,1.5,0.0,0.7166731575873361
INSP_002546,String_F,String_F_047,2024-05-03,86025.66138634417,0.15570438544960652,2.356403013081156,CT90,MFL,0.0,120.0,60.0,1.5,0.0,0.9554624844327206
INSP_002547,String_F,String_F_048,2024-03-15,86025.66138634417,0.15340974379975936,2.356403013081156,CT90,MFL,0.0,120.0,60.0,1.5,0.0,0.8037396855038885
INSP_002548,String_F,String_F_049,2024-03-21,86025.66138634417,0.15190837687313538,2.356403013081156,CT90,UT,0.0,120.0,60.0,1.5,0.0,0.998100586293457
INSP_002549,String_F,String_F_050,2024-05-12,86025.66138634417,0.15368061395888294,2.356403013081156,CT90,UT,0.2193455688301837,120.0,60.0,1.5,0.0,0.9959212643396631
INSP_002550,String_F,String_F_051,2024-03-11,86025.66138634417,0.15047292177360513,2.356403013081156,CT90,MFL,0.0,120.0,60.0,1.5,0.0,0.8968213814079714
INSP_002551,String_F,String_F_052,2024-04-18,86025.66138634417,0.15515241922793718,2.356403013081156,CT90,UT,0.0,120.0,60.0,1.5,0.0,0.9733815890857627
INSP_002552,String_F,String_F_053,2024-05-16,86025.66138634417,0.15279613432353628,2.356403013081156,CT90,UT,0.0,120.0,60.0,1.5,0.0,0.7190876013599214
INSP_002553,String_F,String_F_054,2024-06-28,86025.66138634417,0.15246775965613132,2.356403013081156,CT90,UT,0.0,120.0,60.0,1.5,0.0,0.9807629145708605
INSP_002554,String_F,String_F_055,2024-02-04,86025.66138634417,0.15330201559872228,2.356403013081156,CT90,MFL,0.0,120.0,60.0,1.5,0.0,0.8894090911401854
INSP_002555,String_F,String_F_056,2024-02-16,86025.66138634417,0.15353985362389067,2.356403013081156,CT90,EMAT,0.0,120.0,60.0,1.5,0.0,0.8107652859619556
INSP_002556,String_F,String_F_057,2024-01-26,86025.66138634417,0.1501603707785377,2.356403013081156,CT90,EMAT,0.3430542162818862,120.0,60.0,1.5,0.0,0.9264180944779308
INSP_002557,String_F,String_F_058,2024-04-07,86025.66138634417,0.15389327857023163,2.356403013081156,CT90,MFL,0.0,120.0,60.0,1.5,0.0,0.7255195915632147
INSP_002558,String_F,String_F_059,2024-01-04,86025.66138634417,0.1512002088978843,2.356403013081156,CT90,MFL,0.0,120.0,60.0,1.5,0.0,0.7470348745888121
INSP_002559,String_F,String_F_060,2024-05-03,86025.66138634417,0.15408477213642272,2.356403013081156,CT90,EMAT,0.31799624297760215,120.0,60.0,1.5,0.0,0.7886914051777145
INSP_002560,String_F,String_F_061,2024-06-21,86025.66138634417,0.1547483276651747,2.356403013081156,CT90,MFL,0.0,120.0,60.0,1.5,0.0,0.9205526097929411
INSP_002561,String_F,String_F_062,2024-03-08,86025.66138634417,0.15463480627623113,2.356403013081156,CT90,MFL,0.0,120.0,60.0,1.5,0.0,0.9681561328342989
INSP_002562,String_F,String_F_063,2024-02-26,86025.66138634417,0.1530981262348314,2.356403013081156,CT90,UT,0.6348418166493327,120.0,60.0,1.5,0.0,0.8112841742998198
INSP_002563,String_F,String_F_064,2024-04-23,86025.66138634417,0.15290054807594944,2.356403013081156,CT90,UT,0.0,120.0,60.0,1.5,0.0,0.7720629841651039
INSP_002564,String_F,String_F_065,2024-04-14,86025.66138634417,0.15059487033357022,2.356403013081156,CT90,UT,0.0,120.0,60.0,1.5,0.0,0.9299182905784648
INSP_002565,String_F,String_F_066,2024-02-14,86025.66138634417,0.15445995354306766,2.356403013081156,CT90,MFL,0.0,120.0,60.0,1.5,0.0,0.9742521666074841
INSP_002566,String_F,String_F_067,2024-03-01,86025.66138634417,0.15138034982120638,2.356403013081156,CT90,MFL,1.7834237187260737,120.0,60.0,1.5,0.0,0.8809702917649689
INSP_002567,String_F,String_F_068,2024-01-10,86025.66138634417,0.1527570934444785,2.356403013081156,CT90,MFL,0.0,120.0,60.0,1.5,0.0,0.7691926713685446
INSP_002568,String_F,String_F_069,2024-03-27,86025.66138634417,0.15145896725656435,2.356403013081156,CT90,MFL,0.0,120.0,60.0,1.5,0.0,0.8427638740240255
INSP_002569,String_F,String_F_070,2024-03-05,86025.66138634417,0.15053957963207346,2.356403013081156,CT90,EMAT,0.46519766714670446,120.0,60.0,1.5,0.0,0.8434363287616927
INSP_002570,String_F,String_F_071,2024-02-20,86025.66138634417,0.15356902696099478,2.356403013081156,CT90,UT,0.0,120.0,60.0,1.5,0.0,0.846458690727538
INSP_002571,String_F,String_F_072,2024-05-24,86025.66138634417,0.15005377029502368,2.356403013081156,CT90,MFL,0.0,120.0,60.0,1.5,0.0,0.8377162301901908
INSP_002572,String_F,String_F_073,2024-06-03,86025.66138634417,0.1542967818000121,2.356403013081156,CT90,MFL,0.0,120.0,60.0,1.5,0.0,0.8975182598982739
INSP_002573,String_F,String_F_074,2024-05-12,86025.66138634417,0.1516625442293276,2.356403013081156,CT90,MFL,0.7262817497490069,120.0,60.0,1.5,0.0,0.8510561618735326
INSP_002574,String_F,String_F_075,2024-03-10,86025.66138634417,0.1497225653789914,2.356403013081156,CT90,UT,0.0,120.0,60.0,1.5,0.0,0.7569668879274655
INSP_002575,String_F,String_F_076,2024-01-18,86025.66138634417,0.1528452992065009,2.356403013081156,CT90,EMAT,0.0,120.0,60.0,1.5,0.0,0.911739908750351
INSP_002576,String_F,String_F_077,2024-06-13,86025.66138634417,0.15000805855864652,2.356403013081156,CT90,MFL,0.4098390288686642,120.0,60.0,1.5,0.0,0.8513983856741514
INSP_002577,String_F,String_F_078,2024-04-01,86025.66138634417,0.1514094397007949,2.356403013081156,CT90,UT,0.20195053609172772,120.0,60.0,1.5,0.0,0.797029551243645
INSP_002578,String_F,String_F_079,2024-02-03,86025.66138634417,0.15404214027555496,2.356403013081156,CT90,UT,0.014141630610202498,120.0,60.0,1.5,0.0,0.9783440713439182
INSP_002579,String_F,String_F_080,2024-03-17,86025.66138634417,0.1501048442728445,2.356403013081156,CT90,MFL,0.0,120.0,60.0,1.5,0.0,0.726905279782758
INSP_002580,String_F,String_F_081,2024-05-02,86025.66138634417,0.154851016601367,2.356403013081156,CT90,EMAT,0.0,120.0,60.0,1.5,0.0,0.7407997848206693
INSP_002581,String_F,String_F_082,2024-06-17,86025.66138634417,0.14974508615468246,2.356403013081156,CT90,EMAT,0.20884485729443034,120.0,60.0,1.5,0.0,0.7125313862373516
INSP_002582,String_F,String_F_083,2024-03-12,86025.66138634417,0.1512301055119056,2.356403013081156,CT90,MFL,0.7484503170908755,120.0,60.0,1.5,0.0,0.8649172340806411
INSP_002583,String_F,String_F_084,2024-04-14,86025.66138634417,0.154249474752934,2.356403013081156,CT90,MFL,4.592307101830257,120.0,60.0,1.5,0.0,0.7003182407657383
INSP_002584,String_F,String_F_085,2024-01-08,86025.66138634417,0.15165449808798234,2.356403013081156,CT90,MFL,0.0,120.0,60.0,1.5,0.0,0.9708984369472706
INSP_002585,String_F,String_F_086,2024-05-22,86025.66138634417,0.15034441596645023,2.356403013081156,CT90,UT,0.08360041018177382,120.0,60.0,1.5,0.0,0.7677670121042627
INSP_002586,String_F,String_F_087,2024-02-22,86025.66138634417,0.15192316470437192,2.356403013081156,CT90,EMAT,0.0,120.0,60.0,1.5,0.0,0.8008479940756562
INSP_002587,String_F,String_F_088,2024-06-16,86025.66138634417,0.1513741403773987,2.356403013081156,CT90,UT,1.2315997527492468,120.0,60.0,1.5,0.0,0.7154670503237477
INSP_002588,String_F,String_F_089,2024-02-03,86025.66138634417,0.1548716318174195,2.356403013081156,CT90,MFL,0.0,120.0,60.0,1.5,0.0,0.7681686074769148
INSP_002589,String_F,String_F_090,2024-06-03,86025.66138634417,0.15163664005990457,2.356403013081156,CT90,MFL,0.0,120.0,60.0,1.5,0.0,0.842145532599348
INSP_002590,String_F,String_F_091,2024-02-12,86025.66138634417,0.15454298079640721,2.356403013081156,CT90,EMAT,0.0,120.0,60.0,1.5,0.0,0.7781402129446302
INSP_002591,String_F,String_F_092,2024-06-16,86025.66138634417,0.15517205455943572,2.356403013081156,CT90,MFL,0.0,120.0,60.0,1.5,0.37255897380925695,0.9904607420070077
INSP_002592,String_F,String_F_093,2024-01-03,86025.66138634417,0.15237284021202985,2.356403013081156,CT90,MFL,0.0,120.0,60.0,1.5,2.7940183928807434,0.9759266276964047
INSP_002593,String_F,String_F_094,2024-01-08,86025.66138634417,0.1552824880884624,2.356403013081156,CT90,EMAT,0.0,120.0,60.0,1.5,1.5421683495137537,0.7538097650902621
INSP_002594,String_F,String_F_095,2024-01-19,86025.66138634417,0.15202756741790396,2.356403013081156,CT90,UT,0.0,120.0,60.0,1.5,2.081462818650981,0.8083967708917678
INSP_002595,String_F,String_F_096,2024-04-27,86025.66138634417,0.15561331369403858,2.356403013081156,CT90,MFL,0.0,120.0,60.0,1.5,2.29109063239616,0.7122673266713565
INSP_002596,String_F,String_F_097,2024-05-07,86025.66138634417,0.1502673987139314,2.356403013081156,CT90,MFL,0.0,120.0,60.0,1.5,2.5825553947673257,0.9027016099445551
INSP_002597,String_F,String_F_098,2024-04-24,86025.66138634417,0.15392017987181508,2.356403013081156,CT90,MFL,0.7511484003923427,120.0,60.0,1.5,2.5891212633491607,0.7252745831768771
INSP_002598,String_F,String_F_099,2024-05-11,86025.66138634417,0.15273948505316412,2.356403013081156,CT90,UT,0.0,120.0,60.0,1.5,1.5705333930526584,0.7132964796955343
INSP_002599,String_F,String_F_100,2024-01-20,86025.66138634417,0.15209069958575222,2.356403013081156,CT90,UT,0.0,120.0,60.0,1.5,5.057267946760789,0.8804541086259173
INSP_002600,String_F,String_F_101,2024-01-18,86025.66138634417,0.1535883024549951,2.356403013081156,CT90,UT,1.9379011249939078,120.0,60.0,1.5,1.7077593083282787,0.9007965765297485
INSP_002601,String_F,String_F_102,2024-04-22,86025.66138634417,0.1540230773622011,2.356403013081156,CT90,MFL,0.0,120.0,60.0,1.5,4.748914832056594,0.8321655438060419
INSP_002602,String_F,String_F_103,2024-05-31,86025.66138634417,0.14974840659787642,2.356403013081156,CT90,MFL,1.0179816723016133,120.0,60.0,1.5,2.766586593332599,0.841848018390515
INSP_002603,String_F,String_F_104,2024-05-14,86025.66138634417,0.15074200786271533,2.356403013081156,CT90,MFL,0.0,120.0,60.0,1.5,2.6245992255265542,0.859096782109015
INSP_002604,String_F,String_F_105,2024-05-28,86025.66138634417,0.15407923193163023,2.356403013081156,CT90,MFL,0.0,120.0,60.0,1.5,1.2352540223249324,0.8800781908555245
INSP_002605,String_F,String_F_106,2024-01-01,86025.66138634417,0.15379408450816506,2.356403013081156,CT90,MFL,0.0,120.0,60.0,1.5,1.2354212911197093,0.8847307989262889
INSP_002606,String_F,String_F_107,2024-02-26,86025.66138634417,0.15562534697492125,2.356403013081156,CT90,UT,0.0,120.0,60.0,1.5,3.359771804094194,0.8258377542668941
INSP_002607,String_F,String_F_108,2024-04-20,86025.66138634417,0.15437251384466513,2.356403013081156,CT90,MFL,0.041142114242776764,120.0,60.0,1.5,4.563014962105117,0.7864590629349651
INSP_002608,String_F,String_F_109,2024-04-28,86025.66138634417,0.15553200129006564,2.356403013081156,CT90,MFL,0.624234568489102,120.0,60.0,1.5,0.936429820252946,0.7829812778012263
INSP_002609,String_F,String_F_110,2024-04-18,86025.66138634417,0.15401503155960766,2.356403013081156,CT90,MFL,1.8868430191752035,120.0,60.0,1.5,2.5996642976553788,0.8361035378902003
INSP_002610,String_F,String_F_111,2024-04-14,86025.66138634417,0.15154316658266306,2.356403013081156,CT90,UT,0.2787577304156087,120.0,60.0,1.5,1.3692075859805617,0.7639557686593481
INSP_002611,String_F,String_F_112,2024-04-13,86025.66138634417,0.15036563694066263,2.356403013081156,CT90,UT,0.0,120.0,60.0,1.5,1.2365523600766193,0.720349084857611
INSP_002612,String_F,String_F_113,2024-03-02,86025.66138634417,0.15449953943969996,2.356403013081156,CT90,MFL,0.0,120.0,60.0,1.5,2.8631829483170605,0.9616998022266393
INSP_002613,String_F,String_F_114,2024-02-13,86025.66138634417,0.1536581971031556,2.356403013081156,CT90,MFL,0.0,120.0,60.0,1.5,3.7372431014792378,0.7466891740764449
INSP_002614,String_F,String_F_115,2024-03-12,86025.66138634417,0.15001621138946794,2.356403013081156,CT90,MFL,4.2025449011981575,120.0,60.0,1.5,2.1634179007443755,0.937001340203983
INSP_002615,String_F,String_F_116,2024-03-21,86025.66138634417,0.15192204360691364,2.356403013081156,CT90,UT,0.0,120.0,60.0,1.5,3.24847293768234,0.9118329594264043
INSP_002616,String_F,String_F_117,2024-06-06,86025.66138634417,0.15556883349714917,2.356403013081156,CT90,UT,1.901274543312027,120.0,60.0,1.5,1.6966477542252205,0.9145178101259646
INSP_002617,String_F,String_F_118,2024-02-16,86025.66138634417,0.15277973945622347,2.356403013081156,CT90,UT,0.0,120.0,60.0,1.5,1.818897736197133,0.9906534568736088
INSP_002618,String_F,String_F_119,2024-01-10,86025.66138634417,0.1523661896116136,2.356403013081156,CT90,MFL,0.0,120.0,60.0,1.5,3.3534903099246116,0.8251910341760468
INSP_002619,String_F,String_F_120,2024-06-24,86025.66138634417,0.15251878643384104,2.356403013081156,CT90,MFL,0.0,120.0,60.0,1.5,2.873258118042685,0.8196087620402932
INSP_002620,String_F,String_F_121,2024-04-28,86025.66138634417,0.15099824370120726,2.356403013081156,CT90,EMAT,0.0,120.0,60.0,1.5,1.5775557895081915,0.8753469363525701
INSP_002621,String_F,String_F_122,2024-01-08,86025.66138634417,0.15197494552321542,2.356403013081156,CT90,MFL,0.0,120.0,60.0,1.5,4.505619426126486,0.9049589521418032
INSP_002622,String_F,String_F_123,2024-01-29,86025.66138634417,0.151981704910628,2.356403013081156,CT90,UT,0.0,120.0,60.0,1.5,3.993787615513625,0.8569844156832588
INSP_002623,String_F,String_F_124,2024-06-05,86025.66138634417,0.15004168857764874,2.356403013081156,CT90,UT,0.0,120.0,60.0,1.5,2.813700947613862,0.8845940174723235
INSP_002624,String_F,String_F_125,2024-01-31,86025.66138634417,0.15441241828393112,2.356403013081156,CT90,UT,0.0,120.0,60.0,1.5,3.358401384514008,0.92895233956113
INSP_002625,String_F,String_F_126,2024-04-29,86025.66138634417,0.15226703895986515,2.356403013081156,CT90,MFL,0.0,120.0,60.0,1.5,3.6024353638494797,0.8202383173267358
INSP_002626,String_F,String_F_127,2024-03-03,86025.66138634417,0.15474615879254666,2.356403013081156,CT90,MFL,0.10799099750283578,120.0,60.0,1.5,2.356672989696001,0.7855267997471187
INSP_002627,String_F,String_F_128,2024-01-26,86025.66138634417,0.15491829671702134,2.356403013081156,CT90,UT,0.0,120.0,60.0,1.5,2.1221373854375205,0.7903424334670909
INSP_002628,String_F,String_F_129,2024-04-25,86025.66138634417,0.15101725732782645,2.356403013081156,CT90,UT,0.0,120.0,60.0,1.5,0.6442369430240841,0.9490554123940584
INSP_002629,String_F,String_F_130,2024-05-06,86025.66138634417,0.15373888954872142,2.356403013081156,CT90,UT,0.0,120.0,60.0,1.5,2.836860642845428,0.9420763150430735
INSP_002630,String_F,String_F_131,2024-03-27,86025.66138634417,0.15260789958652596,2.356403013081156,CT90,MFL,0.0,120.0,60.0,1.5,2.1081724099656665,0.7549571020678416
INSP_002631,String_F,String_F_132,2024-02-03,86025.66138634417,0.155100460635733,2.356403013081156,CT90,MFL,0.0,120.0,60.0,1.5,1.7270830721440178,0.7752473212959204
INSP_002632,String_F,String_F_133,2024-02-22,86025.66138634417,0.15104015329290404,2.356403013081156,CT90,MFL,0.0,120.0,60.0,1.5,4.124370095188094,0.7737063052558679
INSP_002633,String_F,String_F_134,2024-06-11,86025.66138634417,0.15386392075876265,2.356403013081156,CT90,EMAT,0.0,120.0,60.0,1.5,3.206657878384688,0.9299165543740556
INSP_002634,String_F,String_F_135,2024-05-31,86025.66138634417,0.15343577109871384,2.356403013081156,CT90,UT,0.0,120.0,60.0,1.5,1.360154478415393,0.8167956239575533
INSP_002635,String_F,String_F_136,2024-06-24,86025.66138634417,0.15152635661336,2.356403013081156,CT90,UT,0.0,120.0,60.0,1.5,3.167793412685731,0.8513710734954646
INSP_002636,String_F,String_F_137,2024-04-16,86025.66138634417,0.1505565228817396,2.356403013081156,CT90,MFL,0.0,120.0,60.0,1.5,3.3335534446188535,0.8492286010476526
INSP_002637,String_F,String_F_138,2024-01-07,86025.66138634417,0.15370397247253248,2.356403013081156,CT90,EMAT,0.0,120.0,60.0,1.5,2.266737449989179,0.9661092906512067
INSP_002638,String_F,String_F_139,2024-05-26,86025.66138634417,0.15423537892133388,2.356403013081156,CT90,MFL,0.016964754681029873,120.0,60.0,1.5,0.8599981865383346,0.8207321708023476
INSP_002639,String_F,String_F_140,2024-01-07,86025.66138634417,0.15165056984189432,2.356403013081156,CT90,MFL,0.0,120.0,60.0,1.5,3.1176473183310067,0.8388606269612778
INSP_002640,String_F,String_F_141,2024-06-15,86025.66138634417,0.1536623733164403,2.356403013081156,CT90,UT,0.0,120.0,60.0,1.5,2.4052307883136894,0.963593348674554
INSP_002641,String_F,String_F_142,2024-06-06,86025.66138634417,0.15213642339679403,2.356403013081156,CT90,MFL,0.0,120.0,60.0,1.5,2.075392508600238,0.8017478173203413
INSP_002642,String_F,String_F_143,2024-01-22,86025.66138634417,0.1540802147946635,2.356403013081156,CT90,UT,0.0,120.0,60.0,1.5,4.239434864548893,0.828725766059747
INSP_002643,String_F,String_F_144,2024-03-15,86025.66138634417,0.15093916503491736,2.356403013081156,CT90,MFL,0.0,120.0,60.0,1.5,2.383853507326998,0.9184063383341282
INSP_002644,String_F,String_F_145,2024-02-18,86025.66138634417,0.15516192761194414,2.356403013081156,CT90,MFL,0.0,120.0,60.0,1.5,1.9666967496126284,0.7784194175804311
INSP_002645,String_F,String_F_146,2024-02-04,86025.66138634417,0.15147812860564902,2.356403013081156,CT90,MFL,0.0,120.0,60.0,1.5,2.015559466526186,0.7272257335406821
INSP_002646,String_F,String_F_147,2024-02-21,86025.66138634417,0.15196931608893116,2.356403013081156,CT90,EMAT,0.0,120.0,60.0,1.5,1.6980063556549316,0.7574920783550484
INSP_002647,String_F,String_F_148,2024-04-09,86025.66138634417,0.15007674749349426,2.356403013081156,CT90,MFL,0.11525219061463989,120.0,60.0,1.5,4.020843160358707,0.9854572832831345
INSP_002648,String_F,String_F_149,2024-02-02,86025.66138634417,0.15040320359288742,2.356403013081156,CT90,MFL,0.0,120.0,60.0,1.5,2.798498050617196,0.8218720103681165
INSP_002649,String_F,String_F_150,2024-06-23,86025.66138634417,0.15287422155724315,2.356403013081156,CT90,UT,1.1314011923158633,120.0,60.0,1.5,3.030143469381691,0.9851503840377998
INSP_002650,String_F,String_F_151,2024-06-01,86025.66138634417,0.15135702559547368,2.356403013081156,CT90,MFL,0.0,120.0,60.0,1.5,3.7984534756308244,0.9220435355477523
INSP_002651,String_F,String_F_152,2024-01-28,86025.66138634417,0.15482743838097868,2.356403013081156,CT90,EMAT,0.6209061034242321,120.0,60.0,1.5,2.094858058941299,0.7798876373614456
INSP_002652,String_F,String_F_153,2024-06-27,86025.66138634417,0.14981153490053378,2.356403013081156,CT90,MFL,0.0,120.0,60.0,1.5,3.071577496392668,0.7755191499309013
INSP_002653,String_F,String_F_154,2024-01-14,86025.66138634417,0.15203842068410942,2.356403013081156,CT90,UT,0.0,120.0,60.0,1.5,3.3553809828814174,0.8227030670757394
INSP_002654,String_F,String_F_155,2024-04-16,86025.66138634417,0.15178329176812808,2.356403013081156,CT90,MFL,0.501223546661189,120.0,60.0,1.5,2.6485090222893444,0.9359054373355593
INSP_002655,String_F,String_F_156,2024-02-18,86025.66138634417,0.14983985517913,2.356403013081156,CT90,EMAT,0.0,120.0,60.0,1.5,4.792574956879128,0.9515586935439789
INSP_002656,String_F,String_F_157,2024-01-01,86025.66138634417,0.1504817689262917,2.356403013081156,CT90,UT,0.0,120.0,60.0,1.5,2.1354164045518886,0.8237808317225402
INSP_002657,String_F,String_F_158,2024-03-23,86025.66138634417,0.15224955050101824,2.356403013081156,CT90,MFL,0.0,120.0,60.0,1.5,1.7028902344692132,0.905876911853756
INSP_002658,String_F,String_F_159,2024-01-06,86025.66138634417,0.15273368284059527,2.356403013081156,CT90,UT,0.8457056734019757,120.0,60.0,1.5,3.202627474156609,0.8064750994694599
INSP_002659,String_F,String_F_160,2024-06-05,86025.66138634417,0.15219239390407827,2.356403013081156,CT90,MFL,0.0,120.0,60.0,1.5,2.143695937964492,0.975247026453603
INSP_002660,String_F,String_F_161,2024-04-11,86025.66138634417,0.1529663510022903,2.356403013081156,CT90,MFL,0.0,120.0,60.0,1.5,1.5724053979857144,0.9456507677819792
INSP_002661,String_F,String_F_162,2024-01-19,86025.66138634417,0.1533586463899436,2.356403013081156,CT90,MFL,0.0,120.0,60.0,1.5,2.368736462511547,0.7384625618525539
INSP_002662,String_F,String_F_163,2024-02-03,86025.66138634417,0.14978238763686127,2.356403013081156,CT90,MFL,0.0,120.0,60.0,1.5,2.199171123249992,0.7815657557537492
INSP_002663,String_F,String_F_164,2024-03-28,86025.66138634417,0.1525578702514587,2.356403013081156,CT90,EMAT,0.0,120.0,60.0,1.5,1.4127401612963066,0.982670457559736
INSP_002664,String_F,String_F_165,2024-01-09,86025.66138634417,0.155609774298925,2.356403013081156,CT90,UT,0.0,120.0,60.0,1.5,1.44691745478111,0.9022499284989807
INSP_002665,String_F,String_F_166,2024-02-24,86025.66138634417,0.15289359602379501,2.356403013081156,CT90,UT,0.4592342268007736,120.0,60.0,1.5,4.719824793177727,0.9188936547425741
INSP_002666,String_F,String_F_167,2024-06-25,86025.66138634417,0.15386226506331363,2.356403013081156,CT90,MFL,0.0,120.0,60.0,1.5,1.4906383651094126,0.9276740842768704
INSP_002667,String_F,String_F_168,2024-01-02,86025.66138634417,0.15162757083544962,2.356403013081156,CT90,UT,1.0423844278864483,120.0,60.0,1.5,3.2243670458882328,0.9777019926095405
INSP_002668,String_F,String_F_169,2024-04-28,86025.66138634417,0.15445167440585586,2.356403013081156,CT90,UT,0.0,120.0,60.0,1.5,2.1307700268570096,0.9075318868446884
INSP_002669,String_F,String_F_170,2024-06-11,86025.66138634417,0.1544451361717916,2.356403013081156,CT90,MFL,0.0,120.0,60.0,1.5,2.8271810471389514,0.8886266279675168
INSP_002670,String_F,String_F_171,2024-01-16,86025.66138634417,0.15290743011431943,2.356403013081156,CT90,UT,0.0,120.0,60.0,1.5,1.6942681479454416,0.9976057563526539
INSP_002671,String_F,String_F_172,2024-04-12,86025.66138634417,0.15568625205726386,2.356403013081156,CT90,MFL,0.30591640255592484,120.0,60.0,1.5,2.3244217300392926,0.9325396555859339
INSP_002672,String_F,String_F_173,2024-03-27,86025.66138634417,0.15048899111057482,2.356403013081156,CT90,UT,0.4277044830144964,120.0,60.0,1.5,2.2713293247023354,0.8314311893280681
INSP_002673,String_F,String_F_174,2024-06-10,86025.66138634417,0.14982531098891655,2.356403013081156,CT90,UT,0.0,120.0,60.0,1.5,1.3138517291512992,0.8135633645735941
INSP_002674,String_F,String_F_175,2024-01-11,86025.66138634417,0.1544282495751978,2.356403013081156,CT90,MFL,0.6655011171275607,120.0,60.0,1.5,2.3993038404455933,0.7904463058463952
INSP_002675,String_F,String_F_176,2024-06-08,86025.66138634417,0.15465434361800898,2.356403013081156,CT90,UT,0.5891214692015087,120.0,60.0,1.5,2.303595745194954,0.9968437419865556
INSP_002676,String_F,String_F_177,2024-04-29,86025.66138634417,0.15045633963632216,2.356403013081156,CT90,MFL,0.0,120.0,60.0,1.5,1.9109007995322687,0.7915994608323351
INSP_002677,String_F,String_F_178,2024-01-09,86025.66138634417,0.15134474325625671,2.356403013081156,CT90,MFL,0.10096256505769863,120.0,60.0,1.5,2.0751335574002505,0.8573984068677923
INSP_002678,String_F,String_F_179,2024-02-07,86025.66138634417,0.14982900635665225,2.356403013081156,CT90,MFL,0.0,120.0,60.0,1.5,2.1115567303740015,0.901964634432234
INSP_002679,String_F,String_F_180,2024-04-14,86025.66138634417,0.15151417802200995,2.356403013081156,CT90,UT,0.14988654730205053,120.0,60.0,1.5,1.3866704359317408,0.7081666476909413
INSP_002680,String_F,String_F_181,2024-02-27,86025.66138634417,0.1544464830077341,2.356403013081156,CT90,EMAT,0.46229028520897947,120.0,60.0,1.5,2.7929579922730454,0.9939259777172295
INSP_002681,String_F,String_F_182,2024-05-26,86025.66138634417,0.15288704644668735,2.356403013081156,CT90,EMAT,0.0,120.0,60.0,1.5,1.8993804356379187,0.952039878107934
INSP_002682,String_F,String_F_183,2024-01-11,86025.66138634417,0.15184898628552557,2.356403013081156,CT90,EMAT,0.0,120.0,60.0,1.5,1.965860563786543,0.7702797991637427
INSP_002683,String_F,String_F_184,2024-01-05,86025.66138634417,0.15199347511073544,2.356403013081156,CT90,MFL,0.0,120.0,60.0,1.5,3.767680534275586,0.9067860388576334
INSP_002684,String_F,String_F_185,2024-03-25,86025.66138634417,0.14973001438834582,2.356403013081156,CT90,MFL,0.0,120.0,60.0,1.5,3.0230910480690047,0.7744480535625523
INSP_002685,String_F,String_F_186,2024-03-30,86025.66138634417,0.151553850719626,2.356403013081156,CT90,MFL,0.0,120.0,60.0,1.5,3.714089013736528,0.8498876444964198
INSP_002686,String_F,String_F_187,2024-02-28,86025.66138634417,0.15367231079223462,2.356403013081156,CT90,EMAT,0.0,120.0,60.0,1.5,2.9052403540113874,0.9047855744920801
INSP_002687,String_F,String_F_188,2024-04-02,86025.66138634417,0.1556751336628554,2.356403013081156,CT90,EMAT,0.0,120.0,60.0,1.5,3.464419231167717,0.8263679621846207
INSP_002688,String_F,String_F_189,2024-05-06,86025.66138634417,0.15489820849503175,2.356403013081156,CT90,EMAT,1.269768195758216,120.0,60.0,1.5,2.5282162687547256,0.7945385845121072
INSP_002689,String_F,String_F_190,2024-03-14,86025.66138634417,0.14986593324609085,2.356403013081156,CT90,MFL,0.0,120.0,60.0,1.5,2.117624970356981,0.7987020598833682
INSP_002690,String_F,String_F_191,2024-02-04,86025.66138634417,0.15521292834979797,2.356403013081156,CT90,MFL,0.0,120.0,60.0,1.5,1.3049999235042526,0.9401068804396417
INSP_002691,String_F,String_F_192,2024-04-30,86025.66138634417,0.15450793944026672,2.356403013081156,CT90,UT,0.46687188522497763,120.0,60.0,1.5,1.563631387129288,0.9000932967024
INSP_002692,String_F,String_F_193,2024-05-21,86025.66138634417,0.1544906921694431,2.356403013081156,CT90,EMAT,0.0,120.0,60.0,1.5,1.8319071952117298,0.8330576559905707
INSP_002693,String_F,String_F_194,2024-05-09,86025.66138634417,0.1525205962570876,2.356403013081156,CT90,EMAT,0.0,120.0,60.0,1.5,0.8874581151681785,0.9013575773631148
INSP_002694,String_F,String_F_195,2024-05-27,86025.66138634417,0.15215398902869093,2.356403013081156,CT90,UT,0.0,120.0,60.0,1.5,1.8524137013436428,0.7177702452985861
INSP_002695,String_F,String_F_196,2024-04-18,86025.66138634417,0.15157288799967994,2.356403013081156,CT90,UT,0.0,120.0,60.0,1.5,3.0237797039797876,0.7577859184692916
INSP_002696,String_F,String_F_197,2024-06-18,86025.66138634417,0.15012320955322492,2.356403013081156,CT90,MFL,0.6586304501628952,120.0,60.0,1.5,1.2519340650171757,0.9784468823557242
INSP_002697,String_F,String_F_198,2024-05-21,86025.66138634417,0.15111650945228927,2.356403013081156,CT90,MFL,0.0,120.0,60.0,1.5,1.4859498847359351,0.8729883287691368
INSP_002698,String_F,String_F_199,2024-05-19,86025.66138634417,0.15122875964040747,2.356403013081156,CT90,UT,0.0,120.0,60.0,1.5,3.873959855449931,0.8676798806988201
INSP_002699,String_F,String_F_200,2024-06-06,86025.66138634417,0.15267998153379625,2.356403013081156,CT90,EMAT,0.0,120.0,60.0,1.5,1.0510907509855671,0.9004916498265041
INSP_002700,String_F,String_F_201,2024-04-05,86025.66138634417,0.15428944343307868,2.356403013081156,CT90,EMAT,0.5836917560920232,120.0,60.0,1.5,4.517340708198247,0.7527366880825392
INSP_002701,String_F,String_F_202,2024-02-02,86025.66138634417,0.15261723748247172,2.356403013081156,CT90,MFL,0.0,120.0,60.0,1.5,2.567549722109818,0.9515544359321662
INSP_002702,String_F,String_F_203,2024-05-18,86025.66138634417,0.15007523498225123,2.356403013081156,CT90,UT,0.0,120.0,60.0,1.5,1.2535378320791573,0.8622903757994045
INSP_002703,String_F,String_F_204,2024-04-18,86025.66138634417,0.1555748833891678,2.356403013081156,CT90,MFL,0.0,120.0,60.0,1.5,2.9649530503689348,0.8312020756012887
INSP_002704,String_F,String_F_205,2024-03-09,86025.66138634417,0.1554828168505092,2.356403013081156,CT90,MFL,1.4242546156055318,120.0,60.0,1.5,1.1235349892447817,0.8876299145856659
INSP_002705,String_F,String_F_206,2024-02-16,86025.66138634417,0.1545201074170084,2.356403013081156,CT90,MFL,0.0,120.0,60.0,1.5,1.6143977439032318,0.9868258822250826
INSP_002706,String_F,String_F_207,2024-04-17,86025.66138634417,0.15577983779121904,2.356403013081156,CT90,MFL,0.0,120.0,60.0,1.5,2.4724310824529256,0.7887958926533631
INSP_002707,String_F,String_F_208,2024-06-11,86025.66138634417,0.15304912362487297,2.356403013081156,CT90,EMAT,0.0,120.0,60.0,1.5,1.261820178235178,0.9152791020127986
INSP_002708,String_F,String_F_209,2024-02-21,86025.66138634417,0.15560530775936665,2.356403013081156,CT90,EMAT,0.0,120.0,60.0,1.5,3.9912062894990976,0.8355785506579396
INSP_002709,String_F,String_F_210,2024-06-18,86025.66138634417,0.15018377158035073,2.356403013081156,CT90,MFL,0.0,120.0,60.0,1.5,2.130198586187539,0.8397173396922011
INSP_002710,String_F,String_F_211,2024-01-25,86025.66138634417,0.1519564507777055,2.356403013081156,CT90,MFL,0.23359201906290314,120.0,60.0,1.5,2.4769632807727007,0.7673130137844985
INSP_002711,String_F,String_F_212,2024-06-27,86025.66138634417,0.15109906781355975,2.356403013081156,CT90,MFL,0.0,120.0,60.0,1.5,1.7307337855048468,0.8970246493503187
INSP_002712,String_F,String_F_213,2024-06-08,86025.66138634417,0.15091849615764377,2.356403013081156,CT90,MFL,0.9327462021207311,120.0,60.0,1.5,2.8526414528082156,0.9703367487061911
INSP_002713,String_F,String_F_214,2024-04-02,86025.66138634417,0.1505822019647846,2.356403013081156,CT90,MFL,0.0,120.0,60.0,1.5,2.236657481222968,0.776896703078909
INSP_002714,String_F,String_F_215,2024-01-20,86025.66138634417,0.1535253689850701,2.356403013081156,CT90,MFL,0.0,120.0,60.0,1.5,1.7735782066753434,0.8507428517764891
INSP_002715,String_F,String_F_216,2024-04-24,86025.66138634417,0.15449647162532673,2.356403013081156,CT90,UT,0.0,120.0,60.0,1.5,1.5004072432425957,0.996510132916929
INSP_002716,String_F,String_F_217,2024-06-12,86025.66138634417,0.15325577670285925,2.356403013081156,CT90,MFL,0.0,120.0,60.0,1.5,2.6628881634957846,0.7441823796354253
INSP_002717,String_F,String_F_218,2024-01-21,86025.66138634417,0.1506198448261408,2.356403013081156,CT90,UT,1.5639697965592216,120.0,60.0,1.5,3.1115685014587946,0.7141830793203923
INSP_002718,String_F,String_F_219,2024-05-20,86025.66138634417,0.1546785938504111,2.356403013081156,CT90,MFL,0.0,120.0,60.0,1.5,1.2637674972019102,0.7118239623970536
INSP_002719,String_F,String_F_220,2024-06-23,86025.66138634417,0.15360811967622592,2.356403013081156,CT90,UT,0.0,120.0,60.0,1.5,2.557232775302,0.7012585262478066
INSP_002720,String_F,String_F_221,2024-06-04,86025.66138634417,0.15209385841306194,2.356403013081156,CT90,MFL,0.0,120.0,60.0,1.5,3.119045205901446,0.8128256037674357
INSP_002721,String_F,String_F_222,2024-02-12,86025.66138634417,0.15384141419062672,2.356403013081156,CT90,MFL,0.0,120.0,60.0,1.5,4.636096499892967,0.9517957712045313
INSP_002722,String_F,String_F_223,2024-01-24,86025.66138634417,0.15131004537255838,2.356403013081156,CT90,MFL,0.0,120.0,60.0,1.5,2.9840697708321104,0.7775976555726025
INSP_002723,String_F,String_F_224,2024-01-16,86025.66138634417,0.1518312434360624,2.356403013081156,CT90,MFL,0.0,120.0,60.0,1.5,3.1936149747382845,0.9360319844966081
INSP_002724,String_F,String_F_225,2024-01-19,86025.66138634417,0.15532858221406112,2.356403013081156,CT90,MFL,0.0,120.0,60.0,1.5,3.324566218976809,0.8826253562205264
INSP_002725,String_F,String_F_226,2024-04-24,86025.66138634417,0.15149704187905425,2.356403013081156,CT90,EMAT,0.0,120.0,60.0,1.5,1.4756037255093606,0.8048327081908367
INSP_002726,String_F,String_F_227,2024-06-07,86025.66138634417,0.15259388357809306,2.356403013081156,CT90,MFL,0.2931199729745687,120.0,60.0,1.5,1.1944761461870257,0.9238972444583747
INSP_002727,String_F,String_F_228,2024-01-08,86025.66138634417,0.15516147621470133,2.356403013081156,CT90,MFL,1.3402044435597313,120.0,60.0,1.5,1.3233552514479126,0.7432879903502045
INSP_002728,String_F,String_F_229,2024-05-30,86025.66138634417,0.15404669220036832,2.356403013081156,CT90,MFL,0.0,120.0,60.0,1.5,1.7168401498731034,0.9261248068716189
INSP_002729,String_F,String_F_230,2024-05-06,86025.66138634417,0.15010187186569052,2.356403013081156,CT90,UT,0.0,120.0,60.0,1.5,3.2527009268341915,0.9009609887724161
INSP_002730,String_F,String_F_231,2024-02-22,86025.66138634417,0.1506219246425837,2.356403013081156,CT90,MFL,0.0,120.0,60.0,1.5,1.6091568138649035,0.7627272294159936
INSP_002731,String_F,String_F_232,2024-06-27,86025.66138634417,0.14976966293658903,2.356403013081156,CT90,MFL,0.0,120.0,60.0,1.5,1.2799354012091717,0.8413863337602474
INSP_002732,String_F,String_F_233,2024-03-15,86025.66138634417,0.15357736306022263,2.356403013081156,CT90,MFL,0.0,120.0,60.0,1.5,1.7007260158551596,0.9522776476959591
INSP_002733,String_F,String_F_234,2024-01-22,86025.66138634417,0.15245751553179243,2.356403013081156,CT90,UT,0.0,120.0,60.0,1.5,3.37879851634633,0.9108848098359175
INSP_002734,String_F,String_F_235,2024-06-27,86025.66138634417,0.15054230816050904,2.356403013081156,CT90,UT,0.0,120.0,60.0,1.5,2.8923518715855048,0.7136418380286929
INSP_002735,String_F,String_F_236,2024-02-07,86025.66138634417,0.15557576534231507,2.356403013081156,CT90,EMAT,0.0,120.0,60.0,1.5,3.1029178067776146,0.9525328479372889
INSP_002736,String_F,String_F_237,2024-03-24,86025.66138634417,0.15295854130558637,2.356403013081156,CT90,MFL,0.0,120.0,60.0,1.5,2.7235756962374116,0.8154848973962585
INSP_002737,String_F,String_F_238,2024-03-24,86025.66138634417,0.15119997431628682,2.356403013081156,CT90,MFL,0.0,120.0,60.0,1.5,1.8702535677679628,0.9802421718663614
INSP_002738,String_F,String_F_239,2024-01-24,86025.66138634417,0.152780976496641,2.356403013081156,CT90,MFL,1.30153723894101,120.0,60.0,1.5,1.3699041532657423,0.8003403347174345
INSP_002739,String_F,String_F_240,2024-02-01,86025.66138634417,0.15387496431040226,2.356403013081156,CT90,EMAT,1.3192589037222597,120.0,60.0,1.5,4.8692801577821525,0.8310382574721199
INSP_002740,String_F,String_F_241,2024-02-07,86025.66138634417,0.1501876470962186,2.356403013081156,CT90,MFL,0.0,120.0,60.0,1.5,3.9693582905058733,0.8818473308350402
INSP_002741,String_F,String_F_242,2024-02-07,86025.66138634417,0.15140048241256324,2.356403013081156,CT90,MFL,0.0,120.0,60.0,1.5,1.3093474965570442,0.8116014079434828
INSP_002742,String_F,String_F_243,2024-05-22,86025.66138634417,0.15465318222657104,2.356403013081156,CT90,UT,0.43443339185130436,120.0,60.0,1.5,1.5547197155165458,0.7809229210376211
INSP_002743,String_F,String_F_244,2024-05-17,86025.66138634417,0.15253079634960576,2.356403013081156,CT90,UT,1.2306270107316666,120.0,60.0,1.5,1.6248340095600278,0.7711486569559084
INSP_002744,String_F,String_F_245,2024-01-25,86025.66138634417,0.15306192519580836,2.356403013081156,CT90,MFL,0.0,120.0,60.0,1.5,0.0,0.9870336736239436
INSP_002745,String_F,String_F_246,2024-06-21,86025.66138634417,0.1523667204588493,2.356403013081156,CT90,MFL,0.0,120.0,60.0,1.5,0.0,0.7958718929955146
INSP_002746,String_F,String_F_247,2024-06-23,86025.66138634417,0.1499900188249597,2.356403013081156,CT90,EMAT,0.6743765062172085,120.0,60.0,1.5,0.0,0.8024272185318062
INSP_002747,String_F,String_F_248,2024-02-18,86025.66138634417,0.15073465433173447,2.356403013081156,CT90,MFL,0.0,120.0,60.0,1.5,0.0,0.9729258743255217
INSP_002748,String_F,String_F_249,2024-06-23,86025.66138634417,0.1524444879883584,2.356403013081156,CT90,EMAT,0.0,120.0,60.0,1.5,0.0,0.9955947683564126
INSP_002749,String_F,String_F_250,2024-05-20,86025.66138634417,0.15100009378162668,2.356403013081156,CT90,MFL,0.0,120.0,60.0,1.5,0.0,0.795951549516424
INSP_002750,String_F,String_F_251,2024-05-21,86025.66138634417,0.1500271686759699,2.356403013081156,CT90,EMAT,0.08495452824621869,120.0,60.0,1.5,0.0,0.7988910184260533
INSP_002751,String_F,String_F_252,2024-05-26,86025.66138634417,0.15487736256616172,2.356403013081156,CT90,MFL,0.0,120.0,60.0,1.5,0.0,0.855253772906725
INSP_002752,String_F,String_F_253,2024-02-21,86025.66138634417,0.15571789960288537,2.356403013081156,CT90,MFL,0.0,120.0,60.0,1.5,0.0,0.7667120633184142
INSP_002753,String_F,String_F_254,2024-02-11,86025.66138634417,0.15456871094971714,2.356403013081156,CT90,UT,0.0,120.0,60.0,1.5,0.0,0.8830803006697935
INSP_002754,String_F,String_F_255,2024-02-08,86025.66138634417,0.15493930005326437,2.356403013081156,CT90,UT,0.0,120.0,60.0,1.5,0.0,0.9841490164648103
INSP_002755,String_F,String_F_256,2024-05-05,86025.66138634417,0.15120048664700317,2.356403013081156,CT90,EMAT,0.0,120.0,60.0,1.5,0.0,0.7256900277151317
INSP_002756,String_F,String_F_257,2024-06-08,86025.66138634417,0.1555922216223503,2.356403013081156,CT90,MFL,0.0,120.0,60.0,1.5,0.0,0.8894457903533384
INSP_002757,String_F,String_F_258,2024-01-12,86025.66138634417,0.15092517326041155,2.356403013081156,CT90,MFL,0.0,120.0,60.0,1.5,0.0,0.7009609756527388
INSP_002758,String_F,String_F_259,2024-05-28,86025.66138634417,0.15553601690437907,2.356403013081156,CT90,UT,1.5387708202971986,120.0,60.0,1.5,0.0,0.8458880880316813
INSP_002759,String_F,String_F_260,2024-03-23,86025.66138634417,0.1558011740097208,2.356403013081156,CT90,UT,0.0,120.0,60.0,1.5,0.0,0.7838409538406756
INSP_002760,String_F,String_F_261,2024-05-30,86025.66138634417,0.1540711454610137,2.356403013081156,CT90,UT,0.0386361421509782,120.0,60.0,1.5,0.0,0.8654074378807703
INSP_002761,String_F,String_F_262,2024-04-11,86025.66138634417,0.15571760139767735,2.356403013081156,CT90,MFL,0.0,120.0,60.0,1.5,0.0,0.9982995398884906
INSP_002762,String_F,String_F_263,2024-01-01,86025.66138634417,0.15320225197534076,2.356403013081156,CT90,MFL,1.0487870645082202,120.0,60.0,1.5,0.0,0.7605486020528959
INSP_002763,String_F,String_F_264,2024-06-09,86025.66138634417,0.15130782584815453,2.356403013081156,CT90,UT,0.1789784518426339,120.0,60.0,1.5,0.0,0.9412453196308607
INSP_002764,String_F,String_F_265,2024-02-11,86025.66138634417,0.15239226410919582,2.356403013081156,CT90,MFL,0.0,120.0,60.0,1.5,0.0,0.7716533374265029
INSP_002765,String_F,String_F_266,2024-01-05,86025.66138634417,0.1533490474569395,2.356403013081156,CT90,MFL,0.0,120.0,60.0,1.5,0.0,0.7638318205342581
INSP_002766,String_F,String_F_267,2024-01-21,86025.66138634417,0.15016835037173829,2.356403013081156,CT90,UT,0.0,120.0,60.0,1.5,0.0,0.9823495959656128
INSP_002767,String_F,String_F_268,2024-05-14,86025.66138634417,0.15352493890509533,2.356403013081156,CT90,UT,0.0,120.0,60.0,1.5,0.0,0.9996291309916896
INSP_002768,String_F,String_F_269,2024-06-06,86025.66138634417,0.15571780981627323,2.356403013081156,CT90,MFL,0.0,120.0,60.0,1.5,0.0,0.750256436744129
INSP_002769,String_F,String_F_270,2024-01-13,86025.66138634417,0.15088350750433172,2.356403013081156,CT90,UT,0.0,120.0,60.0,1.5,0.0,0.7493867347747287
INSP_002770,String_F,String_F_271,2024-03-24,86025.66138634417,0.15456536355223022,2.356403013081156,CT90,MFL,0.0,120.0,60.0,1.5,0.0,0.7480330163951212
INSP_002771,String_F,String_F_272,2024-01-05,86025.66138634417,0.1552699948780551,2.356403013081156,CT90,EMAT,0.0,120.0,60.0,1.5,0.0,0.8839675457601642
INSP_002772,String_F,String_F_273,2024-01-13,86025.66138634417,0.15548878905969027,2.356403013081156,CT90,MFL,0.0,120.0,60.0,1.5,0.0,0.966538527952633
INSP_002773,String_F,String_F_274,2024-03-29,86025.66138634417,0.1555892188085402,2.356403013081156,CT90,MFL,0.0,120.0,60.0,1.5,0.0,0.8222801612904838
INSP_002774,String_F,String_F_275,2024-02-18,86025.66138634417,0.15290842983430386,2.356403013081156,CT90,MFL,0.0,120.0,60.0,1.5,0.0,0.9007654734449952
INSP_002775,String_F,String_F_276,2024-03-08,86025.66138634417,0.1556941603273762,2.356403013081156,CT90,UT,0.0,120.0,60.0,1.5,0.0,0.7986126152477702
INSP_002776,String_F,String_F_277,2024-01-11,86025.66138634417,0.15434973424309004,2.356403013081156,CT90,UT,1.3445393264580554,120.0,60.0,1.5,0.0,0.9901779235624033
INSP_002777,String_F,String_F_278,2024-05-04,86025.66138634417,0.1507097312008446,2.356403013081156,CT90,MFL,0.0,120.0,60.0,1.5,0.0,0.849720297161603
INSP_002778,String_F,String_F_279,2024-06-02,86025.66138634417,0.1526361224545821,2.356403013081156,CT90,EMAT,0.0,120.0,60.0,1.5,0.0,0.7850543143528885
INSP_002779,String_F,String_F_280,2024-01-15,86025.66138634417,0.15411152981260065,2.356403013081156,CT90,EMAT,0.0,120.0,60.0,1.5,0.0,0.8112019609665853
INSP_002780,String_F,String_F_281,2024-02-14,86025.66138634417,0.15123326156444875,2.356403013081156,CT90,EMAT,4.779772751163313,120.0,60.0,1.5,0.0,0.8331661506878685
INSP_002781,String_F,String_F_282,2024-05-19,86025.66138634417,0.15363660027394582,2.356403013081156,CT90,UT,0.18259563076964244,120.0,60.0,1.5,0.0,0.8521465701615796
INSP_002782,String_F,String_F_283,2024-04-26,86025.66138634417,0.15379539879292548,2.356403013081156,CT90,EMAT,0.263162946295216,120.0,60.0,1.5,0.0,0.7638447925310434
INSP_002783,String_F,String_F_284,2024-03-26,86025.66138634417,0.15071601528252612,2.356403013081156,CT90,MFL,0.0,120.0,60.0,1.5,0.0,0.7646613356394343
INSP_002784,String_F,String_F_285,2024-03-13,86025.66138634417,0.15317503031912894,2.356403013081156,CT90,MFL,0.0,120.0,60.0,1.5,0.0,0.8224342869882583
INSP_002785,String_F,String_F_286,2024-06-22,86025.66138634417,0.15443722493055684,2.356403013081156,CT90,MFL,0.0,120.0,60.0,1.5,0.0,0.847071761646427
INSP_002786,String_F,String_F_287,2024-05-27,86025.66138634417,0.15277053932298487,2.356403013081156,CT90,UT,0.0,120.0,60.0,1.5,0.0,0.728442267255537
INSP_002787,String_F,String_F_288,2024-05-05,86025.66138634417,0.1497957055120186,2.356403013081156,CT90,MFL,0.6790793436524835,120.0,60.0,1.5,0.0,0.8318798071850526
INSP_002788,String_F,String_F_289,2024-04-22,86025.66138634417,0.1497769771694646,2.356403013081156,CT90,EMAT,0.0,120.0,60.0,1.5,0.0,0.9897425011774814
INSP_002789,String_F,String_F_290,2024-06-02,86025.66138634417,0.15190358125429823,2.356403013081156,CT90,EMAT,0.39757159901745365,120.0,60.0,1.5,0.0,0.8779762890601464
INSP_002790,String_F,String_F_291,2024-06-22,86025.66138634417,0.15538179897585122,2.356403013081156,CT90,UT,0.0,120.0,60.0,1.5,0.0,0.9226538922575476
INSP_002791,String_F,String_F_292,2024-02-14,86025.66138634417,0.15111920698653566,2.356403013081156,CT90,MFL,0.8477976291699315,120.0,60.0,1.5,0.0,0.8789118264464562
INSP_002792,String_F,String_F_293,2024-06-11,86025.66138634417,0.15359839681783213,2.356403013081156,CT90,MFL,0.3517656570341976,120.0,60.0,1.5,0.0,0.825197794652698
INSP_002793,String_F,String_F_294,2024-04-07,86025.66138634417,0.1510788682280649,2.356403013081156,CT90,MFL,0.0,120.0,60.0,1.5,0.0,0.7661329479121892
INSP_002794,String_F,String_F_295,2024-03-15,86025.66138634417,0.1516874970039933,2.356403013081156,CT90,MFL,0.6580487146619134,120.0,60.0,1.5,0.0,0.882187175878251
INSP_002795,String_F,String_F_296,2024-05-16,86025.66138634417,0.15490420508069366,2.356403013081156,CT90,MFL,0.18213999085274762,120.0,60.0,1.5,0.0,0.8854566733442101
INSP_002796,String_F,String_F_297,2024-06-28,86025.66138634417,0.1541758812373516,2.356403013081156,CT90,MFL,0.0,120.0,60.0,1.5,0.0,0.7403923182754722
INSP_002797,String_F,String_F_298,2024-06-23,86025.66138634417,0.15030473597238567,2.356403013081156,CT90,MFL,0.0,120.0,60.0,1.5,0.0,0.8326066613910397
INSP_002798,String_F,String_F_299,2024-01-23,86025.66138634417,0.1523415795430808,2.356403013081156,CT90,MFL,4.235893814518151,120.0,60.0,1.5,0.0,0.9145803642194613
INSP_002799,String_F,String_F_300,2024-04-04,86025.66138634417,0.14990000135298787,2.356403013081156,CT90,UT,3.0789425124631293,120.0,60.0,1.5,0.0,0.9154760778073614
INSP_002800,String_F,String_F_301,2024-05-01,86025.66138634417,0.15266050595501868,2.356403013081156,CT90,UT,0.0,120.0,60.0,1.5,0.0,0.8235579306777523
INSP_002801,String_F,String_F_302,2024-03-10,86025.66138634417,0.15376993712965872,2.356403013081156,CT90,MFL,0.0,120.0,60.0,1.5,0.0,0.7383981988888204
INSP_002802,String_F,String_F_303,2024-02-17,86025.66138634417,0.1504459226359679,2.356403013081156,CT90,EMAT,0.0,120.0,60.0,1.5,0.0,0.8301932591882257
INSP_002803,String_F,String_F_304,2024-06-05,86025.66138634417,0.15148714455834617,2.356403013081156,CT90,EMAT,0.0,120.0,60.0,1.5,0.0,0.825111415590825
INSP_002804,String_F,String_F_305,2024-05-18,86025.66138634417,0.1521529582864531,2.356403013081156,CT90,MFL,0.7683316586973685,120.0,60.0,1.5,0.0,0.7234838410850566
INSP_002805,String_F,String_F_306,2024-02-04,86025.66138634417,0.15534108050553114,2.356403013081156,CT90,UT,0.0,120.0,60.0,1.5,0.0,0.9157210680723618
INSP_002806,String_F,String_F_307,2024-05-17,86025.66138634417,0.15579161456038068,2.356403013081156,CT90,MFL,0.0,120.0,60.0,1.5,0.0,0.9241164854245061
INSP_002807,String_F,String_F_308,2024-02-24,86025.66138634417,0.14999619931619054,2.356403013081156,CT90,EMAT,0.0,120.0,60.0,1.5,0.0,0.8419950958404309
INSP_002808,String_F,String_F_309,2024-03-08,86025.66138634417,0.15437233132618952,2.356403013081156,CT90,EMAT,0.7269366443450497,120.0,60.0,1.5,0.0,0.8846332606417123
INSP_002809,String_F,String_F_310,2024-01-22,86025.66138634417,0.15199338204795382,2.356403013081156,CT90,MFL,0.0,120.0,60.0,1.5,0.0,0.7940816918767158
INSP_002810,String_F,String_F_311,2024-04-24,86025.66138634417,0.1521200901518191,2.356403013081156,CT90,MFL,0.0,120.0,60.0,1.5,0.0,0.9386982978518696
INSP_002811,String_F,String_F_312,2024-06-18,86025.66138634417,0.15433112454071315,2.356403013081156,CT90,MFL,0.0,120.0,60.0,1.5,0.0,0.7096279286333365
INSP_002812,String_F,String_F_313,2024-05-04,86025.66138634417,0.1553343302396055,2.356403013081156,CT90,EMAT,0.0,120.0,60.0,1.5,0.0,0.7631428939347136
INSP_002813,String_F,String_F_314,2024-06-25,86025.66138634417,0.15553295392839137,2.356403013081156,CT90,UT,0.0,120.0,60.0,1.5,0.0,0.9643765331277965
INSP_002814,String_F,String_F_315,2024-01-08,86025.66138634417,0.1532485911996703,2.356403013081156,CT90,MFL,0.0,120.0,60.0,1.5,0.0,0.8832063033898887
INSP_002815,String_F,String_F_316,2024-05-13,86025.66138634417,0.15190414234618588,2.356403013081156,CT90,MFL,0.0,120.0,60.0,1.5,0.0,0.8487141056376465
INSP_002816,String_F,String_F_317,2024-03-25,86025.66138634417,0.15453452679845855,2.356403013081156,CT90,MFL,1.7568248708344374,120.0,60.0,1.5,0.0,0.7683907897286891
INSP_002817,String_F,String_F_318,2024-04-23,86025.66138634417,0.1512556346826578,2.356403013081156,CT90,MFL,0.07221682277990885,120.0,60.0,1.5,0.0,0.8702293730451762
INSP_002818,String_F,String_F_319,2024-03-12,86025.66138634417,0.15316885027237837,2.356403013081156,CT90,MFL,0.08863524329622961,120.0,60.0,1.5,0.0,0.7467842037723433
INSP_002819,String_F,String_F_320,2024-06-26,86025.66138634417,0.15191304805345235,2.356403013081156,CT90,MFL,0.0,120.0,60.0,1.5,0.0,0.8008163081550368
INSP_002820,String_F,String_F_321,2024-03-08,86025.66138634417,0.15373447484449324,2.356403013081156,CT90,MFL,1.1217918722075324,120.0,60.0,1.5,0.0,0.8227652015062343
INSP_002821,String_F,String_F_322,2024-03-06,86025.66138634417,0.15119084201588834,2.356403013081156,CT90,MFL,0.0,120.0,60.0,1.5,0.0,0.9486040397245975
INSP_002822,String_F,String_F_323,2024-03-01,86025.66138634417,0.15089258428382424,2.356403013081156,CT90,UT,0.7062826544909896,120.0,60.0,1.5,0.0,0.7488626375905462
INSP_002823,String_F,String_F_324,2024-01-24,86025.66138634417,0.1553331853542925,2.356403013081156,CT90,MFL,0.0,120.0,60.0,1.5,0.0,0.709750765128539
INSP_002824,String_F,String_F_325,2024-06-24,86025.66138634417,0.15034387388136508,2.356403013081156,CT90,MFL,0.4681857380670869,120.0,60.0,1.5,0.0,0.7113246084192093
INSP_002825,String_F,String_F_326,2024-02-05,86025.66138634417,0.15281369733751549,2.356403013081156,CT90,MFL,0.0,120.0,60.0,1.5,0.0,0.9128980725719779
INSP_002826,String_F,String_F_327,2024-01-30,86025.66138634417,0.15107139382700713,2.356403013081156,CT90,EMAT,0.756849283707499,120.0,60.0,1.5,0.0,0.7641257449893433
INSP_002827,String_F,String_F_328,2024-04-25,86025.66138634417,0.14995964682649535,2.356403013081156,CT90,MFL,0.34434553542708557,120.0,60.0,1.5,0.0,0.8292507135681297
INSP_002828,String_F,String_F_329,2024-01-11,86025.66138634417,0.149941856552761,2.356403013081156,CT90,MFL,0.0,120.0,60.0,1.5,0.0,0.9063420996755348
INSP_002829,String_F,String_F_330,2024-04-18,86025.66138634417,0.15079253854347577,2.356403013081156,CT90,MFL,0.0,120.0,60.0,1.5,0.0,0.7170276569831071
INSP_002830,String_F,String_F_331,2024-06-19,86025.66138634417,0.1550186552215495,2.356403013081156,CT90,MFL,1.823175929951207,120.0,60.0,1.5,0.0,0.9445763451144324
INSP_002831,String_F,String_F_332,2024-05-24,86025.66138634417,0.1514479957148163,2.356403013081156,CT90,MFL,0.0,120.0,60.0,1.5,0.0,0.762779428482225
INSP_002832,String_F,String_F_333,2024-01-03,86025.66138634417,0.1555300852358099,2.356403013081156,CT90,EMAT,0.38241958584098135,120.0,60.0,1.5,0.0,0.7353668904491901
INSP_002833,String_F,String_F_334,2024-01-21,86025.66138634417,0.15327608932066353,2.356403013081156,CT90,MFL,0.0,120.0,60.0,1.5,0.0,0.9218575282045194
INSP_002834,String_F,String_F_335,2024-05-01,86025.66138634417,0.15238993153063704,2.356403013081156,CT90,MFL,0.0,120.0,60.0,1.5,0.0,0.8091387466787539
INSP_002835,String_F,String_F_336,2024-02-04,86025.66138634417,0.1532667182165284,2.356403013081156,CT90,UT,1.5715707690943483,120.0,60.0,1.5,0.0,0.7350042511431547
INSP_002836,String_F,String_F_337,2024-03-02,86025.66138634417,0.1528793333784413,2.356403013081156,CT90,EMAT,0.0,120.0,60.0,1.5,0.0,0.8275485741010878
INSP_002837,String_F,String_F_338,2024-05-20,86025.66138634417,0.15435869338817615,2.356403013081156,CT90,UT,1.6760038671943807,120.0,60.0,1.5,0.0,0.8924840151857971
INSP_002838,String_F,String_F_339,2024-01-21,86025.66138634417,0.1514481015711181,2.356403013081156,CT90,MFL,0.0,120.0,60.0,1.5,0.0,0.9492297466905456
INSP_002839,String_F,String_F_340,2024-06-01,86025.66138634417,0.15187926551221034,2.356403013081156,CT90,EMAT,0.024637750962362693,120.0,60.0,1.5,0.0,0.9453913952840582
INSP_002840,String_F,String_F_341,2024-01-08,86025.66138634417,0.1551856343686515,2.356403013081156,CT90,EMAT,0.0,120.0,60.0,1.5,0.0,0.8437844971548424
INSP_002841,String_F,String_F_342,2024-03-11,86025.66138634417,0.15550562462996032,2.356403013081156,CT90,MFL,0.0,120.0,60.0,1.5,0.0,0.7213530051423549
INSP_002842,String_F,String_F_343,2024-05-09,86025.66138634417,0.15517624727345794,2.356403013081156,CT90,UT,0.7921756345157119,120.0,60.0,1.5,0.0,0.7319511427648944
INSP_002843,String_F,String_F_344,2024-03-18,86025.66138634417,0.1522850273369706,2.356403013081156,CT90,UT,0.0,120.0,60.0,1.5,0.0,0.7341987541541314
INSP_002844,String_F,String_F_345,2024-06-10,86025.66138634417,0.15449062726620388,2.356403013081156,CT90,MFL,0.04212917591293956,120.0,60.0,1.5,0.0,0.9611099414918782
INSP_002845,String_F,String_F_346,2024-02-03,86025.66138634417,0.15263267351850754,2.356403013081156,CT90,MFL,0.0,120.0,60.0,1.5,0.0,0.8975357077545848
INSP_002846,String_F,String_F_347,2024-06-09,86025.66138634417,0.15276225382938563,2.356403013081156,CT90,UT,0.0,120.0,60.0,1.5,0.0,0.803300040163645
INSP_002847,String_F,String_F_348,2024-01-16,86025.66138634417,0.15097256113663443,2.356403013081156,CT90,UT,0.04982621544123652,120.0,60.0,1.5,0.0,0.7796161692209972
INSP_002848,String_F,String_F_349,2024-03-26,86025.66138634417,0.15333419364159936,2.356403013081156,CT90,UT,0.050122247646501146,120.0,60.0,1.5,0.0,0.8655296157758263
INSP_002849,String_F,String_F_350,2024-04-14,86025.66138634417,0.15085923576417645,2.356403013081156,CT90,MFL,0.0,120.0,60.0,1.5,0.0,0.900085828210411
INSP_002850,String_F,String_F_351,2024-02-28,86025.66138634417,0.1517479644787544,2.356403013081156,CT90,MFL,0.1286246673378154,120.0,60.0,1.5,0.0,0.8219571807101171
INSP_002851,String_F,String_F_352,2024-03-26,86025.66138634417,0.15494691007279549,2.356403013081156,CT90,UT,0.0,120.0,60.0,1.5,0.0,0.7447431936946014
INSP_002852,String_F,String_F_353,2024-06-27,86025.66138634417,0.1509872014795291,2.356403013081156,CT90,UT,0.0,120.0,60.0,1.5,0.0,0.7706209642918634
INSP_002853,String_F,String_F_354,2024-04-30,86025.66138634417,0.15015659705086634,2.356403013081156,CT90,MFL,0.0,120.0,60.0,1.5,0.0,0.7474938419444472
INSP_002854,String_F,String_F_355,2024-02-21,86025.66138634417,0.1501434539717955,2.356403013081156,CT90,MFL,0.0,120.0,60.0,1.5,0.0,0.9512447707097499
INSP_002855,String_F,String_F_356,2024-04-29,86025.66138634417,0.15547096256378778,2.356403013081156,CT90,EMAT,0.0,120.0,60.0,1.5,0.0,0.7273131202288656
INSP_002856,String_F,String_F_357,2024-02-10,86025.66138634417,0.15281957944782354,2.356403013081156,CT90,UT,0.0,120.0,60.0,1.5,0.0,0.9049113894310367
INSP_002857,String_F,String_F_358,2024-04-29,86025.66138634417,0.15222369689827642,2.356403013081156,CT90,UT,0.0,120.0,60.0,1.5,0.0,0.7348112235245066
INSP_002858,String_F,String_F_359,2024-04-26,86025.66138634417,0.15467709547844719,2.356403013081156,CT90,UT,0.0,120.0,60.0,1.5,0.0,0.8098395375545924
INSP_002859,String_F,String_F_360,2024-05-08,86025.66138634417,0.15482955099856818,2.356403013081156,CT90,UT,0.0,120.0,60.0,1.5,0.0,0.9901067606516102
INSP_002860,String_F,String_F_361,2024-05-23,86025.66138634417,0.1517517920634468,2.356403013081156,CT90,EMAT,0.1704187221079092,120.0,60.0,1.5,0.0,0.7588517189092583
INSP_002861,String_F,String_F_362,2024-01-05,86025.66138634417,0.15396050568736225,2.356403013081156,CT90,MFL,1.0343660867812,120.0,60.0,1.5,0.0,0.9916490564716106
INSP_002862,String_F,String_F_363,2024-06-22,86025.66138634417,0.15443414435910233,2.356403013081156,CT90,UT,4.839776614633672,120.0,60.0,1.5,0.0,0.8095925300954634
INSP_002863,String_F,String_F_364,2024-01-08,86025.66138634417,0.15372237251925583,2.356403013081156,CT90,MFL,0.0,120.0,60.0,1.5,0.0,0.7806294161921129
INSP_002864,String_F,String_F_365,2024-05-09,86025.66138634417,0.15064815363390804,2.356403013081156,CT90,EMAT,0.0,120.0,60.0,1.5,0.0,0.8588819486514437
INSP_002865,String_F,String_F_366,2024-02-05,86025.66138634417,0.15507434394253963,2.356403013081156,CT90,UT,0.0,120.0,60.0,1.5,0.0,0.7846111879140698
INSP_002866,String_F,String_F_367,2024-05-05,86025.66138634417,0.15301619840780678,2.356403013081156,CT90,MFL,1.4524997942669315,120.0,60.0,1.5,0.0,0.8414617114461351
INSP_002867,String_F,String_F_368,2024-01-22,86025.66138634417,0.15144795710734157,2.356403013081156,CT90,EMAT,0.0,120.0,60.0,1.5,0.0,0.7752419874634674
INSP_002868,String_F,String_F_369,2024-02-19,86025.66138634417,0.1523203506161145,2.356403013081156,CT90,MFL,1.7096896246952986,120.0,60.0,1.5,0.0,0.7663082357847267
INSP_002869,String_F,String_F_370,2024-05-02,86025.66138634417,0.14995134262967488,2.356403013081156,CT90,MFL,0.0,120.0,60.0,1.5,0.0,0.8738820700173885
INSP_002870,String_F,String_F_371,2024-05-18,86025.66138634417,0.15050314798244607,2.356403013081156,CT90,MFL,0.0,120.0,60.0,1.5,0.0,0.8882985554161975
INSP_002871,String_F,String_F_372,2024-03-08,86025.66138634417,0.15440006851350832,2.356403013081156,CT90,EMAT,1.5229589087583726,120.0,60.0,1.5,0.0,0.7068939176890556
INSP_002872,String_F,String_F_373,2024-05-16,86025.66138634417,0.14972181335876866,2.356403013081156,CT90,MFL,0.0,120.0,60.0,1.5,0.0,0.807479622319263
INSP_002873,String_F,String_F_374,2024-02-20,86025.66138634417,0.15226741415997488,2.356403013081156,CT90,EMAT,1.6565179291501102,120.0,60.0,1.5,0.0,0.9560410051920961
INSP_002874,String_F,String_F_375,2024-02-07,86025.66138634417,0.15291484979483738,2.356403013081156,CT90,MFL,0.0,120.0,60.0,1.5,0.0,0.8720620374507343
INSP_002875,String_F,String_F_376,2024-02-17,86025.66138634417,0.15005561819852137,2.356403013081156,CT90,MFL,0.0,120.0,60.0,1.5,0.0,0.9469297936669947
INSP_002876,String_F,String_F_377,2024-06-03,86025.66138634417,0.15566831196845476,2.356403013081156,CT90,UT,0.671351575534926,120.0,60.0,1.5,0.0,0.8559600164197079
INSP_002877,String_F,String_F_378,2024-06-15,86025.66138634417,0.15110361485213433,2.356403013081156,CT90,EMAT,0.0,120.0,60.0,1.5,0.0,0.7587727772317531
INSP_002878,String_F,String_F_379,2024-05-07,86025.66138634417,0.15158072847389786,2.356403013081156,CT90,MFL,0.0,120.0,60.0,1.5,0.0,0.8455820384960083
INSP_002879,String_F,String_F_380,2024-06-17,86025.66138634417,0.15157916276714276,2.356403013081156,CT90,MFL,0.8093356219730539,120.0,60.0,1.5,0.0,0.792902325756231
INSP_002880,String_F,String_F_381,2024-02-25,86025.66138634417,0.15112983956781242,2.356403013081156,CT90,UT,0.8721996176619754,120.0,60.0,1.5,0.0,0.8581664947582087
INSP_002881,String_F,String_F_382,2024-05-20,86025.66138634417,0.14973074891936852,2.356403013081156,CT90,MFL,0.0,120.0,60.0,1.5,0.0,0.9247173332916029
INSP_002882,String_F,String_F_383,2024-03-15,86025.66138634417,0.15417883504454843,2.356403013081156,CT90,EMAT,0.0,120.0,60.0,1.5,0.0,0.987208307152865
INSP_002883,String_F,String_F_384,2024-02-17,86025.66138634417,0.1556302235933864,2.356403013081156,CT90,UT,0.0,120.0,60.0,1.5,0.0,0.8507425765021073
INSP_002884,String_F,String_F_385,2024-01-07,86025.66138634417,0.15109242026157046,2.356403013081156,CT90,MFL,0.0,120.0,60.0,1.5,0.0,0.7092387609352053
INSP_002885,String_F,String_F_386,2024-01-05,86025.66138634417,0.1537736843293829,2.356403013081156,CT90,EMAT,0.0,120.0,60.0,1.5,0.0,0.7462654731605882
INSP_002886,String_F,String_F_387,2024-01-23,86025.66138634417,0.15425553861064673,2.356403013081156,CT90,UT,0.0,120.0,60.0,1.5,0.0,0.962933508775027
INSP_002887,String_F,String_F_388,2024-06-27,86025.66138634417,0.1549065473978401,2.356403013081156,CT90,MFL,0.32521548092558994,120.0,60.0,1.5,0.0,0.8870223735843372
INSP_002888,String_F,String_F_389,2024-03-06,86025.66138634417,0.15230446795999364,2.356403013081156,CT90,MFL,0.0,120.0,60.0,1.5,0.0,0.7630395005329665
INSP_002889,String_F,String_F_390,2024-01-20,86025.66138634417,0.15157298074653797,2.356403013081156,CT90,UT,0.0,120.0,60.0,1.5,0.0,0.8757316506595765
INSP_002890,String_F,String_F_391,2024-04-28,86025.66138634417,0.1517096505929744,2.356403013081156,CT90,MFL,0.0,120.0,60.0,1.5,0.0,0.7093862289611557
INSP_002891,String_F,String_F_392,2024-05-11,86025.66138634417,0.15407663644389843,2.356403013081156,CT90,MFL,0.0,120.0,60.0,1.5,0.0,0.9657051187440755
INSP_002892,String_F,String_F_393,2024-03-24,86025.66138634417,0.15471315632977706,2.356403013081156,CT90,UT,0.0,120.0,60.0,1.5,0.0,0.9737603631481775
INSP_002893,String_F,String_F_394,2024-03-05,86025.66138634417,0.15083160183611602,2.356403013081156,CT90,EMAT,0.0,120.0,60.0,1.5,0.0,0.7624387759525033
INSP_002894,String_F,String_F_395,2024-01-18,86025.66138634417,0.15198859670735515,2.356403013081156,CT90,EMAT,0.0,120.0,60.0,1.5,0.0,0.7188894369606342
INSP_002895,String_F,String_F_396,2024-06-04,86025.66138634417,0.15523358134626677,2.356403013081156,CT90,MFL,0.7324941057029886,120.0,60.0,1.5,0.0,0.921420901431729
INSP_002896,String_F,String_F_397,2024-05-18,86025.66138634417,0.15465152018574252,2.356403013081156,CT90,EMAT,0.0,120.0,60.0,1.5,0.0,0.7087260122376248
INSP_002897,String_F,String_F_398,2024-01-29,86025.66138634417,0.1557403020919484,2.356403013081156,CT90,UT,0.0,120.0,60.0,1.5,0.0,0.8755214659202901
INSP_002898,String_F,String_F_399,2024-04-18,86025.66138634417,0.15433102240197705,2.356403013081156,CT90,MFL,0.0,120.0,60.0,1.5,0.0,0.8754550394375118
INSP_002899,String_F,String_F_400,2024-02-25,86025.66138634417,0.1521245941167045,2.356403013081156,CT90,EMAT,0.0,120.0,60.0,1.5,0.0,0.9421792664542409
INSP_002900,String_F,String_F_401,2024-01-10,86025.66138634417,0.15333118411685664,2.356403013081156,CT90,EMAT,1.9792258462301153,120.0,60.0,1.5,0.0,0.9003695715904185
INSP_002901,String_F,String_F_402,2024-06-07,86025.66138634417,0.15376126086192166,2.356403013081156,CT90,MFL,0.0,120.0,60.0,1.5,0.0,0.8377642103422829
INSP_002902,String_F,String_F_403,2024-01-18,86025.66138634417,0.15020119293156078,2.356403013081156,CT90,MFL,0.08525801976607097,120.0,60.0,1.5,0.0,0.7097005202578691
INSP_002903,String_F,String_F_404,2024-02-07,86025.66138634417,0.15304921300755286,2.356403013081156,CT90,MFL,0.0,120.0,60.0,1.5,0.0,0.9249679535275345
INSP_002904,String_F,String_F_405,2024-06-19,86025.66138634417,0.15405646675806497,2.356403013081156,CT90,EMAT,0.09971608486975796,120.0,60.0,1.5,0.0,0.9250496614678989
INSP_002905,String_F,String_F_406,2024-02-03,86025.66138634417,0.150744258059831,2.356403013081156,CT90,MFL,0.9898521797188868,120.0,60.0,1.5,0.0,0.7411439422997153
INSP_002906,String_F,String_F_407,2024-06-10,86025.66138634417,0.15449225412688056,2.356403013081156,CT90,MFL,0.0,120.0,60.0,1.5,0.0,0.8358137152764917
INSP_002907,String_F,String_F_408,2024-01-07,86025.66138634417,0.15328923114674248,2.356403013081156,CT90,MFL,0.0,120.0,60.0,1.5,0.0,0.9880109190539075
INSP_002908,String_F,String_F_409,2024-05-16,86025.66138634417,0.15554085673813808,2.356403013081156,CT90,MFL,0.0,120.0,60.0,1.5,0.0,0.7417628737150017
INSP_002909,String_F,String_F_410,2024-05-25,86025.66138634417,0.14998098880457553,2.356403013081156,CT90,EMAT,0.0,120.0,60.0,1.5,0.0,0.8321180498556743
INSP_002910,String_F,String_F_411,2024-03-31,86025.66138634417,0.15134317456715518,2.356403013081156,CT90,MFL,0.0,120.0,60.0,1.5,0.0,0.8785308494086885
INSP_002911,String_F,String_F_412,2024-03-12,86025.66138634417,0.153397893068761,2.356403013081156,CT90,MFL,0.0,120.0,60.0,1.5,0.0,0.7198846847835826
INSP_002912,String_F,String_F_413,2024-05-14,86025.66138634417,0.15153404702258183,2.356403013081156,CT90,MFL,0.0,120.0,60.0,1.5,0.0,0.8195955811833201
INSP_002913,String_F,String_F_414,2024-06-01,86025.66138634417,0.15408765370896918,2.356403013081156,CT90,MFL,0.0,120.0,60.0,1.5,0.0,0.7442766808987054
INSP_002914,String_F,String_F_415,2024-05-29,86025.66138634417,0.15436009300391754,2.356403013081156,CT90,UT,0.607148797302519,120.0,60.0,1.5,0.0,0.9574414291508224
INSP_002915,String_F,String_F_416,2024-01-18,86025.66138634417,0.15034822669645917,2.356403013081156,CT90,UT,0.1598372190574973,120.0,60.0,1.5,0.0,0.8198690105298958
INSP_002916,String_F,String_F_417,2024-01-26,86025.66138634417,0.15286195391681345,2.356403013081156,CT90,MFL,0.0,120.0,60.0,1.5,0.0,0.8319464841661264
INSP_002917,String_F,String_F_418,2024-03-25,86025.66138634417,0.15283161901696232,2.356403013081156,CT90,MFL,0.0,120.0,60.0,1.5,0.0,0.7707023006016948
INSP_002918,String_F,String_F_419,2024-03-04,86025.66138634417,0.15197845084134404,2.356403013081156,CT90,MFL,1.3698815440365009,120.0,60.0,1.5,0.0,0.7376813587976909
INSP_002919,String_F,String_F_420,2024-02-22,86025.66138634417,0.155422931474835,2.356403013081156,CT90,EMAT,0.0,120.0,60.0,1.5,0.0,0.9439987464783116
INSP_002920,String_F,String_F_421,2024-02-25,86025.66138634417,0.15477870911243574,2.356403013081156,CT90,UT,0.0,120.0,60.0,1.5,0.0,0.71534503446252
INSP_002921,String_F,String_F_422,2024-03-02,86025.66138634417,0.1539824525996703,2.356403013081156,CT90,MFL,0.0,120.0,60.0,1.5,0.0,0.9970239695080961
INSP_002922,String_F,String_F_423,2024-04-26,86025.66138634417,0.15408705770438053,2.356403013081156,CT90,EMAT,1.2986361063843272,120.0,60.0,1.5,0.0,0.983503622730544
INSP_002923,String_F,String_F_424,2024-03-27,86025.66138634417,0.1525433318691511,2.356403013081156,CT90,EMAT,0.0,120.0,60.0,1.5,0.0,0.9788357317495137
INSP_002924,String_F,String_F_425,2024-03-16,86025.66138634417,0.15535002406621942,2.356403013081156,CT90,UT,0.0,120.0,60.0,1.5,0.0,0.8581061210855035
INSP_002925,String_F,String_F_426,2024-05-13,86025.66138634417,0.15396647848353434,2.356403013081156,CT90,MFL,0.0,120.0,60.0,1.5,0.0,0.9162674386778257
INSP_002926,String_F,String_F_427,2024-03-20,86025.66138634417,0.1541766122423663,2.356403013081156,CT90,EMAT,0.0,120.0,60.0,1.5,0.0,0.8900259421181643
INSP_002927,String_F,String_F_428,2024-06-08,86025.66138634417,0.15498761423333282,2.356403013081156,CT90,MFL,0.0,120.0,60.0,1.5,0.0,0.8751551806129931
INSP_002928,String_F,String_F_429,2024-04-06,86025.66138634417,0.15139661882341396,2.356403013081156,CT90,MFL,0.0,120.0,60.0,1.5,0.0,0.7755017396478286
INSP_002929,String_F,String_F_430,2024-04-26,86025.66138634417,0.15465382641495584,2.356403013081156,CT90,UT,0.0,120.0,60.0,1.5,0.0,0.7868202590149062
INSP_002930,String_F,String_F_431,2024-06-12,86025.66138634417,0.15091487545094207,2.356403013081156,CT90,MFL,0.0,120.0,60.0,1.5,0.0,0.8672650140354008
INSP_002931,String_F,String_F_432,2024-03-31,86025.66138634417,0.15183215853382745,2.356403013081156,CT90,UT,0.0,120.0,60.0,1.5,0.0,0.9531372168385266
INSP_002932,String_F,String_F_433,2024-03-28,86025.66138634417,0.15177268845906824,2.356403013081156,CT90,UT,0.0,120.0,60.0,1.5,0.0,0.8425393277372635
INSP_002933,String_F,String_F_434,2024-06-16,86025.66138634417,0.1557016009503982,2.356403013081156,CT90,EMAT,1.4908266402382748,120.0,60.0,1.5,0.0,0.9890954738297034
INSP_002934,String_F,String_F_435,2024-05-04,86025.66138634417,0.1549561196229434,2.356403013081156,CT90,UT,1.6001385669978225,120.0,60.0,1.5,0.0,0.7050125463032754
INSP_002935,String_F,String_F_436,2024-02-25,86025.66138634417,0.15400665545346456,2.356403013081156,CT90,MFL,0.0,120.0,60.0,1.5,0.0,0.9100189662604379
INSP_002936,String_F,String_F_437,2024-06-25,86025.66138634417,0.15416485266870594,2.356403013081156,CT90,UT,0.0,120.0,60.0,1.5,0.0,0.8203732334474202
INSP_002937,String_F,String_F_438,2024-06-13,86025.66138634417,0.15315662054561646,2.356403013081156,CT90,UT,0.0,120.0,60.0,1.5,0.0,0.7287085972389322
INSP_002938,String_F,String_F_439,2024-05-06,86025.66138634417,0.15550950000283656,2.356403013081156,CT90,MFL,0.03664099629593491,120.0,60.0,1.5,0.0,0.9427042568427806
INSP_002939,String_F,String_F_440,2024-02-12,86025.66138634417,0.15275442491453778,2.356403013081156,CT90,EMAT,1.2070418752878076,120.0,60.0,1.5,0.0,0.8593011360497532
INSP_002940,String_F,String_F_441,2024-02-17,86025.66138634417,0.15204712080798466,2.356403013081156,CT90,MFL,0.0,120.0,60.0,1.5,0.0,0.7375632648027058
INSP_002941,String_F,String_F_442,2024-05-23,86025.66138634417,0.15071806612281466,2.356403013081156,CT90,EMAT,0.0,120.0,60.0,1.5,0.0,0.8968544541966723
INSP_002942,String_F,String_F_443,2024-05-18,86025.66138634417,0.15452631695279084,2.356403013081156,CT90,UT,0.0,120.0,60.0,1.5,0.0,0.9149798809091956
INSP_002943,String_F,String_F_444,2024-05-10,86025.66138634417,0.1542099963434674,2.356403013081156,CT90,MFL,0.0,120.0,60.0,1.5,0.0,0.9328935287240442
INSP_002944,String_F,String_F_445,2024-01-07,86025.66138634417,0.1520705710745858,2.356403013081156,CT90,UT,0.0,120.0,60.0,1.5,0.0,0.9345669745388452
INSP_002945,String_F,String_F_446,2024-05-17,86025.66138634417,0.1498757015161381,2.356403013081156,CT90,UT,0.0,120.0,60.0,1.5,0.0,0.9872545472855314
INSP_002946,String_F,String_F_447,2024-04-05,86025.66138634417,0.1548489317130406,2.356403013081156,CT90,MFL,0.0,120.0,60.0,1.5,0.0,0.9856076546333139
INSP_002947,String_F,String_F_448,2024-01-20,86025.66138634417,0.14979151859958373,2.356403013081156,CT90,UT,0.1770102979917669,120.0,60.0,1.5,0.0,0.8353416340104545
INSP_002948,String_F,String_F_449,2024-03-20,86025.66138634417,0.15402211601413954,2.356403013081156,CT90,UT,0.14924005180084288,120.0,60.0,1.5,0.0,0.7119097463939156
INSP_002949,String_F,String_F_450,2024-06-13,86025.66138634417,0.15565107225388192,2.356403013081156,CT90,UT,0.0,120.0,60.0,1.5,0.0,0.9579544443805956
INSP_002950,String_F,String_F_451,2024-05-27,86025.66138634417,0.15239633068910866,2.356403013081156,CT90,EMAT,0.0,120.0,60.0,1.5,0.0,0.9867304012846851
INSP_002951,String_F,String_F_452,2024-06-19,86025.66138634417,0.15115768624057999,2.356403013081156,CT90,MFL,0.2580945592769738,120.0,60.0,1.5,0.0,0.9198694780622936
INSP_002952,String_F,String_F_453,2024-04-09,86025.66138634417,0.1540292735103934,2.356403013081156,CT90,UT,0.0,120.0,60.0,1.5,0.0,0.9883496120127322
INSP_002953,String_F,String_F_454,2024-03-07,86025.66138634417,0.15471528711772942,2.356403013081156,CT90,MFL,1.5222863149164714,120.0,60.0,1.5,0.0,0.702070489476335
INSP_002954,String_F,String_F_455,2024-05-23,86025.66138634417,0.15306102792896314,2.356403013081156,CT90,UT,0.0,0.0,100.0,0.0,0.0,0.8061145927169868
INSP_002955,String_F,String_F_456,2024-01-19,86025.66138634417,0.15563138332857165,2.356403013081156,CT90,UT,0.0,120.0,60.0,1.5,0.0,0.9032446529187911
INSP_002956,String_F,String_F_457,2024-05-01,86025.66138634417,0.15003749454452436,2.356403013081156,CT90,MFL,0.0,120.0,60.0,1.5,0.0,0.7356429363401905
INSP_002957,String_F,String_F_458,2024-05-17,86025.66138634417,0.15280659435821092,2.356403013081156,CT90,UT,0.0,0.0,100.0,0.0,0.0,0.9770996645171011
INSP_002958,String_F,String_F_459,2024-02-13,86025.66138634417,0.1541122800832266,2.356403013081156,CT90,UT,0.08068898668126628,0.0,100.0,0.0,0.0,0.9002402766183045
INSP_002959,String_F,String_F_460,2024-03-23,86025.66138634417,0.15499341712638603,2.356403013081156,CT90,UT,0.0,0.0,100.0,0.0,0.0,0.997819788760503
INSP_002960,String_F,String_F_461,2024-03-21,86025.66138634417,0.1508171897076855,2.356403013081156,CT90,MFL,0.0,0.0,100.0,0.0,0.0,0.7258258592185552
INSP_002961,String_F,String_F_462,2024-03-26,86025.66138634417,0.15461063675166872,2.356403013081156,CT90,EMAT,0.0,0.0,100.0,0.0,0.0,0.9626028484952633
INSP_002962,String_F,String_F_463,2024-01-30,86025.66138634417,0.153099385781581,2.356403013081156,CT90,EMAT,0.3427181288571521,0.0,100.0,0.0,0.0,0.9413549462446441
INSP_002963,String_F,String_F_464,2024-01-14,86025.66138634417,0.15214511810123416,2.356403013081156,CT90,UT,0.0,0.0,100.0,0.0,0.0,0.8423588998068962
INSP_002964,String_F,String_F_465,2024-06-08,86025.66138634417,0.15052666485201527,2.356403013081156,CT90,UT,0.0,0.0,100.0,0.0,0.0,0.8648117840245066
INSP_002965,String_F,String_F_466,2024-01-21,86025.66138634417,0.15500964383289964,2.356403013081156,CT90,UT,0.0,0.0,100.0,0.0,0.0,0.8111224714074685
INSP_002966,String_F,String_F_467,2024-06-26,86025.66138634417,0.15068285322665775,2.356403013081156,CT90,UT,0.0,0.0,100.0,0.0,0.0,0.7004688999879182
INSP_002967,String_F,String_F_468,2024-02-04,86025.66138634417,0.15161488421734945,2.356403013081156,CT90,MFL,0.33315965031794326,0.0,100.0,0.0,0.0,0.7736004719326919
INSP_002968,String_F,String_F_469,2024-05-06,86025.66138634417,0.15149423704871304,2.356403013081156,CT90,MFL,0.0,0.0,100.0,0.0,0.0,0.9351825076549053
INSP_002969,String_F,String_F_470,2024-04-08,86025.66138634417,0.15504703317309657,2.356403013081156,CT90,UT,0.15058503097547762,0.0,100.0,0.0,0.0,0.9315789895226467
INSP_002970,String_F,String_F_471,2024-02-27,86025.66138634417,0.15383269182158876,2.356403013081156,CT90,UT,0.0,0.0,100.0,0.0,0.0,0.9483587364721726
INSP_002971,String_F,String_F_472,2024-05-30,86025.66138634417,0.15459033518880777,2.356403013081156,CT90,MFL,0.6912572116568364,0.0,100.0,0.0,0.0,0.7648422883882221
INSP_002972,String_F,String_F_473,2024-05-23,86025.66138634417,0.15125237451023796,2.356403013081156,CT90,EMAT,0.3568207961360075,0.0,100.0,0.0,0.0,0.8318363275890439
INSP_002973,String_F,String_F_474,2024-05-06,86025.66138634417,0.15354040506934155,2.356403013081156,CT90,MFL,0.0,0.0,100.0,0.0,0.0,0.9911862436954235
INSP_002974,String_F,String_F_475,2024-04-06,86025.66138634417,0.153215734287311,2.356403013081156,CT90,UT,0.0,0.0,100.0,0.0,0.0,0.7889894839579044
INSP_002975,String_F,String_F_476,2024-01-15,86025.66138634417,0.15481124491150516,2.356403013081156,CT90,MFL,0.0,0.0,100.0,0.0,0.0,0.8516907269485586
INSP_002976,String_F,String_F_477,2024-06-25,86025.66138634417,0.15525892321005766,2.356403013081156,CT90,UT,0.3356878089707759,0.0,100.0,0.0,0.0,0.8774661823596466
INSP_002977,String_F,String_F_478,2024-04-24,86025.66138634417,0.14979603340080863,2.356403013081156,CT90,EMAT,0.0,0.0,100.0,0.0,0.0,0.9771372707214141
INSP_002978,String_F,String_F_479,2024-03-04,86025.66138634417,0.1538407396698724,2.356403013081156,CT90,MFL,0.0,0.0,100.0,0.0,0.0,0.7083815126049604
INSP_002979,String_F,String_F_480,2024-06-07,86025.66138634417,0.15003851557018427,2.356403013081156,CT90,EMAT,0.0,0.0,100.0,0.0,0.0,0.8389594314208386
INSP_002980,String_F,String_F_481,2024-06-28,86025.66138634417,0.15307586779194338,2.356403013081156,CT90,UT,0.0,0.0,100.0,0.0,0.0,0.9792952117504994
INSP_002981,String_F,String_F_482,2024-02-04,86025.66138634417,0.15147949218925505,2.356403013081156,CT90,MFL,0.6045543958753832,0.0,100.0,0.0,0.0,0.8263888906525446
INSP_002982,String_F,String_F_483,2024-04-11,86025.66138634417,0.15159648213380977,2.356403013081156,CT90,UT,0.0,0.0,100.0,0.0,0.0,0.8934720388148213
INSP_002983,String_F,String_F_484,2024-03-14,86025.66138634417,0.15187870397532857,2.356403013081156,CT90,MFL,1.9920903900079556,0.0,100.0,0.0,0.0,0.7922216143833009
INSP_002984,String_F,String_F_485,2024-01-07,86025.66138634417,0.1535185172749901,2.356403013081156,CT90,EMAT,1.1108661702009899,0.0,100.0,0.0,0.0,0.7958688841193432
INSP_002985,String_F,String_F_486,2024-01-03,86025.66138634417,0.15176315217041003,2.356403013081156,CT90,MFL,2.108159502866332,0.0,100.0,0.0,0.0,0.8180528058764922
INSP_002986,String_F,String_F_487,2024-04-23,86025.66138634417,0.15419933321301785,2.356403013081156,CT90,MFL,0.0,0.0,100.0,0.0,0.0,0.9674407537167655
INSP_002987,String_F,String_F_488,2024-02-24,86025.66138634417,0.15219384613359452,2.356403013081156,CT90,MFL,0.0,0.0,100.0,0.0,0.0,0.8108915650247531
INSP_002988,String_F,String_F_489,2024-01-31,86025.66138634417,0.15013945492054226,2.356403013081156,CT90,EMAT,0.0,0.0,100.0,0.0,0.0,0.9122792114766575
INSP_002989,String_F,String_F_490,2024-05-10,86025.66138634417,0.15451137038540164,2.356403013081156,CT90,MFL,3.7807925518866283,0.0,100.0,0.0,0.0,0.9170936445617341
INSP_002990,String_F,String_F_491,2024-05-30,86025.66138634417,0.1514680375321083,2.356403013081156,CT90,EMAT,0.0,0.0,100.0,0.0,0.0,0.7256743056069894
INSP_002991,String_F,String_F_492,2024-01-06,86025.66138634417,0.1523664202660826,2.356403013081156,CT90,MFL,2.081074609880781,0.0,100.0,0.0,0.0,0.8587777010358597
INSP_002992,String_F,String_F_493,2024-05-21,86025.66138634417,0.15391055256040262,2.356403013081156,CT90,MFL,0.8023634109323518,0.0,100.0,0.0,0.0,0.9032515977230559
INSP_002993,String_F,String_F_494,2024-01-01,86025.66138634417,0.15175341226067743,2.356403013081156,CT90,MFL,2.010094831328766,0.0,100.0,0.0,0.0,0.8643540544077132
INSP_002994,String_F,String_F_495,2024-01-08,86025.66138634417,0.15006754238118653,2.356403013081156,CT90,MFL,0.0,0.0,100.0,0.0,0.0,0.8963109221056419
INSP_002995,String_F,String_F_496,2024-03-18,86025.66138634417,0.1520068079975337,2.356403013081156,CT90,MFL,0.0,0.0,100.0,0.0,0.0,0.909926763217334
INSP_002996,String_F,String_F_497,2024-03-29,86025.66138634417,0.15549335398317582,2.356403013081156,CT90,UT,0.0,0.0,100.0,0.0,0.0,0.9124785764020463
INSP_002997,String_F,String_F_498,2024-06-02,86025.66138634417,0.1536434398916013,2.356403013081156,CT90,EMAT,0.0,0.0,100.0,0.0,0.0,0.9216216810614247
INSP_002998,String_F,String_F_499,2024-01-10,86025.66138634417,0.15382521278947628,2.356403013081156,CT90,MFL,0.013098753483881722,0.0,100.0,0.0,0.0,0.7186769239018976
INSP_002999,String_F,String_F_500,2024-06-14,86025.66138634417,0.15358567636551326,2.356403013081156,CT90,MFL,0.0,0.0,100.0,0.0,0.0,0.960309828977103
INSP_003000,String_G,String_G_001,2024-02-21,77246.93394367136,0.10419677435552638,1.735386039813863,CT80,UT,0.0,120.0,60.0,1.5,0.0,0.9520121633431353
INSP_003001,String_G,String_G_002,2024-05-08,77246.93394367136,0.10512210362049709,1.735386039813863,CT80,EMAT,0.0,120.0,60.0,1.5,0.0,0.8203175275170864
INSP_003002,String_G,String_G_003,2024-04-20,77246.93394367136,0.10652525664336238,1.735386039813863,CT80,UT,0.0,120.0,60.0,1.5,0.0,0.8527044331788501
INSP_003003,String_G,String_G_004,2024-05-20,77246.93394367136,0.10378495147577724,1.735386039813863,CT80,UT,0.0,120.0,60.0,1.5,0.0,0.7192406869009716
INSP_003004,String_G,String_G_005,2024-06-14,77246.93394367136,0.10452946096744829,1.735386039813863,CT80,UT,0.0,120.0,60.0,1.5,0.0,0.9350959830222995
INSP_003005,String_G,String_G_006,2024-04-07,77246.93394367136,0.10452299093747944,1.735386039813863,CT80,MFL,0.0,120.0,60.0,1.5,0.0,0.8903491321113145
INSP_003006,String_G,String_G_007,2024-01-17,77246.93394367136,0.1051798363192533,1.735386039813863,CT80,MFL,0.0,120.0,60.0,1.5,0.0,0.9904181886264114
INSP_003007,String_G,String_G_008,2024-04-21,77246.93394367136,0.107493140499757,1.735386039813863,CT80,MFL,0.38399732485765586,120.0,60.0,1.5,0.0,0.9774676940468587
INSP_003008,String_G,String_G_009,2024-06-09,77246.93394367136,0.10364206381108959,1.735386039813863,CT80,MFL,3.321159346179712,120.0,60.0,1.5,0.0,0.8923472184514373
INSP_003009,String_G,String_G_010,2024-03-26,77246.93394367136,0.10554551892293064,1.735386039813863,CT80,UT,1.0328961340635843,120.0,60.0,1.5,0.0,0.8891961793906135
INSP_003010,String_G,String_G_011,2024-05-09,77246.93394367136,0.10411397268932086,1.735386039813863,CT80,UT,0.0,120.0,60.0,1.5,0.0,0.7454352901866368
INSP_003011,String_G,String_G_012,2024-01-21,77246.93394367136,0.10745225237342287,1.735386039813863,CT80,MFL,1.7079351128437341,120.0,60.0,1.5,0.0,0.8663196167813002
INSP_003012,String_G,String_G_013,2024-05-25,77246.93394367136,0.10383528271102245,1.735386039813863,CT80,EMAT,0.0,120.0,60.0,1.5,0.0,0.83313229885656
INSP_003013,String_G,String_G_014,2024-05-11,77246.93394367136,0.10505995061191403,1.735386039813863,CT80,UT,0.0,120.0,60.0,1.5,0.0,0.8397132480309859
INSP_003014,String_G,String_G_015,2024-05-24,77246.93394367136,0.10647018275808594,1.735386039813863,CT80,UT,3.118838952779161,120.0,60.0,1.5,0.0,0.7430564183874385
INSP_003015,String_G,String_G_016,2024-05-08,77246.93394367136,0.10632957230373052,1.735386039813863,CT80,EMAT,0.7784363308918842,120.0,60.0,1.5,0.0,0.7398303036716408
INSP_003016,String_G,String_G_017,2024-04-15,77246.93394367136,0.10514064369477782,1.735386039813863,CT80,MFL,0.0,120.0,60.0,1.5,0.0,0.8603119265461274
INSP_003017,String_G,String_G_018,2024-03-26,77246.93394367136,0.10481916256670275,1.735386039813863,CT80,MFL,0.2016786056434789,120.0,60.0,1.5,0.0,0.9593470422498318
INSP_003018,String_G,String_G_019,2024-03-03,77246.93394367136,0.10503468661408825,1.735386039813863,CT80,MFL,0.0,120.0,60.0,1.5,0.0,0.9200171153395786
INSP_003019,String_G,String_G_020,2024-03-26,77246.93394367136,0.10447218620714815,1.735386039813863,CT80,MFL,0.0,120.0,60.0,1.5,0.0,0.8996818339440942
INSP_003020,String_G,String_G_021,2024-05-21,77246.93394367136,0.1042235240656681,1.735386039813863,CT80,MFL,1.96404604739064,120.0,60.0,1.5,0.0,0.7746094332180512
INSP_003021,String_G,String_G_022,2024-06-14,77246.93394367136,0.10539507585718726,1.735386039813863,CT80,UT,1.1529733728059448,120.0,60.0,1.5,0.0,0.9101847987079807
INSP_003022,String_G,String_G_023,2024-03-17,77246.93394367136,0.1044901471435888,1.735386039813863,CT80,UT,0.4920275841367065,120.0,60.0,1.5,0.0,0.7811519553205956
INSP_003023,String_G,String_G_024,2024-04-17,77246.93394367136,0.1045699976506155,1.735386039813863,CT80,EMAT,0.0,120.0,60.0,1.5,0.0,0.808195921210477
INSP_003024,String_G,String_G_025,2024-02-29,77246.93394367136,0.10612792701481102,1.735386039813863,CT80,MFL,0.0,120.0,60.0,1.5,0.0,0.775158335201382
INSP_003025,String_G,String_G_026,2024-04-05,77246.93394367136,0.1074432277473584,1.735386039813863,CT80,MFL,0.0,120.0,60.0,1.5,0.0,0.7925682308779004
INSP_003026,String_G,String_G_027,2024-02-29,77246.93394367136,0.10590383632552072,1.735386039813863,CT80,UT,0.029176022395123426,120.0,60.0,1.5,0.0,0.9104193900865893
INSP_003027,String_G,String_G_028,2024-04-12,77246.93394367136,0.10368204376367161,1.735386039813863,CT80,EMAT,0.0,120.0,60.0,1.5,0.0,0.7744248131179097
INSP_003028,String_G,String_G_029,2024-03-09,77246.93394367136,0.10367615512654701,1.735386039813863,CT80,MFL,0.8001357912678544,120.0,60.0,1.5,0.0,0.8844021327335875
INSP_003029,String_G,String_G_030,2024-05-04,77246.93394367136,0.10737102904641745,1.735386039813863,CT80,EMAT,0.707850533474013,120.0,60.0,1.5,0.0,0.9914102480124147
INSP_003030,String_G,String_G_031,2024-06-10,77246.93394367136,0.10461146343823569,1.735386039813863,CT80,UT,0.9882984722114713,120.0,60.0,1.5,0.0,0.7893575369924294
INSP_003031,String_G,String_G_032,2024-06-26,77246.93394367136,0.1037456929525052,1.735386039813863,CT80,UT,0.0,120.0,60.0,1.5,0.0,0.8193312616417554
INSP_003032,String_G,String_G_033,2024-04-04,77246.93394367136,0.10588446162794656,1.735386039813863,CT80,MFL,0.0,120.0,60.0,1.5,0.0,0.7470497589644145
INSP_003033,String_G,String_G_034,2024-03-03,77246.93394367136,0.10598825846864268,1.735386039813863,CT80,EMAT,0.0,120.0,60.0,1.5,0.0,0.9409048734215525
INSP_003034,String_G,String_G_035,2024-04-13,77246.93394367136,0.10609311778303077,1.735386039813863,CT80,MFL,2.73775702262266,120.0,60.0,1.5,0.0,0.9372911880445736
INSP_003035,String_G,String_G_036,2024-06-05,77246.93394367136,0.10448537276136817,1.735386039813863,CT80,MFL,1.345169223691777,120.0,60.0,1.5,0.0,0.7198685468122562
INSP_003036,String_G,String_G_037,2024-06-23,77246.93394367136,0.10342104009315523,1.735386039813863,CT80,UT,3.1893545322471812,120.0,60.0,1.5,0.0,0.7946193843745832
INSP_003037,String_G,String_G_038,2024-05-08,77246.93394367136,0.10742836976840486,1.735386039813863,CT80,UT,0.0,120.0,60.0,1.5,0.0,0.8864313907924588
INSP_003038,String_G,String_G_039,2024-05-24,77246.93394367136,0.10441572689566005,1.735386039813863,CT80,UT,0.0,120.0,60.0,1.5,0.0,0.798453926144872
INSP_003039,String_G,String_G_040,2024-02-10,77246.93394367136,0.10620922163731372,1.735386039813863,CT80,MFL,0.0,120.0,60.0,1.5,0.0,0.7358038978041493
INSP_003040,String_G,String_G_041,2024-03-12,77246.93394367136,0.10633832789768542,1.735386039813863,CT80,UT,0.0,120.0,60.0,1.5,0.0,0.8037533698589281
INSP_003041,String_G,String_G_042,2024-01-21,77246.93394367136,0.10593071013517287,1.735386039813863,CT80,EMAT,0.0,120.0,60.0,1.5,0.0,0.7191343080459878
INSP_003042,String_G,String_G_043,2024-05-15,77246.93394367136,0.10467734465898636,1.735386039813863,CT80,MFL,0.0,120.0,60.0,1.5,0.0,0.7343337652795269
INSP_003043,String_G,String_G_044,2024-04-18,77246.93394367136,0.10450095746300436,1.735386039813863,CT80,UT,0.0,120.0,60.0,1.5,0.0,0.946791762705022
INSP_003044,String_G,String_G_045,2024-02-23,77246.93394367136,0.10587865546050569,1.735386039813863,CT80,UT,0.0,120.0,60.0,1.5,0.0,0.9140708740185709
INSP_003045,String_G,String_G_046,2024-05-03,77246.93394367136,0.10701106053825774,1.735386039813863,CT80,UT,0.0,120.0,60.0,1.5,0.0,0.8580722669540757
INSP_003046,String_G,String_G_047,2024-02-26,77246.93394367136,0.10735124565084782,1.735386039813863,CT80,EMAT,0.0,120.0,60.0,1.5,0.0,0.7108738339101762
INSP_003047,String_G,String_G_048,2024-03-24,77246.93394367136,0.10380407429138158,1.735386039813863,CT80,MFL,0.0,120.0,60.0,1.5,0.0,0.9200451107953944
INSP_003048,String_G,String_G_049,2024-06-19,77246.93394367136,0.10401046323136527,1.735386039813863,CT80,MFL,0.0,120.0,60.0,1.5,0.0,0.952292734230779
INSP_003049,String_G,String_G_050,2024-01-17,77246.93394367136,0.10734281899342303,1.735386039813863,CT80,UT,0.0,120.0,60.0,1.5,0.0,0.8391364013221851
INSP_003050,String_G,String_G_051,2024-05-16,77246.93394367136,0.10646448858754429,1.735386039813863,CT80,MFL,1.1672292951680796,120.0,60.0,1.5,0.0,0.7313939295341686
INSP_003051,String_G,String_G_052,2024-03-26,77246.93394367136,0.1070823483465805,1.735386039813863,CT80,MFL,0.0,120.0,60.0,1.5,0.0,0.7374896585310325
INSP_003052,String_G,String_G_053,2024-01-25,77246.93394367136,0.1042121323852084,1.735386039813863,CT80,UT,0.0,120.0,60.0,1.5,0.0,0.9440304778266981
INSP_003053,String_G,String_G_054,2024-03-24,77246.93394367136,0.10583612114332239,1.735386039813863,CT80,MFL,1.5009337608104676,120.0,60.0,1.5,0.0,0.715768356293388
INSP_003054,String_G,String_G_055,2024-04-20,77246.93394367136,0.1063151662646048,1.735386039813863,CT80,MFL,1.799896524074532,120.0,60.0,1.5,0.0,0.8245718709788664
INSP_003055,String_G,String_G_056,2024-06-04,77246.93394367136,0.10622645740415873,1.735386039813863,CT80,UT,0.34739306783988066,120.0,60.0,1.5,0.0,0.7205697199477935
INSP_003056,String_G,String_G_057,2024-03-26,77246.93394367136,0.10507914844236238,1.735386039813863,CT80,UT,0.0,120.0,60.0,1.5,0.0,0.9441387239784226
INSP_003057,String_G,String_G_058,2024-06-13,77246.93394367136,0.10342223906929834,1.735386039813863,CT80,UT,0.0,120.0,60.0,1.5,0.0,0.8445622423206729
INSP_003058,String_G,String_G_059,2024-02-05,77246.93394367136,0.10581646294767781,1.735386039813863,CT80,UT,0.0,120.0,60.0,1.5,0.0,0.8967426263614718
INSP_003059,String_G,String_G_060,2024-04-25,77246.93394367136,0.10442504378990386,1.735386039813863,CT80,UT,3.0753163442744635,120.0,60.0,1.5,0.0,0.7818821026735028
INSP_003060,String_G,String_G_061,2024-05-29,77246.93394367136,0.10525676501988193,1.735386039813863,CT80,EMAT,0.23378000158102186,120.0,60.0,1.5,0.0,0.7091818487436954
INSP_003061,String_G,String_G_062,2024-01-16,77246.93394367136,0.10739700671761801,1.735386039813863,CT80,UT,0.0,120.0,60.0,1.5,0.0,0.8433200719334324
INSP_003062,String_G,String_G_063,2024-01-09,77246.93394367136,0.10504068951746193,1.735386039813863,CT80,MFL,0.7160858351289722,120.0,60.0,1.5,0.0,0.7861260221822619
INSP_003063,String_G,String_G_064,2024-01-29,77246.93394367136,0.10690013484633848,1.735386039813863,CT80,MFL,0.0,120.0,60.0,1.5,0.0,0.8129955320723598
INSP_003064,String_G,String_G_065,2024-04-17,77246.93394367136,0.10415268283788695,1.735386039813863,CT80,MFL,1.3241435390487315,120.0,60.0,1.5,0.0,0.9997305062915769
INSP_003065,String_G,String_G_066,2024-05-09,77246.93394367136,0.10619417876362856,1.735386039813863,CT80,MFL,0.0,120.0,60.0,1.5,0.0,0.7253162594690319
INSP_003066,String_G,String_G_067,2024-01-30,77246.93394367136,0.10747895824860527,1.735386039813863,CT80,UT,0.0,120.0,60.0,1.5,0.0,0.9964544094987433
INSP_003067,String_G,String_G_068,2024-05-22,77246.93394367136,0.10378714603932968,1.735386039813863,CT80,MFL,0.0,120.0,60.0,1.5,0.0,0.9460727034515194
INSP_003068,String_G,String_G_069,2024-02-17,77246.93394367136,0.10339239222742148,1.735386039813863,CT80,MFL,0.0,120.0,60.0,1.5,0.0,0.7670106769129026
INSP_003069,String_G,String_G_070,2024-03-02,77246.93394367136,0.10518643374199757,1.735386039813863,CT80,MFL,0.2709658568230436,120.0,60.0,1.5,0.0,0.9600876863300938
INSP_003070,String_G,String_G_071,2024-05-10,77246.93394367136,0.10374804906413593,1.735386039813863,CT80,EMAT,1.481757986403157,120.0,60.0,1.5,0.0,0.8295410456470347
INSP_003071,String_G,String_G_072,2024-02-05,77246.93394367136,0.10651447606135614,1.735386039813863,CT80,MFL,0.0,120.0,60.0,1.5,0.0,0.7773858189259246
INSP_003072,String_G,String_G_073,2024-03-04,77246.93394367136,0.10721546764240304,1.735386039813863,CT80,MFL,0.0,120.0,60.0,1.5,0.0,0.801542090831628
INSP_003073,String_G,String_G_074,2024-05-09,77246.93394367136,0.10518828227696064,1.735386039813863,CT80,EMAT,0.0,120.0,60.0,1.5,0.0,0.976978332374098
INSP_003074,String_G,String_G_075,2024-01-26,77246.93394367136,0.10444871093512968,1.735386039813863,CT80,UT,0.0,120.0,60.0,1.5,0.0,0.8461416309693373
INSP_003075,String_G,String_G_076,2024-04-04,77246.93394367136,0.10518989526791583,1.735386039813863,CT80,UT,3.382268858473873,120.0,60.0,1.5,0.0,0.9319961680528783
INSP_003076,String_G,String_G_077,2024-02-23,77246.93394367136,0.10640927718662924,1.735386039813863,CT80,MFL,1.9669530300470492,120.0,60.0,1.5,0.0,0.9393026286138932
INSP_003077,String_G,String_G_078,2024-01-31,77246.93394367136,0.10339548965292938,1.735386039813863,CT80,UT,0.0,120.0,60.0,1.5,0.0,0.7022976993305555
INSP_003078,String_G,String_G_079,2024-06-20,77246.93394367136,0.10584400210897979,1.735386039813863,CT80,EMAT,0.0,120.0,60.0,1.5,0.0,0.7803641319723321
INSP_003079,String_G,String_G_080,2024-01-04,77246.93394367136,0.10594456536091554,1.735386039813863,CT80,MFL,0.0,120.0,60.0,1.5,0.0,0.9138441970143947
INSP_003080,String_G,String_G_081,2024-02-24,77246.93394367136,0.10604748628385662,1.735386039813863,CT80,MFL,0.0,120.0,60.0,1.5,0.0,0.7723277723961571
INSP_003081,String_G,String_G_082,2024-06-18,77246.93394367136,0.10437830326285659,1.735386039813863,CT80,MFL,0.3430509735612758,120.0,60.0,1.5,0.0,0.8713637217121235
INSP_003082,String_G,String_G_083,2024-05-13,77246.93394367136,0.106369642430149,1.735386039813863,CT80,EMAT,0.0,120.0,60.0,1.5,0.0,0.9362669853176111
INSP_003083,String_G,String_G_084,2024-01-29,77246.93394367136,0.10374284324533073,1.735386039813863,CT80,UT,0.8468867378595243,120.0,60.0,1.5,0.0,0.7538274320415935
INSP_003084,String_G,String_G_085,2024-04-04,77246.93394367136,0.10419794797762148,1.735386039813863,CT80,EMAT,1.451427931468143,120.0,60.0,1.5,0.0,0.7130573130389938
INSP_003085,String_G,String_G_086,2024-05-24,77246.93394367136,0.10705904537677173,1.735386039813863,CT80,UT,0.2067634549671459,120.0,60.0,1.5,0.0,0.917793511857246
INSP_003086,String_G,String_G_087,2024-02-02,77246.93394367136,0.10647371869922173,1.735386039813863,CT80,MFL,0.0,120.0,60.0,1.5,0.0,0.7934055361293294
INSP_003087,String_G,String_G_088,2024-03-25,77246.93394367136,0.10341528106610906,1.735386039813863,CT80,UT,0.0,120.0,60.0,1.5,0.0,0.8312179735001681
INSP_003088,String_G,String_G_089,2024-05-26,77246.93394367136,0.10440510942144289,1.735386039813863,CT80,EMAT,0.0,120.0,60.0,1.5,0.0,0.8650043001228949
INSP_003089,String_G,String_G_090,2024-01-05,77246.93394367136,0.10426180230962608,1.735386039813863,CT80,MFL,2.901360499813081,120.0,60.0,1.5,0.0,0.7526501560228959
INSP_003090,String_G,String_G_091,2024-06-06,77246.93394367136,0.10449973436347886,1.735386039813863,CT80,EMAT,0.0,120.0,60.0,1.5,0.0,0.9321562791512438
INSP_003091,String_G,String_G_092,2024-01-20,77246.93394367136,0.10440166492325513,1.735386039813863,CT80,MFL,0.0,120.0,60.0,1.5,4.2095902222791155,0.8969347654807853
INSP_003092,String_G,String_G_093,2024-01-07,77246.93394367136,0.10362107067527593,1.735386039813863,CT80,MFL,0.8687148610046603,120.0,60.0,1.5,1.5650372330084528,0.8519579538499572
INSP_003093,String_G,String_G_094,2024-06-05,77246.93394367136,0.10529340948526689,1.735386039813863,CT80,MFL,0.0,120.0,60.0,1.5,1.9488823911597664,0.7537701532742201
INSP_003094,String_G,String_G_095,2024-04-13,77246.93394367136,0.10644845026280485,1.735386039813863,CT80,UT,0.5461846643571915,120.0,60.0,1.5,4.842072689049188,0.73414460157938
INSP_003095,String_G,String_G_096,2024-02-19,77246.93394367136,0.10591689108636364,1.735386039813863,CT80,UT,0.0,120.0,60.0,1.5,2.032871082556482,0.7977760661794138
INSP_003096,String_G,String_G_097,2024-02-27,77246.93394367136,0.10619591335454551,1.735386039813863,CT80,EMAT,0.0,120.0,60.0,1.5,1.1217843849076947,0.8363833986410745
INSP_003097,String_G,String_G_098,2024-06-16,77246.93394367136,0.10369963437963096,1.735386039813863,CT80,MFL,0.47496433288570894,120.0,60.0,1.5,2.7759204563670004,0.7653035874608077
INSP_003098,String_G,String_G_099,2024-01-08,77246.93394367136,0.10737131376129883,1.735386039813863,CT80,MFL,0.0,120.0,60.0,1.5,3.133224381584675,0.739580151575641
INSP_003099,String_G,String_G_100,2024-03-12,77246.93394367136,0.10689460935354264,1.735386039813863,CT80,EMAT,0.0,120.0,60.0,1.5,1.773184770264474,0.9368305868676198
INSP_003100,String_G,String_G_101,2024-01-05,77246.93394367136,0.10675369954887529,1.735386039813863,CT80,MFL,0.0,120.0,60.0,1.5,2.3778275710917924,0.9751633570436777
INSP_003101,String_G,String_G_102,2024-03-14,77246.93394367136,0.10682918617479054,1.735386039813863,CT80,EMAT,0.0,120.0,60.0,1.5,1.7156092767151894,0.9763943436201172
INSP_003102,String_G,String_G_103,2024-06-24,77246.93394367136,0.10729208637972296,1.735386039813863,CT80,EMAT,0.0,120.0,60.0,1.5,2.2304001248072676,0.8519308710934099
INSP_003103,String_G,String_G_104,2024-01-26,77246.93394367136,0.10565331835113434,1.735386039813863,CT80,MFL,0.0,120.0,60.0,1.5,1.9951793624578311,0.742609398592132
INSP_003104,String_G,String_G_105,2024-03-30,77246.93394367136,0.1042022159225663,1.735386039813863,CT80,UT,0.0,120.0,60.0,1.5,1.8689004906511792,0.8448170478240383
INSP_003105,String_G,String_G_106,2024-06-13,77246.93394367136,0.10595929661420801,1.735386039813863,CT80,MFL,0.0,120.0,60.0,1.5,3.824127893257632,0.8070291298985207
INSP_003106,String_G,String_G_107,2024-05-23,77246.93394367136,0.1064912613551616,1.735386039813863,CT80,UT,0.0,120.0,60.0,1.5,3.533837753210001,0.7584317941722517
INSP_003107,String_G,String_G_108,2024-01-10,77246.93394367136,0.1064703194787734,1.735386039813863,CT80,MFL,0.0,120.0,60.0,1.5,2.349325252885755,0.9912970597441404
INSP_003108,String_G,String_G_109,2024-03-21,77246.93394367136,0.10555711194008506,1.735386039813863,CT80,EMAT,0.2654893187233637,120.0,60.0,1.5,4.520164701957347,0.9983646550374472
INSP_003109,String_G,String_G_110,2024-03-18,77246.93394367136,0.10364609758320753,1.735386039813863,CT80,UT,0.7979550659135006,120.0,60.0,1.5,1.3504978106369643,0.9290287262921425
INSP_003110,String_G,String_G_111,2024-04-07,77246.93394367136,0.1049228943527894,1.735386039813863,CT80,MFL,0.0,120.0,60.0,1.5,2.7358907550907112,0.9833466877032238
INSP_003111,String_G,String_G_112,2024-04-23,77246.93394367136,0.10724169906789355,1.735386039813863,CT80,MFL,0.0,120.0,60.0,1.5,1.9628039985122046,0.8326945937692235
INSP_003112,String_G,String_G_113,2024-03-21,77246.93394367136,0.10582288735417364,1.735386039813863,CT80,UT,0.0,120.0,60.0,1.5,2.6062036814054697,0.9519163110799995
INSP_003113,String_G,String_G_114,2024-05-11,77246.93394367136,0.10562833532041024,1.735386039813863,CT80,MFL,3.6491401188379546,120.0,60.0,1.5,3.583303707218403,0.772458438915604
INSP_003114,String_G,String_G_115,2024-04-13,77246.93394367136,0.10449149609680787,1.735386039813863,CT80,EMAT,0.450775882850861,120.0,60.0,1.5,2.787663819937329,0.8161949946466243
INSP_003115,String_G,String_G_116,2024-05-26,77246.93394367136,0.1049116557510532,1.735386039813863,CT80,UT,0.0,120.0,60.0,1.5,2.0104246554167666,0.8332869639762747
INSP_003116,String_G,String_G_117,2024-04-01,77246.93394367136,0.10713445841209424,1.735386039813863,CT80,EMAT,0.0,120.0,60.0,1.5,3.361752271940093,0.9613293640582696
INSP_003117,String_G,String_G_118,2024-02-03,77246.93394367136,0.10616887752895662,1.735386039813863,CT80,MFL,0.0,120.0,60.0,1.5,3.1878799670297577,0.7143634454505821
INSP_003118,String_G,String_G_119,2024-03-10,77246.93394367136,0.1066790152911229,1.735386039813863,CT80,MFL,0.6110103687283679,120.0,60.0,1.5,2.499946600832514,0.759572904837106
INSP_003119,String_G,String_G_120,2024-06-24,77246.93394367136,0.10527402432489649,1.735386039813863,CT80,UT,0.0,120.0,60.0,1.5,1.2597060771730837,0.89991747352751
INSP_003120,String_G,String_G_121,2024-05-21,77246.93394367136,0.10601609508162645,1.735386039813863,CT80,MFL,0.0,120.0,60.0,1.5,3.0065609623447074,0.8666751106155477
INSP_003121,String_G,String_G_122,2024-01-15,77246.93394367136,0.1044051404217688,1.735386039813863,CT80,UT,1.566771906840682,120.0,60.0,1.5,1.5861108222058762,0.8659464019326443
INSP_003122,String_G,String_G_123,2024-02-13,77246.93394367136,0.10633339611122909,1.735386039813863,CT80,MFL,0.0,120.0,60.0,1.5,0.5901867238289887,0.8368859862090055
INSP_003123,String_G,String_G_124,2024-04-17,77246.93394367136,0.10516119997039815,1.735386039813863,CT80,MFL,0.2776987206802497,120.0,60.0,1.5,2.167452781955158,0.9429622580742693
INSP_003124,String_G,String_G_125,2024-03-11,77246.93394367136,0.10522424446462013,1.735386039813863,CT80,MFL,0.0,120.0,60.0,1.5,2.408318167018354,0.7550070112498058
INSP_003125,String_G,String_G_126,2024-03-05,77246.93394367136,0.10609656656049853,1.735386039813863,CT80,UT,0.0,120.0,60.0,1.5,1.7383325822192028,0.8137693174342635
INSP_003126,String_G,String_G_127,2024-01-28,77246.93394367136,0.10730714749199909,1.735386039813863,CT80,MFL,0.0,120.0,60.0,1.5,2.709084125096816,0.7673447177264383
INSP_003127,String_G,String_G_128,2024-06-09,77246.93394367136,0.10362731451410256,1.735386039813863,CT80,EMAT,0.08315208891118699,120.0,60.0,1.5,2.2973666886952753,0.7022447496849944
INSP_003128,String_G,String_G_129,2024-02-15,77246.93394367136,0.10683660863032524,1.735386039813863,CT80,UT,0.0,120.0,60.0,1.5,2.4781771130829497,0.8952079722293582
INSP_003129,String_G,String_G_130,2024-02-01,77246.93394367136,0.10459075958069501,1.735386039813863,CT80,UT,0.0,120.0,60.0,1.5,2.8478346939747947,0.9174832868358923
INSP_003130,String_G,String_G_131,2024-05-08,77246.93394367136,0.10523004065594736,1.735386039813863,CT80,MFL,0.0,120.0,60.0,1.5,3.4557514169801977,0.7158038752860656
INSP_003131,String_G,String_G_132,2024-06-15,77246.93394367136,0.10344973817185847,1.735386039813863,CT80,EMAT,0.0,120.0,60.0,1.5,1.2055378365519773,0.7077610873365429
INSP_003132,String_G,String_G_133,2024-04-17,77246.93394367136,0.10462730573839463,1.735386039813863,CT80,MFL,1.6769462842544347,120.0,60.0,1.5,2.1527714824665236,0.9212276952253223
INSP_003133,String_G,String_G_134,2024-04-18,77246.93394367136,0.10547772602321748,1.735386039813863,CT80,MFL,1.5958119666807067,120.0,60.0,1.5,1.4224527485384864,0.971290132071091
INSP_003134,String_G,String_G_135,2024-03-25,77246.93394367136,0.10359428123101311,1.735386039813863,CT80,MFL,0.0,120.0,60.0,1.5,2.1147639758960235,0.8744513600988171
INSP_003135,String_G,String_G_136,2024-05-31,77246.93394367136,0.10542906155690619,1.735386039813863,CT80,MFL,0.0,120.0,60.0,1.5,3.3791834809413013,0.7336011492264907
INSP_003136,String_G,String_G_137,2024-01-06,77246.93394367136,0.1072684623648691,1.735386039813863,CT80,MFL,0.0,120.0,60.0,1.5,6.935068402180811,0.7435500570828604
INSP_003137,String_G,String_G_138,2024-06-09,77246.93394367136,0.10380191186150119,1.735386039813863,CT80,UT,0.0,120.0,60.0,1.5,0.7698456909365986,0.9698278125542243
INSP_003138,String_G,String_G_139,2024-01-01,77246.93394367136,0.10658221254338031,1.735386039813863,CT80,UT,0.0,120.0,60.0,1.5,2.006449111522332,0.7083978116768299
INSP_003139,String_G,String_G_140,2024-05-25,77246.93394367136,0.10508555812384471,1.735386039813863,CT80,UT,0.0,120.0,60.0,1.5,1.9204027436663396,0.7808833748405792
INSP_003140,String_G,String_G_141,2024-06-27,77246.93394367136,0.10612125161463315,1.735386039813863,CT80,EMAT,0.6115480194024033,120.0,60.0,1.5,1.7859480760593642,0.7639105631744003
INSP_003141,String_G,String_G_142,2024-02-26,77246.93394367136,0.10445514421295757,1.735386039813863,CT80,EMAT,0.4197442446706894,120.0,60.0,1.5,0.3327123954578717,0.7591616175216788
INSP_003142,String_G,String_G_143,2024-04-22,77246.93394367136,0.10403013760828382,1.735386039813863,CT80,MFL,0.0,120.0,60.0,1.5,3.8152370071422994,0.8113828850558099
INSP_003143,String_G,String_G_144,2024-03-02,77246.93394367136,0.10403423119719116,1.735386039813863,CT80,EMAT,0.0,120.0,60.0,1.5,1.8513653682486837,0.8409332414195112
INSP_003144,String_G,String_G_145,2024-03-06,77246.93394367136,0.10365467508393306,1.735386039813863,CT80,EMAT,0.0,120.0,60.0,1.5,3.966762760892037,0.9286221387985689
INSP_003145,String_G,String_G_146,2024-06-02,77246.93394367136,0.10414047443958589,1.735386039813863,CT80,MFL,0.0,120.0,60.0,1.5,1.7345678846853554,0.8383660634007548
INSP_003146,String_G,String_G_147,2024-05-15,77246.93394367136,0.10615941226827419,1.735386039813863,CT80,MFL,2.1498467965905075,120.0,60.0,1.5,1.432477694173937,0.7616343365466295
INSP_003147,String_G,String_G_148,2024-06-28,77246.93394367136,0.10707685052753173,1.735386039813863,CT80,MFL,0.0,120.0,60.0,1.5,2.458274744389645,0.9552649332057064
INSP_003148,String_G,String_G_149,2024-06-03,77246.93394367136,0.10679181673605327,1.735386039813863,CT80,UT,0.0,120.0,60.0,1.5,3.1313515872169813,0.7641375226915483
INSP_003149,String_G,String_G_150,2024-05-23,77246.93394367136,0.10624764533044524,1.735386039813863,CT80,MFL,1.6393920285237658,120.0,60.0,1.5,1.9448214661113266,0.9747577152318219
INSP_003150,String_G,String_G_151,2024-06-14,77246.93394367136,0.10382316821822908,1.735386039813863,CT80,MFL,0.11811025290280361,120.0,60.0,1.5,1.6400335606479102,0.9149086567982139
INSP_003151,String_G,String_G_152,2024-04-09,77246.93394367136,0.10457727814424761,1.735386039813863,CT80,EMAT,2.270185116686168,120.0,60.0,1.5,5.95989126348035,0.9349436563695228
INSP_003152,String_G,String_G_153,2024-03-05,77246.93394367136,0.10466426460837248,1.735386039813863,CT80,UT,0.0,120.0,60.0,1.5,2.183518795763665,0.7794595502735803
INSP_003153,String_G,String_G_154,2024-02-11,77246.93394367136,0.10441177780630821,1.735386039813863,CT80,UT,0.0,120.0,60.0,1.5,1.6944454986923596,0.7122312129893442
INSP_003154,String_G,String_G_155,2024-03-06,77246.93394367136,0.10552992954378906,1.735386039813863,CT80,EMAT,0.41683166229654833,120.0,60.0,1.5,2.2715229134337895,0.9590680357256632
INSP_003155,String_G,String_G_156,2024-02-07,77246.93394367136,0.10561661532738785,1.735386039813863,CT80,MFL,0.0,120.0,60.0,1.5,1.8379107884455719,0.8790722392356974
INSP_003156,String_G,String_G_157,2024-01-09,77246.93394367136,0.10486287556043852,1.735386039813863,CT80,UT,0.0,120.0,60.0,1.5,1.347606274078982,0.8722931909024941
INSP_003157,String_G,String_G_158,2024-05-26,77246.93394367136,0.10484981112924842,1.735386039813863,CT80,EMAT,0.0,120.0,60.0,1.5,3.8197419818096243,0.9058097756036285
INSP_003158,String_G,String_G_159,2024-04-23,77246.93394367136,0.1068526917024887,1.735386039813863,CT80,MFL,0.0,120.0,60.0,1.5,1.4177564167751262,0.831332383771502
INSP_003159,String_G,String_G_160,2024-01-31,77246.93394367136,0.10668705531391807,1.735386039813863,CT80,UT,0.0,120.0,60.0,1.5,3.2524070146056503,0.7132301349702704
INSP_003160,String_G,String_G_161,2024-05-10,77246.93394367136,0.10465578068889202,1.735386039813863,CT80,EMAT,0.0,120.0,60.0,1.5,0.8381410375558498,0.8716012919441829
INSP_003161,String_G,String_G_162,2024-06-28,77246.93394367136,0.1072122605289799,1.735386039813863,CT80,EMAT,1.184342826436831,120.0,60.0,1.5,1.9177203460120815,0.7055124819037205
INSP_003162,String_G,String_G_163,2024-01-07,77246.93394367136,0.1073769005681904,1.735386039813863,CT80,MFL,0.0,120.0,60.0,1.5,5.0726723670727125,0.9580788472446218
INSP_003163,String_G,String_G_164,2024-03-18,77246.93394367136,0.10473571051323213,1.735386039813863,CT80,MFL,0.0,120.0,60.0,1.5,2.3376238093512174,0.7485411422180432
INSP_003164,String_G,String_G_165,2024-05-11,77246.93394367136,0.10485249331452522,1.735386039813863,CT80,MFL,0.0843434716544387,120.0,60.0,1.5,2.3181019582655207,0.9309859700813374
INSP_003165,String_G,String_G_166,2024-01-02,77246.93394367136,0.1054903942979562,1.735386039813863,CT80,UT,0.0,120.0,60.0,1.5,4.669543753388156,0.7837673667490972
INSP_003166,String_G,String_G_167,2024-03-23,77246.93394367136,0.1073275666367712,1.735386039813863,CT80,MFL,0.048977009381803854,120.0,60.0,1.5,1.7116910767861868,0.9660511574856463
INSP_003167,String_G,String_G_168,2024-02-11,77246.93394367136,0.10705419132378757,1.735386039813863,CT80,MFL,0.0,120.0,60.0,1.5,3.327079989257317,0.9359879571498835
INSP_003168,String_G,String_G_169,2024-05-09,77246.93394367136,0.10378999305482693,1.735386039813863,CT80,MFL,0.0,120.0,60.0,1.5,3.11993097492318,0.8280372309542094
INSP_003169,String_G,String_G_170,2024-02-29,77246.93394367136,0.1050140926300485,1.735386039813863,CT80,MFL,0.0,120.0,60.0,1.5,1.566509325957451,0.8980966184845994
INSP_003170,String_G,String_G_171,2024-05-26,77246.93394367136,0.10569178086363737,1.735386039813863,CT80,EMAT,0.0,120.0,60.0,1.5,1.6093002372936374,0.9189439953686853
INSP_003171,String_G,String_G_172,2024-03-03,77246.93394367136,0.10547984054435777,1.735386039813863,CT80,UT,0.0,120.0,60.0,1.5,1.2960641717499266,0.9849919664244701
INSP_003172,String_G,String_G_173,2024-01-21,77246.93394367136,0.10417513652297909,1.735386039813863,CT80,UT,0.7423344915353297,120.0,60.0,1.5,3.7254452417993416,0.8718154628740097
INSP_003173,String_G,String_G_174,2024-02-28,77246.93394367136,0.10698035345582593,1.735386039813863,CT80,MFL,0.0,120.0,60.0,1.5,1.8224496891135926,0.9388493027198331
INSP_003174,String_G,String_G_175,2024-02-14,77246.93394367136,0.10621307958515316,1.735386039813863,CT80,MFL,0.0552075843150967,120.0,60.0,1.5,1.7091482682181192,0.8745560848444308
INSP_003175,String_G,String_G_176,2024-02-08,77246.93394367136,0.1068921479355013,1.735386039813863,CT80,EMAT,0.45614142472341196,120.0,60.0,1.5,3.439035964656278,0.8051047513789619
INSP_003176,String_G,String_G_177,2024-03-03,77246.93394367136,0.1069801320104262,1.735386039813863,CT80,EMAT,0.0,120.0,60.0,1.5,0.5171176530446389,0.8703720261972842
INSP_003177,String_G,String_G_178,2024-06-07,77246.93394367136,0.10651435584623323,1.735386039813863,CT80,MFL,0.0,120.0,60.0,1.5,2.9047842203027967,0.8689602298381393
INSP_003178,String_G,String_G_179,2024-04-23,77246.93394367136,0.10521017558139302,1.735386039813863,CT80,MFL,0.7476919253682807,120.0,60.0,1.5,2.7023649493678605,0.7896130297559749
INSP_003179,String_G,String_G_180,2024-05-09,77246.93394367136,0.10593298542126128,1.735386039813863,CT80,UT,1.8160825103482814,120.0,60.0,1.5,1.3353397542865604,0.8280896652836589
INSP_003180,String_G,String_G_181,2024-02-27,77246.93394367136,0.1040338211085621,1.735386039813863,CT80,MFL,0.0,120.0,60.0,1.5,4.561608020527382,0.8839312314277012
INSP_003181,String_G,String_G_182,2024-04-25,77246.93394367136,0.1061991775418724,1.735386039813863,CT80,MFL,0.0,120.0,60.0,1.5,2.0644445717232585,0.7625270876216435
INSP_003182,String_G,String_G_183,2024-03-24,77246.93394367136,0.10411350261920009,1.735386039813863,CT80,MFL,2.7356183904462945,120.0,60.0,1.5,4.4531656975306015,0.869199206231764
INSP_003183,String_G,String_G_184,2024-01-14,77246.93394367136,0.10628483404657212,1.735386039813863,CT80,MFL,0.0,120.0,60.0,1.5,4.580753469237068,0.8950677107065323
INSP_003184,String_G,String_G_185,2024-05-20,77246.93394367136,0.10432589090930733,1.735386039813863,CT80,MFL,0.0,120.0,60.0,1.5,2.6404441268129237,0.7386568366943838
INSP_003185,String_G,String_G_186,2024-03-14,77246.93394367136,0.10385320273701716,1.735386039813863,CT80,EMAT,0.0,120.0,60.0,1.5,2.7642277887267976,0.9326269981127838
INSP_003186,String_G,String_G_187,2024-03-25,77246.93394367136,0.10405457307629905,1.735386039813863,CT80,UT,0.0,120.0,60.0,1.5,2.725863752555962,0.8330404587952958
INSP_003187,String_G,String_G_188,2024-05-02,77246.93394367136,0.10336569732929443,1.735386039813863,CT80,MFL,0.2250558599870139,120.0,60.0,1.5,1.677119372898635,0.8417666371564148
INSP_003188,String_G,String_G_189,2024-06-01,77246.93394367136,0.1063894148679608,1.735386039813863,CT80,MFL,0.0,120.0,60.0,1.5,1.4058173758047825,0.7501436490442791
INSP_003189,String_G,String_G_190,2024-03-14,77246.93394367136,0.10644704787001272,1.735386039813863,CT80,EMAT,0.0,120.0,60.0,1.5,1.8665565137599824,0.7669147315319346
INSP_003190,String_G,String_G_191,2024-03-29,77246.93394367136,0.10552962449297956,1.735386039813863,CT80,EMAT,0.0,120.0,60.0,1.5,0.7149119976413448,0.8833716153259404
INSP_003191,String_G,String_G_192,2024-02-17,77246.93394367136,0.10403802878369586,1.735386039813863,CT80,EMAT,0.0,120.0,60.0,1.5,1.4102009573027023,0.7134195128761112
INSP_003192,String_G,String_G_193,2024-05-04,77246.93394367136,0.1037097809396825,1.735386039813863,CT80,MFL,0.0,120.0,60.0,1.5,1.138633765444129,0.7040455354788662
INSP_003193,String_G,String_G_194,2024-05-23,77246.93394367136,0.10343799187983994,1.735386039813863,CT80,UT,2.505161755239673,120.0,60.0,1.5,2.9506323889012576,0.9769276687812554
INSP_003194,String_G,String_G_195,2024-03-31,77246.93394367136,0.10405652921567993,1.735386039813863,CT80,EMAT,0.0,120.0,60.0,1.5,5.2017660070359835,0.9440971086540176
INSP_003195,String_G,String_G_196,2024-02-04,77246.93394367136,0.10711551426826227,1.735386039813863,CT80,UT,1.736868945063964,120.0,60.0,1.5,4.2920395151421245,0.905387119057097
INSP_003196,String_G,String_G_197,2024-05-08,77246.93394367136,0.10437625620509805,1.735386039813863,CT80,MFL,0.0,120.0,60.0,1.5,7.411772360076117,0.9970730397176222
INSP_003197,String_G,String_G_198,2024-06-19,77246.93394367136,0.10485184523655572,1.735386039813863,CT80,UT,0.5180499780154734,120.0,60.0,1.5,2.747173128763882,0.8297092779281923
INSP_003198,String_G,String_G_199,2024-04-12,77246.93394367136,0.10380171048932055,1.735386039813863,CT80,UT,0.0,120.0,60.0,1.5,1.56105635536741,0.8773809471457319
INSP_003199,String_G,String_G_200,2024-03-16,77246.93394367136,0.10429536103796533,1.735386039813863,CT80,MFL,0.0,120.0,60.0,1.5,2.6458866441567483,0.7428692335947743
INSP_003200,String_G,String_G_201,2024-01-10,77246.93394367136,0.10554772771637701,1.735386039813863,CT80,UT,0.0,120.0,60.0,1.5,1.0265719057760363,0.9317606983696856
INSP_003201,String_G,String_G_202,2024-02-08,77246.93394367136,0.10592119816776853,1.735386039813863,CT80,MFL,0.0,120.0,60.0,1.5,2.2499073029349748,0.820380420721666
INSP_003202,String_G,String_G_203,2024-05-20,77246.93394367136,0.10439235240534823,1.735386039813863,CT80,MFL,1.2597951696141254,120.0,60.0,1.5,2.806091342545832,0.8925820127599424
INSP_003203,String_G,String_G_204,2024-04-19,77246.93394367136,0.10360084581921068,1.735386039813863,CT80,UT,1.7053036185047663,120.0,60.0,1.5,2.0321334551984336,0.8138125295700188
INSP_003204,String_G,String_G_205,2024-02-12,77246.93394367136,0.10500692986777575,1.735386039813863,CT80,MFL,1.3916093767852682,120.0,60.0,1.5,1.9647128766201298,0.7092970073524844
INSP_003205,String_G,String_G_206,2024-01-09,77246.93394367136,0.10434531874840659,1.735386039813863,CT80,UT,0.27078434073692603,120.0,60.0,1.5,3.839748613709968,0.8841669936996833
INSP_003206,String_G,String_G_207,2024-02-22,77246.93394367136,0.10428351763573443,1.735386039813863,CT80,MFL,0.0,120.0,60.0,1.5,1.1908997092299094,0.9311586834170886
INSP_003207,String_G,String_G_208,2024-01-18,77246.93394367136,0.10740663281529175,1.735386039813863,CT80,UT,0.0,120.0,60.0,1.5,1.978381127337892,0.7423482791458299
INSP_003208,String_G,String_G_209,2024-05-17,77246.93394367136,0.10595725848463125,1.735386039813863,CT80,UT,0.018830295819282302,120.0,60.0,1.5,1.462553306707834,0.741879770161388
INSP_003209,String_G,String_G_210,2024-02-26,77246.93394367136,0.10570657679099332,1.735386039813863,CT80,UT,0.22039407496409505,120.0,60.0,1.5,3.0276276320231648,0.7780915906693727
INSP_003210,String_G,String_G_211,2024-03-16,77246.93394367136,0.10511130906672844,1.735386039813863,CT80,MFL,0.0,120.0,60.0,1.5,2.618175548707189,0.9718427527824388
INSP_003211,String_G,String_G_212,2024-05-11,77246.93394367136,0.10516686563637781,1.735386039813863,CT80,UT,0.08613238457839381,120.0,60.0,1.5,3.118787995475758,0.7864958750255845
INSP_003212,String_G,String_G_213,2024-03-27,77246.93394367136,0.10563919020110318,1.735386039813863,CT80,MFL,0.0,120.0,60.0,1.5,0.3380753478709407,0.8710063962023125
INSP_003213,String_G,String_G_214,2024-06-03,77246.93394367136,0.10629529724929122,1.735386039813863,CT80,UT,0.0,120.0,60.0,1.5,2.6408440323249334,0.8262263040160175
INSP_003214,String_G,String_G_215,2024-03-17,77246.93394367136,0.10631941235839838,1.735386039813863,CT80,MFL,0.0,120.0,60.0,1.5,4.1050122101101,0.7313201473189119
INSP_003215,String_G,String_G_216,2024-01-01,77246.93394367136,0.10408161226201772,1.735386039813863,CT80,EMAT,0.0,120.0,60.0,1.5,2.3703747184614357,0.8346780117771152
INSP_003216,String_G,String_G_217,2024-04-25,77246.93394367136,0.10546710135519688,1.735386039813863,CT80,UT,1.160236823002186,120.0,60.0,1.5,2.1132562223440137,0.9097942321334451
INSP_003217,String_G,String_G_218,2024-01-05,77246.93394367136,0.10509520638650462,1.735386039813863,CT80,EMAT,0.0,120.0,60.0,1.5,3.303718696483424,0.7933443174474092
INSP_003218,String_G,String_G_219,2024-04-13,77246.93394367136,0.10702975484636677,1.735386039813863,CT80,UT,0.0,120.0,60.0,1.5,2.9149643481170875,0.9727054568533606
INSP_003219,String_G,String_G_220,2024-04-21,77246.93394367136,0.10602103809887359,1.735386039813863,CT80,MFL,0.0,120.0,60.0,1.5,2.656541437301242,0.8738520760972421
INSP_003220,String_G,String_G_221,2024-03-07,77246.93394367136,0.10560374946020086,1.735386039813863,CT80,UT,0.0,120.0,60.0,1.5,1.9158804079026805,0.9864787789998546
INSP_003221,String_G,String_G_222,2024-03-03,77246.93394367136,0.10384410451945697,1.735386039813863,CT80,MFL,0.0,120.0,60.0,1.5,2.3770777647443366,0.8414223749817821
INSP_003222,String_G,String_G_223,2024-01-26,77246.93394367136,0.10591227656124083,1.735386039813863,CT80,MFL,0.0,120.0,60.0,1.5,3.5099837951599597,0.8675698040791863
INSP_003223,String_G,String_G_224,2024-03-16,77246.93394367136,0.10385173719611582,1.735386039813863,CT80,MFL,0.0,120.0,60.0,1.5,1.1296586077449973,0.7030030472114682
INSP_003224,String_G,String_G_225,2024-03-12,77246.93394367136,0.10477985476555768,1.735386039813863,CT80,MFL,0.0,120.0,60.0,1.5,1.7869064264677168,0.7809530383488632
INSP_003225,String_G,String_G_226,2024-01-15,77246.93394367136,0.1039598955795624,1.735386039813863,CT80,MFL,0.0,120.0,60.0,1.5,2.7058011557730715,0.828468270256373
INSP_003226,String_G,String_G_227,2024-04-27,77246.93394367136,0.10627692006939474,1.735386039813863,CT80,MFL,1.2753322066118438,120.0,60.0,1.5,4.03090904267304,0.7628608900385037
INSP_003227,String_G,String_G_228,2024-03-04,77246.93394367136,0.1042274017576406,1.735386039813863,CT80,EMAT,0.0,120.0,60.0,1.5,0.9346612208733641,0.7390089326745937
INSP_003228,String_G,String_G_229,2024-02-03,77246.93394367136,0.10501041661155155,1.735386039813863,CT80,UT,1.9083253565053675,120.0,60.0,1.5,1.2416291191186688,0.8827860373929052
INSP_003229,String_G,String_G_230,2024-04-26,77246.93394367136,0.1071358450386291,1.735386039813863,CT80,UT,0.0,120.0,60.0,1.5,3.411325016407019,0.7731510333307587
INSP_003230,String_G,String_G_231,2024-01-20,77246.93394367136,0.10421923555934225,1.735386039813863,CT80,EMAT,0.0,120.0,60.0,1.5,2.318647981154299,0.7307855730987236
INSP_003231,String_G,String_G_232,2024-04-03,77246.93394367136,0.1054995526423161,1.735386039813863,CT80,UT,0.0,120.0,60.0,1.5,3.5198479552406505,0.8722817895883431
INSP_003232,String_G,String_G_233,2024-01-18,77246.93394367136,0.10512605987217297,1.735386039813863,CT80,UT,0.0,120.0,60.0,1.5,1.686896141307229,0.7541730933238342
INSP_003233,String_G,String_G_234,2024-01-17,77246.93394367136,0.10343375243623516,1.735386039813863,CT80,UT,0.5810130580357735,120.0,60.0,1.5,3.1051770301023356,0.9919924574783311
INSP_003234,String_G,String_G_235,2024-02-04,77246.93394367136,0.10670167410725308,1.735386039813863,CT80,EMAT,0.0,120.0,60.0,1.5,3.871338853769858,0.7218250679791609
INSP_003235,String_G,String_G_236,2024-01-08,77246.93394367136,0.10364857472838908,1.735386039813863,CT80,MFL,0.0,120.0,60.0,1.5,1.8134466226165018,0.7613057495118708
INSP_003236,String_G,String_G_237,2024-05-13,77246.93394367136,0.10535801624931158,1.735386039813863,CT80,MFL,0.0377480554776712,120.0,60.0,1.5,4.975493567606257,0.7859779109236238
INSP_003237,String_G,String_G_238,2024-06-19,77246.93394367136,0.1057226070927525,1.735386039813863,CT80,UT,0.3854068427618425,120.0,60.0,1.5,3.878968014073598,0.9053789499652449
INSP_003238,String_G,String_G_239,2024-06-13,77246.93394367136,0.10600841389310302,1.735386039813863,CT80,UT,0.0,120.0,60.0,1.5,2.0313726367903766,0.9886862520388009
INSP_003239,String_G,String_G_240,2024-02-08,77246.93394367136,0.10626239934962951,1.735386039813863,CT80,MFL,0.18528036070179257,120.0,60.0,1.5,1.4373573794695114,0.9937230816880243
INSP_003240,String_G,String_G_241,2024-03-13,77246.93394367136,0.1044257645249593,1.735386039813863,CT80,MFL,0.0,120.0,60.0,1.5,5.068390132941861,0.8872130517972379
INSP_003241,String_G,String_G_242,2024-05-10,77246.93394367136,0.10339939029422333,1.735386039813863,CT80,MFL,0.4719967292041147,120.0,60.0,1.5,4.017627448649742,0.9486922532991362
INSP_003242,String_G,String_G_243,2024-01-05,77246.93394367136,0.10640925965598741,1.735386039813863,CT80,EMAT,0.0,120.0,60.0,1.5,4.371688753468951,0.7335385784204207
INSP_003243,String_G,String_G_244,2024-04-08,77246.93394367136,0.10561704894062798,1.735386039813863,CT80,UT,0.8067009446191198,120.0,60.0,1.5,1.076380405320009,0.7508858591419357
INSP_003244,String_G,String_G_245,2024-05-28,77246.93394367136,0.10688459369165836,1.735386039813863,CT80,UT,0.0,120.0,60.0,1.5,0.0,0.9762620281065201
INSP_003245,String_G,String_G_246,2024-02-01,77246.93394367136,0.10682245553882631,1.735386039813863,CT80,UT,0.0,120.0,60.0,1.5,0.0,0.9154351356311732
INSP_003246,String_G,String_G_247,2024-02-24,77246.93394367136,0.10691500378908793,1.735386039813863,CT80,MFL,0.0,120.0,60.0,1.5,0.0,0.905867427290995
INSP_003247,String_G,String_G_248,2024-03-23,77246.93394367136,0.10540374505528445,1.735386039813863,CT80,UT,0.7474867844311296,120.0,60.0,1.5,0.0,0.7588011486082485
INSP_003248,String_G,String_G_249,2024-03-07,77246.93394367136,0.10476475962387269,1.735386039813863,CT80,MFL,0.1862021200464596,120.0,60.0,1.5,0.0,0.9354743139450024
INSP_003249,String_G,String_G_250,2024-02-04,77246.93394367136,0.10669661208475933,1.735386039813863,CT80,UT,0.0,120.0,60.0,1.5,0.0,0.7152624137328412
INSP_003250,String_G,String_G_251,2024-01-26,77246.93394367136,0.10526115186994889,1.735386039813863,CT80,MFL,0.0,120.0,60.0,1.5,0.0,0.8859667574114247
INSP_003251,String_G,String_G_252,2024-05-03,77246.93394367136,0.10413117435668297,1.735386039813863,CT80,MFL,1.185314502262819,120.0,60.0,1.5,0.0,0.8392695538932422
INSP_003252,String_G,String_G_253,2024-03-12,77246.93394367136,0.10696414217401277,1.735386039813863,CT80,EMAT,0.0,120.0,60.0,1.5,0.0,0.8543803471021999
INSP_003253,String_G,String_G_254,2024-05-06,77246.93394367136,0.10708051766508679,1.735386039813863,CT80,MFL,0.0,120.0,60.0,1.5,0.0,0.9633509457460885
INSP_003254,String_G,String_G_255,2024-01-28,77246.93394367136,0.10532449783840901,1.735386039813863,CT80,UT,0.0,120.0,60.0,1.5,0.0,0.8826167187327071
INSP_003255,String_G,String_G_256,2024-01-15,77246.93394367136,0.1036766449703219,1.735386039813863,CT80,MFL,0.0,120.0,60.0,1.5,0.0,0.948926501055176
INSP_003256,String_G,String_G_257,2024-02-12,77246.93394367136,0.10499340154046906,1.735386039813863,CT80,UT,0.6130390479962492,120.0,60.0,1.5,0.0,0.9166497110615556
INSP_003257,String_G,String_G_258,2024-04-25,77246.93394367136,0.1067471494005126,1.735386039813863,CT80,MFL,0.0,120.0,60.0,1.5,0.0,0.8688409796256772
INSP_003258,String_G,String_G_259,2024-01-09,77246.93394367136,0.10716157573521178,1.735386039813863,CT80,EMAT,0.5676991715149536,120.0,60.0,1.5,0.0,0.8850186427894268
INSP_003259,String_G,String_G_260,2024-06-17,77246.93394367136,0.1042156765209757,1.735386039813863,CT80,UT,0.0,120.0,60.0,1.5,0.0,0.8575574872503738
INSP_003260,String_G,String_G_261,2024-03-16,77246.93394367136,0.10363983241294364,1.735386039813863,CT80,UT,0.0,120.0,60.0,1.5,0.0,0.7651434561092055
INSP_003261,String_G,String_G_262,2024-03-07,77246.93394367136,0.10705854085176444,1.735386039813863,CT80,MFL,0.0,120.0,60.0,1.5,0.0,0.8458178686908701
INSP_003262,String_G,String_G_263,2024-02-06,77246.93394367136,0.10500006217579066,1.735386039813863,CT80,MFL,0.0,120.0,60.0,1.5,0.0,0.8053838913092977
INSP_003263,String_G,String_G_264,2024-01-13,77246.93394367136,0.1056428012114321,1.735386039813863,CT80,UT,2.856623676668752,120.0,60.0,1.5,0.0,0.9912940947823606
INSP_003264,String_G,String_G_265,2024-01-19,77246.93394367136,0.10744123856390475,1.735386039813863,CT80,MFL,0.0,120.0,60.0,1.5,0.0,0.9039261995084296
INSP_003265,String_G,String_G_266,2024-02-29,77246.93394367136,0.10363810746784398,1.735386039813863,CT80,EMAT,1.5196872223234432,120.0,60.0,1.5,0.0,0.9613002948123641
INSP_003266,String_G,String_G_267,2024-03-06,77246.93394367136,0.10609232968296749,1.735386039813863,CT80,MFL,0.9599221808807922,120.0,60.0,1.5,0.0,0.9368109695471235
INSP_003267,String_G,String_G_268,2024-02-27,77246.93394367136,0.10366991913269323,1.735386039813863,CT80,MFL,0.0,120.0,60.0,1.5,0.0,0.9580335215919342
INSP_003268,String_G,String_G_269,2024-03-06,77246.93394367136,0.10494127081561676,1.735386039813863,CT80,MFL,0.0,120.0,60.0,1.5,0.0,0.8486715640563471
INSP_003269,String_G,String_G_270,2024-05-03,77246.93394367136,0.10674831748866197,1.735386039813863,CT80,MFL,0.0,120.0,60.0,1.5,0.0,0.9001183432667871
INSP_003270,String_G,String_G_271,2024-03-22,77246.93394367136,0.1051859673269111,1.735386039813863,CT80,MFL,0.0,120.0,60.0,1.5,0.0,0.714838950078962
INSP_003271,String_G,String_G_272,2024-05-19,77246.93394367136,0.10756407150074353,1.735386039813863,CT80,EMAT,0.0,120.0,60.0,1.5,0.0,0.7764816682843576
INSP_003272,String_G,String_G_273,2024-06-06,77246.93394367136,0.10571577703191833,1.735386039813863,CT80,UT,0.0,120.0,60.0,1.5,0.0,0.8410423611707285
INSP_003273,String_G,String_G_274,2024-01-15,77246.93394367136,0.10471216871965447,1.735386039813863,CT80,UT,2.3738106312172746,120.0,60.0,1.5,0.0,0.9905888690178359
INSP_003274,String_G,String_G_275,2024-01-28,77246.93394367136,0.10428586913090558,1.735386039813863,CT80,MFL,0.0,120.0,60.0,1.5,0.0,0.9876047147439088
INSP_003275,String_G,String_G_276,2024-03-19,77246.93394367136,0.10483602189759142,1.735386039813863,CT80,MFL,0.0,120.0,60.0,1.5,0.0,0.8828236357293664
INSP_003276,String_G,String_G_277,2024-01-14,77246.93394367136,0.1049288862717712,1.735386039813863,CT80,MFL,0.7081846088775298,120.0,60.0,1.5,0.0,0.7508119750836459
INSP_003277,String_G,String_G_278,2024-01-28,77246.93394367136,0.10364717316725255,1.735386039813863,CT80,UT,0.0,120.0,60.0,1.5,0.0,0.9171588829947965
INSP_003278,String_G,String_G_279,2024-06-28,77246.93394367136,0.10491640292836922,1.735386039813863,CT80,MFL,0.0,120.0,60.0,1.5,0.0,0.7722684817754703
INSP_003279,String_G,String_G_280,2024-06-27,77246.93394367136,0.10531575998584028,1.735386039813863,CT80,MFL,0.0,120.0,60.0,1.5,0.0,0.8977692586729312
INSP_003280,String_G,String_G_281,2024-03-27,77246.93394367136,0.10640628165766791,1.735386039813863,CT80,UT,2.459267122362753,120.0,60.0,1.5,0.0,0.85884461475647
INSP_003281,String_G,String_G_282,2024-02-06,77246.93394367136,0.10612781488795549,1.735386039813863,CT80,UT,0.0,120.0,60.0,1.5,0.0,0.9214539451083426
INSP_003282,String_G,String_G_283,2024-06-04,77246.93394367136,0.10634733806064997,1.735386039813863,CT80,UT,0.0,120.0,60.0,1.5,0.0,0.7810708640913013
INSP_003283,String_G,String_G_284,2024-01-16,77246.93394367136,0.10339257675035185,1.735386039813863,CT80,MFL,0.106874067254008,120.0,60.0,1.5,0.0,0.8858210642287154
INSP_003284,String_G,String_G_285,2024-05-26,77246.93394367136,0.1042755590243914,1.735386039813863,CT80,EMAT,0.029490557910070565,120.0,60.0,1.5,0.0,0.7290817346914271
INSP_003285,String_G,String_G_286,2024-06-10,77246.93394367136,0.10614871754495192,1.735386039813863,CT80,MFL,0.0,120.0,60.0,1.5,0.0,0.9641661100481025
INSP_003286,String_G,String_G_287,2024-06-22,77246.93394367136,0.10539908219942327,1.735386039813863,CT80,MFL,0.28010454196647555,120.0,60.0,1.5,0.0,0.9581961910937704
INSP_003287,String_G,String_G_288,2024-04-16,77246.93394367136,0.1033797089520928,1.735386039813863,CT80,UT,0.0,120.0,60.0,1.5,0.0,0.8075224125832111
INSP_003288,String_G,String_G_289,2024-05-21,77246.93394367136,0.10675118659109692,1.735386039813863,CT80,MFL,0.0,120.0,60.0,1.5,0.0,0.8019476371177485
INSP_003289,String_G,String_G_290,2024-04-08,77246.93394367136,0.10661751789801018,1.735386039813863,CT80,MFL,0.0,120.0,60.0,1.5,0.0,0.7407330502253016
INSP_003290,String_G,String_G_291,2024-03-24,77246.93394367136,0.10567088992154482,1.735386039813863,CT80,UT,0.0,120.0,60.0,1.5,0.0,0.7321421565021446
INSP_003291,String_G,String_G_292,2024-01-07,77246.93394367136,0.10363767968619086,1.735386039813863,CT80,MFL,0.0,120.0,60.0,1.5,0.0,0.7351362411948499
INSP_003292,String_G,String_G_293,2024-06-01,77246.93394367136,0.10659096341076744,1.735386039813863,CT80,MFL,0.0,120.0,60.0,1.5,0.0,0.7967150631577796
INSP_003293,String_G,String_G_294,2024-05-15,77246.93394367136,0.1058197852768582,1.735386039813863,CT80,UT,0.0,120.0,60.0,1.5,0.0,0.9382632629919819
INSP_003294,String_G,String_G_295,2024-06-08,77246.93394367136,0.10665612038679563,1.735386039813863,CT80,MFL,0.0,120.0,60.0,1.5,0.0,0.8451935056974156
INSP_003295,String_G,String_G_296,2024-05-10,77246.93394367136,0.10652866192459791,1.735386039813863,CT80,UT,0.0,120.0,60.0,1.5,0.0,0.8424903844400228
INSP_003296,String_G,String_G_297,2024-02-23,77246.93394367136,0.10674488993623697,1.735386039813863,CT80,MFL,0.0,120.0,60.0,1.5,0.0,0.724210332788119
INSP_003297,String_G,String_G_298,2024-01-19,77246.93394367136,0.10554259569191171,1.735386039813863,CT80,EMAT,0.0,120.0,60.0,1.5,0.0,0.8140279659992508
INSP_003298,String_G,String_G_299,2024-04-13,77246.93394367136,0.1039492753155441,1.735386039813863,CT80,MFL,0.0,120.0,60.0,1.5,0.0,0.8692805394283334
INSP_003299,String_G,String_G_300,2024-03-22,77246.93394367136,0.10618868173912707,1.735386039813863,CT80,MFL,0.0,120.0,60.0,1.5,0.0,0.7482793160975296
INSP_003300,String_G,String_G_301,2024-02-10,77246.93394367136,0.1059748642357052,1.735386039813863,CT80,MFL,0.0,120.0,60.0,1.5,0.0,0.8386832614106305
INSP_003301,String_G,String_G_302,2024-04-19,77246.93394367136,0.10648861074063479,1.735386039813863,CT80,UT,0.0,120.0,60.0,1.5,0.0,0.8086841676434128
INSP_003302,String_G,String_G_303,2024-02-21,77246.93394367136,0.10407396423720834,1.735386039813863,CT80,EMAT,0.0,120.0,60.0,1.5,0.0,0.884459739993605
INSP_003303,String_G,String_G_304,2024-03-27,77246.93394367136,0.10417982823519924,1.735386039813863,CT80,MFL,0.0,120.0,60.0,1.5,0.0,0.9169350319743188
INSP_003304,String_G,String_G_305,2024-06-17,77246.93394367136,0.10711363266872033,1.735386039813863,CT80,UT,0.0,120.0,60.0,1.5,0.0,0.9576858883113231
INSP_003305,String_G,String_G_306,2024-01-15,77246.93394367136,0.10652119828798016,1.735386039813863,CT80,EMAT,0.0,120.0,60.0,1.5,0.0,0.9197176887545413
INSP_003306,String_G,String_G_307,2024-06-18,77246.93394367136,0.1071888049405364,1.735386039813863,CT80,EMAT,0.0,120.0,60.0,1.5,0.0,0.7875676426965887
INSP_003307,String_G,String_G_308,2024-02-18,77246.93394367136,0.10655805896947318,1.735386039813863,CT80,UT,0.38989181767404035,120.0,60.0,1.5,0.0,0.8201362234310674
INSP_003308,String_G,String_G_309,2024-04-16,77246.93394367136,0.10587649138358908,1.735386039813863,CT80,UT,0.0,120.0,60.0,1.5,0.0,0.7808845059562262
INSP_003309,String_G,String_G_310,2024-05-16,77246.93394367136,0.10611686007927422,1.735386039813863,CT80,MFL,0.0,120.0,60.0,1.5,0.0,0.9225918919188563
INSP_003310,String_G,String_G_311,2024-05-19,77246.93394367136,0.10710822605597314,1.735386039813863,CT80,UT,0.0,120.0,60.0,1.5,0.0,0.7935278161254165
INSP_003311,String_G,String_G_312,2024-02-13,77246.93394367136,0.10579908499115875,1.735386039813863,CT80,UT,0.6926474956595083,120.0,60.0,1.5,0.0,0.9071168158551631
INSP_003312,String_G,String_G_313,2024-03-02,77246.93394367136,0.10602514034186658,1.735386039813863,CT80,EMAT,0.34260833185589284,120.0,60.0,1.5,0.0,0.8276147314664242
INSP_003313,String_G,String_G_314,2024-02-06,77246.93394367136,0.10401741602756565,1.735386039813863,CT80,UT,0.0,120.0,60.0,1.5,0.0,0.9732066313990186
INSP_003314,String_G,String_G_315,2024-05-30,77246.93394367136,0.1053566080552937,1.735386039813863,CT80,MFL,0.0,120.0,60.0,1.5,0.0,0.9080002815522487
INSP_003315,String_G,String_G_316,2024-01-28,77246.93394367136,0.10637953262026262,1.735386039813863,CT80,EMAT,0.7440284999399707,120.0,60.0,1.5,0.0,0.8114209377560164
INSP_003316,String_G,String_G_317,2024-02-07,77246.93394367136,0.10450030966400733,1.735386039813863,CT80,MFL,0.0,120.0,60.0,1.5,0.0,0.9014320209881415
INSP_003317,String_G,String_G_318,2024-06-01,77246.93394367136,0.1042105358161959,1.735386039813863,CT80,UT,0.3814372164315668,120.0,60.0,1.5,0.0,0.7088846678347247
INSP_003318,String_G,String_G_319,2024-05-07,77246.93394367136,0.10468122335871953,1.735386039813863,CT80,MFL,0.0,120.0,60.0,1.5,0.0,0.8673884612088307
INSP_003319,String_G,String_G_320,2024-06-15,77246.93394367136,0.10437610343159101,1.735386039813863,CT80,MFL,0.42223853352096713,120.0,60.0,1.5,0.0,0.7972835764903745
INSP_003320,String_G,String_G_321,2024-05-22,77246.93394367136,0.10426393760398686,1.735386039813863,CT80,MFL,0.0,120.0,60.0,1.5,0.0,0.8823327444129505
INSP_003321,String_G,String_G_322,2024-03-11,77246.93394367136,0.10514959657090253,1.735386039813863,CT80,MFL,0.0,120.0,60.0,1.5,0.0,0.9447664155801325
INSP_003322,String_G,String_G_323,2024-01-19,77246.93394367136,0.10718715976741512,1.735386039813863,CT80,EMAT,0.0,120.0,60.0,1.5,0.0,0.7016311568193795
INSP_003323,String_G,String_G_324,2024-04-22,77246.93394367136,0.1054964079767588,1.735386039813863,CT80,UT,2.085077324185846,120.0,60.0,1.5,0.0,0.963407306461995
INSP_003324,String_G,String_G_325,2024-01-12,77246.93394367136,0.1041500663166489,1.735386039813863,CT80,UT,0.0,120.0,60.0,1.5,0.0,0.816498553367407
INSP_003325,String_G,String_G_326,2024-03-21,77246.93394367136,0.10368201086785443,1.735386039813863,CT80,UT,0.5091795916789804,120.0,60.0,1.5,0.0,0.9445572358646737
INSP_003326,String_G,String_G_327,2024-06-09,77246.93394367136,0.10629414276141196,1.735386039813863,CT80,MFL,0.0,120.0,60.0,1.5,0.0,0.9095731226470338
INSP_003327,String_G,String_G_328,2024-01-21,77246.93394367136,0.10497219293828153,1.735386039813863,CT80,EMAT,3.2495560865142767,120.0,60.0,1.5,0.0,0.917725884172975
INSP_003328,String_G,String_G_329,2024-01-05,77246.93394367136,0.10682432265113864,1.735386039813863,CT80,MFL,1.9836095120604373,120.0,60.0,1.5,0.0,0.9484400581003549
INSP_003329,String_G,String_G_330,2024-05-27,77246.93394367136,0.1061395481931573,1.735386039813863,CT80,MFL,0.0,120.0,60.0,1.5,0.0,0.9298147357081566
INSP_003330,String_G,String_G_331,2024-01-18,77246.93394367136,0.10671636913910194,1.735386039813863,CT80,MFL,0.0,120.0,60.0,1.5,0.0,0.9109935733306442
INSP_003331,String_G,String_G_332,2024-06-17,77246.93394367136,0.10450454242402553,1.735386039813863,CT80,UT,0.0,120.0,60.0,1.5,0.0,0.7270763192675957
INSP_003332,String_G,String_G_333,2024-01-04,77246.93394367136,0.10627812355090273,1.735386039813863,CT80,UT,0.0,120.0,60.0,1.5,0.0,0.7857704242850393
INSP_003333,String_G,String_G_334,2024-06-01,77246.93394367136,0.10447128223808201,1.735386039813863,CT80,EMAT,0.9988140323923106,120.0,60.0,1.5,0.0,0.8558224253507919
INSP_003334,String_G,String_G_335,2024-04-28,77246.93394367136,0.1073189085309672,1.735386039813863,CT80,MFL,0.0,120.0,60.0,1.5,0.0,0.8730307623909427
INSP_003335,String_G,String_G_336,2024-01-29,77246.93394367136,0.106041943104134,1.735386039813863,CT80,MFL,0.23582641184350106,120.0,60.0,1.5,0.0,0.7534113467945698
INSP_003336,String_G,String_G_337,2024-04-14,77246.93394367136,0.10472629976058394,1.735386039813863,CT80,UT,0.0,120.0,60.0,1.5,0.0,0.8657025903235884
INSP_003337,String_G,String_G_338,2024-02-26,77246.93394367136,0.10449427344611216,1.735386039813863,CT80,MFL,0.3652975405469451,120.0,60.0,1.5,0.0,0.7842571896268735
INSP_003338,String_G,String_G_339,2024-03-14,77246.93394367136,0.1041627484854111,1.735386039813863,CT80,MFL,0.0,120.0,60.0,1.5,0.0,0.7153435223015292
INSP_003339,String_G,String_G_340,2024-05-03,77246.93394367136,0.10628775069819313,1.735386039813863,CT80,MFL,0.0,120.0,60.0,1.5,0.0,0.9260798386465807
INSP_003340,String_G,String_G_341,2024-04-10,77246.93394367136,0.10427998108567688,1.735386039813863,CT80,UT,0.0,120.0,60.0,1.5,0.0,0.9855817093883001
INSP_003341,String_G,String_G_342,2024-03-08,77246.93394367136,0.10586867824694622,1.735386039813863,CT80,MFL,1.011878110412527,120.0,60.0,1.5,0.0,0.8212875712475304
INSP_003342,String_G,String_G_343,2024-04-25,77246.93394367136,0.104473699711304,1.735386039813863,CT80,MFL,0.0,120.0,60.0,1.5,0.0,0.7552894210920982
INSP_003343,String_G,String_G_344,2024-02-03,77246.93394367136,0.10614991841492624,1.735386039813863,CT80,MFL,0.0,120.0,60.0,1.5,0.0,0.8598139146691522
INSP_003344,String_G,String_G_345,2024-01-28,77246.93394367136,0.10679525091057486,1.735386039813863,CT80,MFL,0.0,120.0,60.0,1.5,0.0,0.9724270711096021
INSP_003345,String_G,String_G_346,2024-06-16,77246.93394367136,0.10663952106202049,1.735386039813863,CT80,UT,0.0,120.0,60.0,1.5,0.0,0.8324373993739506
INSP_003346,String_G,String_G_347,2024-03-05,77246.93394367136,0.10656707007917542,1.735386039813863,CT80,UT,0.0,120.0,60.0,1.5,0.0,0.9419157241615197
INSP_003347,String_G,String_G_348,2024-03-18,77246.93394367136,0.10414923112592085,1.735386039813863,CT80,UT,0.062020330774787205,120.0,60.0,1.5,0.0,0.8270345841906117
INSP_003348,String_G,String_G_349,2024-03-02,77246.93394367136,0.1037301596629321,1.735386039813863,CT80,MFL,0.589699323178519,120.0,60.0,1.5,0.0,0.8928771333499887
INSP_003349,String_G,String_G_350,2024-03-23,77246.93394367136,0.10630592415699168,1.735386039813863,CT80,UT,0.3631047777685169,120.0,60.0,1.5,0.0,0.9945244585256227
INSP_003350,String_G,String_G_351,2024-02-22,77246.93394367136,0.10491122668699225,1.735386039813863,CT80,EMAT,1.8869436955843153,120.0,60.0,1.5,0.0,0.8318325138707524
INSP_003351,String_G,String_G_352,2024-02-03,77246.93394367136,0.10518121708329177,1.735386039813863,CT80,MFL,0.0,120.0,60.0,1.5,0.0,0.7725635164066178
INSP_003352,String_G,String_G_353,2024-04-22,77246.93394367136,0.10348870076652672,1.735386039813863,CT80,EMAT,0.0,120.0,60.0,1.5,0.0,0.8606175998073502
INSP_003353,String_G,String_G_354,2024-05-21,77246.93394367136,0.10445235926668087,1.735386039813863,CT80,MFL,0.0,120.0,60.0,1.5,0.0,0.7347867387105188
INSP_003354,String_G,String_G_355,2024-03-28,77246.93394367136,0.1034993626453985,1.735386039813863,CT80,EMAT,0.0,120.0,60.0,1.5,0.0,0.8638227504182172
INSP_003355,String_G,String_G_356,2024-01-31,77246.93394367136,0.10706628344982043,1.735386039813863,CT80,EMAT,0.0,120.0,60.0,1.5,0.0,0.7744220400552915
INSP_003356,String_G,String_G_357,2024-02-13,77246.93394367136,0.1043841022534622,1.735386039813863,CT80,EMAT,0.0,120.0,60.0,1.5,0.0,0.9902092329901566
INSP_003357,String_G,String_G_358,2024-03-29,77246.93394367136,0.10570851200401812,1.735386039813863,CT80,MFL,0.5447205302271276,120.0,60.0,1.5,0.0,0.9812480677795649
INSP_003358,String_G,String_G_359,2024-05-21,77246.93394367136,0.1035217338749911,1.735386039813863,CT80,MFL,2.134165551700316,120.0,60.0,1.5,0.0,0.7851496059031938
INSP_003359,String_G,String_G_360,2024-02-02,77246.93394367136,0.10617049894661493,1.735386039813863,CT80,UT,0.0,120.0,60.0,1.5,0.0,0.7163988582920552
INSP_003360,String_G,String_G_361,2024-03-16,77246.93394367136,0.10472003734463184,1.735386039813863,CT80,MFL,0.0,120.0,60.0,1.5,0.0,0.8697248566462965
INSP_003361,String_G,String_G_362,2024-03-04,77246.93394367136,0.10714531344981487,1.735386039813863,CT80,UT,0.0,120.0,60.0,1.5,0.0,0.9391173772896778
INSP_003362,String_G,String_G_363,2024-03-30,77246.93394367136,0.10710396632221622,1.735386039813863,CT80,MFL,0.5480796410248395,120.0,60.0,1.5,0.0,0.8517249174133901
INSP_003363,String_G,String_G_364,2024-02-25,77246.93394367136,0.10472958533362985,1.735386039813863,CT80,MFL,0.0,120.0,60.0,1.5,0.0,0.8370764426915485
INSP_003364,String_G,String_G_365,2024-06-20,77246.93394367136,0.1071581454000703,1.735386039813863,CT80,UT,0.0,120.0,60.0,1.5,0.0,0.792207268620059
INSP_003365,String_G,String_G_366,2024-04-11,77246.93394367136,0.10755974871735789,1.735386039813863,CT80,UT,0.17682901042010798,120.0,60.0,1.5,0.0,0.8692742371113613
INSP_003366,String_G,String_G_367,2024-02-09,77246.93394367136,0.10683944537365278,1.735386039813863,CT80,MFL,0.0,120.0,60.0,1.5,0.0,0.7578407872527633
INSP_003367,String_G,String_G_368,2024-02-04,77246.93394367136,0.10692152238577764,1.735386039813863,CT80,MFL,0.0,120.0,60.0,1.5,0.0,0.7499820865911007
INSP_003368,String_G,String_G_369,2024-02-19,77246.93394367136,0.1044077776247251,1.735386039813863,CT80,EMAT,0.0,120.0,60.0,1.5,0.0,0.800115868746206
INSP_003369,String_G,String_G_370,2024-03-24,77246.93394367136,0.10579020741955467,1.735386039813863,CT80,EMAT,0.0,120.0,60.0,1.5,0.0,0.7861346288393086
INSP_003370,String_G,String_G_371,2024-03-16,77246.93394367136,0.10364102335027399,1.735386039813863,CT80,UT,0.0,120.0,60.0,1.5,0.0,0.8065237090771842
INSP_003371,String_G,String_G_372,2024-02-22,77246.93394367136,0.10375772015868427,1.735386039813863,CT80,MFL,0.0,120.0,60.0,1.5,0.0,0.8512529437076712
INSP_003372,String_G,String_G_373,2024-02-05,77246.93394367136,0.10757128650690628,1.735386039813863,CT80,MFL,0.0,120.0,60.0,1.5,0.0,0.8338203720035071
INSP_003373,String_G,String_G_374,2024-04-14,77246.93394367136,0.10473527475633547,1.735386039813863,CT80,UT,0.0,120.0,60.0,1.5,0.0,0.9998633472829057
INSP_003374,String_G,String_G_375,2024-06-09,77246.93394367136,0.10651363048214725,1.735386039813863,CT80,MFL,0.0,120.0,60.0,1.5,0.0,0.8501340171732488
INSP_003375,String_G,String_G_376,2024-02-20,77246.93394367136,0.10676034282636973,1.735386039813863,CT80,UT,1.2828168317616646,120.0,60.0,1.5,0.0,0.8121275568768365
INSP_003376,String_G,String_G_377,2024-04-23,77246.93394367136,0.10697700594444756,1.735386039813863,CT80,MFL,0.0,120.0,60.0,1.5,0.0,0.8819041850509142
INSP_003377,String_G,String_G_378,2024-03-22,77246.93394367136,0.10756595278698794,1.735386039813863,CT80,EMAT,0.17841531330024235,120.0,60.0,1.5,0.0,0.9770955179206768
INSP_003378,String_G,String_G_379,2024-03-18,77246.93394367136,0.10437608595477567,1.735386039813863,CT80,UT,0.0,120.0,60.0,1.5,0.0,0.932317555146551
INSP_003379,String_G,String_G_380,2024-05-30,77246.93394367136,0.10352751980022624,1.735386039813863,CT80,MFL,0.0,120.0,60.0,1.5,0.0,0.8954773994387742
INSP_003380,String_G,String_G_381,2024-06-01,77246.93394367136,0.10509197245475699,1.735386039813863,CT80,EMAT,0.0,120.0,60.0,1.5,0.0,0.9807034924640645
INSP_003381,String_G,String_G_382,2024-06-13,77246.93394367136,0.10390605995069965,1.735386039813863,CT80,MFL,0.0,120.0,60.0,1.5,0.0,0.8857860134159083
INSP_003382,String_G,String_G_383,2024-01-18,77246.93394367136,0.10345190049243788,1.735386039813863,CT80,UT,0.0,120.0,60.0,1.5,0.0,0.9237486080499977
INSP_003383,String_G,String_G_384,2024-01-29,77246.93394367136,0.10487781322881412,1.735386039813863,CT80,MFL,0.8769608628530641,120.0,60.0,1.5,0.0,0.744009826668476
INSP_003384,String_G,String_G_385,2024-01-08,77246.93394367136,0.1066636223287801,1.735386039813863,CT80,EMAT,0.9404005526885414,120.0,60.0,1.5,0.0,0.7268084177202752
INSP_003385,String_G,String_G_386,2024-06-20,77246.93394367136,0.10574581985953319,1.735386039813863,CT80,MFL,0.23081887716744964,120.0,60.0,1.5,0.0,0.9212667321582236
INSP_003386,String_G,String_G_387,2024-02-08,77246.93394367136,0.10467679874262456,1.735386039813863,CT80,UT,0.0,120.0,60.0,1.5,0.0,0.7883878524186819
INSP_003387,String_G,String_G_388,2024-02-07,77246.93394367136,0.10611774291282827,1.735386039813863,CT80,MFL,1.2363835490184478,120.0,60.0,1.5,0.0,0.9397128524066947
INSP_003388,String_G,String_G_389,2024-02-14,77246.93394367136,0.10433610016116963,1.735386039813863,CT80,MFL,0.41241602651354853,120.0,60.0,1.5,0.0,0.8462428125833659
INSP_003389,String_G,String_G_390,2024-01-25,77246.93394367136,0.10341796368170707,1.735386039813863,CT80,UT,0.0,120.0,60.0,1.5,0.0,0.9214826467674119
INSP_003390,String_G,String_G_391,2024-03-27,77246.93394367136,0.10658184407826207,1.735386039813863,CT80,UT,1.405906102744404,120.0,60.0,1.5,0.0,0.7336059973149434
INSP_003391,String_G,String_G_392,2024-05-14,77246.93394367136,0.10598865631648723,1.735386039813863,CT80,UT,0.0,120.0,60.0,1.5,0.0,0.965370847201305
INSP_003392,String_G,String_G_393,2024-01-19,77246.93394367136,0.10657319260060481,1.735386039813863,CT80,UT,0.8228169304771661,120.0,60.0,1.5,0.0,0.8936577255185387
INSP_003393,String_G,String_G_394,2024-02-03,77246.93394367136,0.10352155962736273,1.735386039813863,CT80,MFL,0.6434446863594223,120.0,60.0,1.5,0.0,0.8452422039762166
INSP_003394,String_G,String_G_395,2024-03-11,77246.93394367136,0.10688882047602746,1.735386039813863,CT80,MFL,0.1571922829891526,120.0,60.0,1.5,0.0,0.9169959594991426
INSP_003395,String_G,String_G_396,2024-01-02,77246.93394367136,0.10597086669193884,1.735386039813863,CT80,EMAT,0.0,120.0,60.0,1.5,0.0,0.9537906512645855
INSP_003396,String_G,String_G_397,2024-05-06,77246.93394367136,0.10573406944092323,1.735386039813863,CT80,UT,0.0,120.0,60.0,1.5,0.0,0.7313164071582264
INSP_003397,String_G,String_G_398,2024-02-15,77246.93394367136,0.10599233061869259,1.735386039813863,CT80,MFL,0.0,120.0,60.0,1.5,0.0,0.9354610075754699
INSP_003398,String_G,String_G_399,2024-05-21,77246.93394367136,0.10700404748544118,1.735386039813863,CT80,UT,0.0,120.0,60.0,1.5,0.0,0.7052655782355182
INSP_003399,String_G,String_G_400,2024-01-26,77246.93394367136,0.10583338169180298,1.735386039813863,CT80,UT,0.0,120.0,60.0,1.5,0.0,0.7474741919453043
INSP_003400,String_G,String_G_401,2024-01-10,77246.93394367136,0.10580812822856595,1.735386039813863,CT80,EMAT,0.0,120.0,60.0,1.5,0.0,0.8384781928425372
INSP_003401,String_G,String_G_402,2024-03-27,77246.93394367136,0.10753663669167837,1.735386039813863,CT80,MFL,0.0,120.0,60.0,1.5,0.0,0.8726409886349228
INSP_003402,String_G,String_G_403,2024-03-17,77246.93394367136,0.10654968426931657,1.735386039813863,CT80,MFL,6.086843725026041,120.0,60.0,1.5,0.0,0.9011644639269403
INSP_003403,String_G,String_G_404,2024-03-07,77246.93394367136,0.10522318258713073,1.735386039813863,CT80,MFL,0.0,120.0,60.0,1.5,0.0,0.885606365475656
INSP_003404,String_G,String_G_405,2024-04-19,77246.93394367136,0.1063415641628387,1.735386039813863,CT80,EMAT,0.0,120.0,60.0,1.5,0.0,0.9288573866296207
INSP_003405,String_G,String_G_406,2024-03-28,77246.93394367136,0.10499932615674816,1.735386039813863,CT80,MFL,0.0,120.0,60.0,1.5,0.0,0.9279985032656723
INSP_003406,String_G,String_G_407,2024-02-24,77246.93394367136,0.10432284208738814,1.735386039813863,CT80,EMAT,0.0,120.0,60.0,1.5,0.0,0.8056002864153502
INSP_003407,String_G,String_G_408,2024-01-08,77246.93394367136,0.1058752113178458,1.735386039813863,CT80,EMAT,0.5077444294781807,120.0,60.0,1.5,0.0,0.7520595495061038
INSP_003408,String_G,String_G_409,2024-05-07,77246.93394367136,0.1072729825347456,1.735386039813863,CT80,EMAT,0.0,120.0,60.0,1.5,0.0,0.7774925723786889
INSP_003409,String_G,String_G_410,2024-03-02,77246.93394367136,0.10727702157703826,1.735386039813863,CT80,UT,0.0,120.0,60.0,1.5,0.0,0.7458760796542286
INSP_003410,String_G,String_G_411,2024-04-30,77246.93394367136,0.10479967701763754,1.735386039813863,CT80,MFL,0.0,120.0,60.0,1.5,0.0,0.744593786595914
INSP_003411,String_G,String_G_412,2024-01-04,77246.93394367136,0.10558338765075861,1.735386039813863,CT80,MFL,1.36248679381982,120.0,60.0,1.5,0.0,0.9628664376788414
INSP_003412,String_G,String_G_413,2024-02-06,77246.93394367136,0.10425011414201325,1.735386039813863,CT80,UT,0.0,120.0,60.0,1.5,0.0,0.7995912180975155
INSP_003413,String_G,String_G_414,2024-05-11,77246.93394367136,0.10755752732022669,1.735386039813863,CT80,MFL,0.0,120.0,60.0,1.5,0.0,0.7202904897618049
INSP_003414,String_G,String_G_415,2024-05-17,77246.93394367136,0.10749630098406657,1.735386039813863,CT80,MFL,0.9733452260562703,120.0,60.0,1.5,0.0,0.9026937029008306
INSP_003415,String_G,String_G_416,2024-03-19,77246.93394367136,0.10609735378503682,1.735386039813863,CT80,UT,0.24714483717585997,120.0,60.0,1.5,0.0,0.9031652598253999
INSP_003416,String_G,String_G_417,2024-01-24,77246.93394367136,0.10675084663944931,1.735386039813863,CT80,UT,0.0,120.0,60.0,1.5,0.0,0.985488176062795
INSP_003417,String_G,String_G_418,2024-03-22,77246.93394367136,0.1063740612198099,1.735386039813863,CT80,MFL,0.0,120.0,60.0,1.5,0.0,0.8084653912609626
INSP_003418,String_G,String_G_419,2024-01-21,77246.93394367136,0.10585962901265701,1.735386039813863,CT80,MFL,0.0,120.0,60.0,1.5,0.0,0.7299580268988889
INSP_003419,String_G,String_G_420,2024-04-16,77246.93394367136,0.10358235050730907,1.735386039813863,CT80,MFL,0.7707002383283019,120.0,60.0,1.5,0.0,0.8707676673035761
INSP_003420,String_G,String_G_421,2024-01-14,77246.93394367136,0.1052757916058773,1.735386039813863,CT80,UT,0.0,120.0,60.0,1.5,0.0,0.8597850223136276
INSP_003421,String_G,String_G_422,2024-03-30,77246.93394367136,0.10620399055222528,1.735386039813863,CT80,EMAT,0.0,120.0,60.0,1.5,0.0,0.8363852601323176
INSP_003422,String_G,String_G_423,2024-05-01,77246.93394367136,0.10621557210275279,1.735386039813863,CT80,MFL,0.0,120.0,60.0,1.5,0.0,0.9407608231590925
INSP_003423,String_G,String_G_424,2024-04-23,77246.93394367136,0.10493137251948954,1.735386039813863,CT80,MFL,0.0,120.0,60.0,1.5,0.0,0.784004113282143
INSP_003424,String_G,String_G_425,2024-04-06,77246.93394367136,0.10732997622907435,1.735386039813863,CT80,UT,0.0,120.0,60.0,1.5,0.0,0.8989116935855002
INSP_003425,String_G,String_G_426,2024-03-19,77246.93394367136,0.10406331643714865,1.735386039813863,CT80,EMAT,0.1044626130297695,120.0,60.0,1.5,0.0,0.8940298740025091
INSP_003426,String_G,String_G_427,2024-02-24,77246.93394367136,0.10546814207513333,1.735386039813863,CT80,MFL,0.0,120.0,60.0,1.5,0.0,0.8268724450297587
INSP_003427,String_G,String_G_428,2024-04-21,77246.93394367136,0.10627190124817351,1.735386039813863,CT80,UT,0.0,120.0,60.0,1.5,0.0,0.9075618964689367
INSP_003428,String_G,String_G_429,2024-01-12,77246.93394367136,0.10629827562197335,1.735386039813863,CT80,MFL,0.0,120.0,60.0,1.5,0.0,0.9239070003652964
INSP_003429,String_G,String_G_430,2024-05-30,77246.93394367136,0.10609368366062559,1.735386039813863,CT80,MFL,0.0,120.0,60.0,1.5,0.0,0.7145762283568753
INSP_003430,String_G,String_G_431,2024-05-17,77246.93394367136,0.1045186419367367,1.735386039813863,CT80,UT,0.0,120.0,60.0,1.5,0.0,0.9036451851427678
INSP_003431,String_G,String_G_432,2024-04-21,77246.93394367136,0.10401627636652719,1.735386039813863,CT80,UT,0.0,120.0,60.0,1.5,0.0,0.7386137309616292
INSP_003432,String_G,String_G_433,2024-03-30,77246.93394367136,0.10604011239458941,1.735386039813863,CT80,MFL,0.0,120.0,60.0,1.5,0.0,0.9713270633014643
INSP_003433,String_G,String_G_434,2024-02-27,77246.93394367136,0.1058855480564863,1.735386039813863,CT80,UT,0.33757001229058076,120.0,60.0,1.5,0.0,0.9802489769329555
INSP_003434,String_G,String_G_435,2024-01-31,77246.93394367136,0.10411393610622643,1.735386039813863,CT80,MFL,0.1418247735449556,120.0,60.0,1.5,0.0,0.7123568179016783
INSP_003435,String_G,String_G_436,2024-05-27,77246.93394367136,0.10633203903118074,1.735386039813863,CT80,UT,0.0,120.0,60.0,1.5,0.0,0.8804963617532939
INSP_003436,String_G,String_G_437,2024-04-09,77246.93394367136,0.10527751134122074,1.735386039813863,CT80,MFL,0.0,120.0,60.0,1.5,0.0,0.9637094807147644
INSP_003437,String_G,String_G_438,2024-06-16,77246.93394367136,0.10617435143277325,1.735386039813863,CT80,MFL,1.4135104721253495,120.0,60.0,1.5,0.0,0.9340325221240329
INSP_003438,String_G,String_G_439,2024-06-05,77246.93394367136,0.10688986439287067,1.735386039813863,CT80,MFL,0.0,120.0,60.0,1.5,0.0,0.982181843954069
INSP_003439,String_G,String_G_440,2024-03-22,77246.93394367136,0.10407332056395557,1.735386039813863,CT80,EMAT,0.0,120.0,60.0,1.5,0.0,0.9169594040714064
INSP_003440,String_G,String_G_441,2024-01-14,77246.93394367136,0.1034380589631931,1.735386039813863,CT80,UT,0.0,120.0,60.0,1.5,0.0,0.7676791167847313
INSP_003441,String_G,String_G_442,2024-04-15,77246.93394367136,0.10664406601231685,1.735386039813863,CT80,MFL,0.0,120.0,60.0,1.5,0.0,0.7605613893655471
INSP_003442,String_G,String_G_443,2024-05-05,77246.93394367136,0.10592940238307211,1.735386039813863,CT80,EMAT,0.0,120.0,60.0,1.5,0.0,0.8557276607017998
INSP_003443,String_G,String_G_444,2024-05-14,77246.93394367136,0.10630883816245999,1.735386039813863,CT80,UT,0.0,120.0,60.0,1.5,0.0,0.8818589185961951
INSP_003444,String_G,String_G_445,2024-02-03,77246.93394367136,0.1068931882588744,1.735386039813863,CT80,UT,1.1517982854859943,120.0,60.0,1.5,0.0,0.726256084655368
INSP_003445,String_G,String_G_446,2024-02-05,77246.93394367136,0.10674408359269706,1.735386039813863,CT80,UT,0.0,120.0,60.0,1.5,0.0,0.8306996523039165
INSP_003446,String_G,String_G_447,2024-06-16,77246.93394367136,0.10741109339635534,1.735386039813863,CT80,UT,0.47739694384366127,120.0,60.0,1.5,0.0,0.968991849822521
INSP_003447,String_G,String_G_448,2024-01-31,77246.93394367136,0.1056182237523747,1.735386039813863,CT80,EMAT,0.0,120.0,60.0,1.5,0.0,0.9831679884776562
INSP_003448,String_G,String_G_449,2024-03-28,77246.93394367136,0.1054180926197912,1.735386039813863,CT80,UT,0.0,120.0,60.0,1.5,0.0,0.8086997962315411
INSP_003449,String_G,String_G_450,2024-06-12,77246.93394367136,0.10505272065336586,1.735386039813863,CT80,MFL,0.2393265596813723,120.0,60.0,1.5,0.0,0.9690615727049787
INSP_003450,String_G,String_G_451,2024-03-21,77246.93394367136,0.10400566420562955,1.735386039813863,CT80,EMAT,0.22627551293582354,120.0,60.0,1.5,0.0,0.8687029446723078
INSP_003451,String_G,String_G_452,2024-06-21,77246.93394367136,0.10577293128607029,1.735386039813863,CT80,UT,0.0,120.0,60.0,1.5,0.0,0.9869094399540375
INSP_003452,String_G,String_G_453,2024-03-08,77246.93394367136,0.10452591622671818,1.735386039813863,CT80,MFL,0.0,120.0,60.0,1.5,0.0,0.7865968769526392
INSP_003453,String_G,String_G_454,2024-06-24,77246.93394367136,0.1072439809596254,1.735386039813863,CT80,MFL,3.0782614244137343,120.0,60.0,1.5,0.0,0.9733860442793181
INSP_003454,String_G,String_G_455,2024-01-07,77246.93394367136,0.10581757982858264,1.735386039813863,CT80,UT,0.2081691186127237,0.0,100.0,0.0,0.0,0.8819596728700286
INSP_003455,String_G,String_G_456,2024-03-19,77246.93394367136,0.1058582873146273,1.735386039813863,CT80,EMAT,0.0,0.0,100.0,0.0,0.0,0.7221880024941345
INSP_003456,String_G,String_G_457,2024-05-29,77246.93394367136,0.1048546014324177,1.735386039813863,CT80,EMAT,0.0,0.0,100.0,0.0,0.0,0.785274426112851
INSP_003457,String_G,String_G_458,2024-06-08,77246.93394367136,0.10357661883911533,1.735386039813863,CT80,MFL,0.0,0.0,100.0,0.0,0.0,0.7150245210337088
INSP_003458,String_G,String_G_459,2024-02-09,77246.93394367136,0.10349120949094118,1.735386039813863,CT80,UT,0.0,0.0,100.0,0.0,0.0,0.7719196434526282
INSP_003459,String_G,String_G_460,2024-02-15,77246.93394367136,0.10514320234574152,1.735386039813863,CT80,MFL,0.39647801781163644,0.0,100.0,0.0,0.0,0.9516903629441613
INSP_003460,String_G,String_G_461,2024-05-07,77246.93394367136,0.10371404618124652,1.735386039813863,CT80,UT,0.4918104145558941,0.0,100.0,0.0,0.0,0.7918062425187324
INSP_003461,String_G,String_G_462,2024-02-19,77246.93394367136,0.10591737720660549,1.735386039813863,CT80,MFL,0.0,0.0,100.0,0.0,0.0,0.8744929964234657
INSP_003462,String_G,String_G_463,2024-06-28,77246.93394367136,0.10707382318733588,1.735386039813863,CT80,UT,0.0,0.0,100.0,0.0,0.0,0.9042924686733389
INSP_003463,String_G,String_G_464,2024-04-24,77246.93394367136,0.10708201503698175,1.735386039813863,CT80,EMAT,0.0,0.0,100.0,0.0,0.0,0.9194289469182781
INSP_003464,String_G,String_G_465,2024-04-06,77246.93394367136,0.106137585001492,1.735386039813863,CT80,MFL,0.0,0.0,100.0,0.0,0.0,0.9374302961297143
INSP_003465,String_G,String_G_466,2024-04-30,77246.93394367136,0.10424840951828258,1.735386039813863,CT80,UT,0.7397428002091982,0.0,100.0,0.0,0.0,0.910050193461178
INSP_003466,String_G,String_G_467,2024-05-11,77246.93394367136,0.10699798772956609,1.735386039813863,CT80,UT,0.08484765345237771,0.0,100.0,0.0,0.0,0.8979732315794902
INSP_003467,String_G,String_G_468,2024-04-28,77246.93394367136,0.10709542456492636,1.735386039813863,CT80,EMAT,0.0,0.0,100.0,0.0,0.0,0.8419231640478804
INSP_003468,String_G,String_G_469,2024-04-07,77246.93394367136,0.10418690877952391,1.735386039813863,CT80,MFL,0.0,0.0,100.0,0.0,0.0,0.7943565737388363
INSP_003469,String_G,String_G_470,2024-06-04,77246.93394367136,0.10646824681665369,1.735386039813863,CT80,UT,0.0,0.0,100.0,0.0,0.0,0.7300869506532046
INSP_003470,String_G,String_G_471,2024-06-06,77246.93394367136,0.1045660231789203,1.735386039813863,CT80,MFL,0.0,0.0,100.0,0.0,0.0,0.8381584246217954
INSP_003471,String_G,String_G_472,2024-01-19,77246.93394367136,0.10674336379364333,1.735386039813863,CT80,EMAT,0.6190527336150015,0.0,100.0,0.0,0.0,0.7879132614635966
INSP_003472,String_G,String_G_473,2024-01-16,77246.93394367136,0.10756430583071389,1.735386039813863,CT80,UT,0.0,0.0,100.0,0.0,0.0,0.7994560924244232
INSP_003473,String_G,String_G_474,2024-06-19,77246.93394367136,0.10348396283671932,1.735386039813863,CT80,UT,0.0,0.0,100.0,0.0,0.0,0.8684976357378718
INSP_003474,String_G,String_G_475,2024-02-06,77246.93394367136,0.1071429791731597,1.735386039813863,CT80,UT,0.0,0.0,100.0,0.0,0.0,0.8703679033887379
INSP_003475,String_G,String_G_476,2024-04-16,77246.93394367136,0.10598396283537258,1.735386039813863,CT80,EMAT,0.0,0.0,100.0,0.0,0.0,0.8449621526069735
INSP_003476,String_G,String_G_477,2024-04-24,77246.93394367136,0.10746366839213574,1.735386039813863,CT80,UT,0.0,0.0,100.0,0.0,0.0,0.8876957380416101
INSP_003477,String_G,String_G_478,2024-01-09,77246.93394367136,0.10531901256724156,1.735386039813863,CT80,MFL,0.0,0.0,100.0,0.0,0.0,0.8295755792867646
INSP_003478,String_G,String_G_479,2024-03-12,77246.93394367136,0.10693213900569337,1.735386039813863,CT80,EMAT,0.0,0.0,100.0,0.0,0.0,0.9700887564016383
INSP_003479,String_G,String_G_480,2024-05-28,77246.93394367136,0.10362051285324543,1.735386039813863,CT80,MFL,0.0,0.0,100.0,0.0,0.0,0.7987928433359804
INSP_003480,String_G,String_G_481,2024-02-26,77246.93394367136,0.1047717231811938,1.735386039813863,CT80,UT,0.0,0.0,100.0,0.0,0.0,0.8863364542289003
INSP_003481,String_G,String_G_482,2024-01-16,77246.93394367136,0.10364001350220244,1.735386039813863,CT80,MFL,0.0,0.0,100.0,0.0,0.0,0.8718921570437697
INSP_003482,String_G,String_G_483,2024-02-24,77246.93394367136,0.10747193914530954,1.735386039813863,CT80,EMAT,0.0,0.0,100.0,0.0,0.0,0.9976596657932462
INSP_003483,String_G,String_G_484,2024-05-22,77246.93394367136,0.10680383242924864,1.735386039813863,CT80,UT,0.0,0.0,100.0,0.0,0.0,0.7134418172905724
INSP_003484,String_G,String_G_485,2024-06-27,77246.93394367136,0.10695390516856292,1.735386039813863,CT80,UT,0.0,0.0,100.0,0.0,0.0,0.7593348624817389
INSP_003485,String_G,String_G_486,2024-04-13,77246.93394367136,0.10731425429714357,1.735386039813863,CT80,UT,0.0,0.0,100.0,0.0,0.0,0.7845927171863809
INSP_003486,String_G,String_G_487,2024-05-15,77246.93394367136,0.10371631627874237,1.735386039813863,CT80,EMAT,0.0,0.0,100.0,0.0,0.0,0.7755003140953
INSP_003487,String_G,String_G_488,2024-04-06,77246.93394367136,0.10498400025640824,1.735386039813863,CT80,EMAT,0.0,0.0,100.0,0.0,0.0,0.8326135098026587
INSP_003488,String_G,String_G_489,2024-03-02,77246.93394367136,0.10365696558027027,1.735386039813863,CT80,MFL,0.0,0.0,100.0,0.0,0.0,0.9513320231937754
INSP_003489,String_G,String_G_490,2024-05-27,77246.93394367136,0.10424655866370025,1.735386039813863,CT80,MFL,0.031811304746493664,0.0,100.0,0.0,0.0,0.8156206205829678
INSP_003490,String_G,String_G_491,2024-05-08,77246.93394367136,0.1043249105602504,1.735386039813863,CT80,EMAT,0.0,0.0,100.0,0.0,0.0,0.7231908770005787
INSP_003491,String_G,String_G_492,2024-02-05,77246.93394367136,0.1053362993635934,1.735386039813863,CT80,EMAT,0.0,0.0,100.0,0.0,0.0,0.9569259349008254
INSP_003492,String_G,String_G_493,2024-06-18,77246.93394367136,0.10449026700170946,1.735386039813863,CT80,EMAT,0.8228421092512296,0.0,100.0,0.0,0.0,0.7515057220108947
INSP_003493,String_G,String_G_494,2024-05-06,77246.93394367136,0.10378328598590857,1.735386039813863,CT80,UT,2.5343997552035438,0.0,100.0,0.0,0.0,0.7912987507519663
INSP_003494,String_G,String_G_495,2024-01-06,77246.93394367136,0.10406388197812437,1.735386039813863,CT80,EMAT,0.8192848261741232,0.0,100.0,0.0,0.0,0.8284708674105171
INSP_003495,String_G,String_G_496,2024-01-07,77246.93394367136,0.10397859944750412,1.735386039813863,CT80,MFL,0.0,0.0,100.0,0.0,0.0,0.7856877664954937
INSP_003496,String_G,String_G_497,2024-05-24,77246.93394367136,0.10746237823471301,1.735386039813863,CT80,MFL,0.0,0.0,100.0,0.0,0.0,0.8080502358495497
INSP_003497,String_G,String_G_498,2024-05-22,77246.93394367136,0.10656049392283039,1.735386039813863,CT80,MFL,0.0,0.0,100.0,0.0,0.0,0.7238928712679488
INSP_003498,String_G,String_G_499,2024-01-15,77246.93394367136,0.10743995462678262,1.735386039813863,CT80,UT,0.0,0.0,100.0,0.0,0.0,0.9854547149145156
INSP_003499,String_G,String_G_500,2024-01-06,77246.93394367136,0.10521241098980043,1.735386039813863,CT80,MFL,0.0,0.0,100.0,0.0,0.0,0.8960804154537921
INSP_003500,String_H,String_H_001,2024-05-19,87370.25166430077,0.09475748259896981,1.7354501253974655,CT90,MFL,0.0018893021870328727,120.0,60.0,1.5,0.0,0.8344525251038415
INSP_003501,String_H,String_H_002,2024-02-18,87370.25166430077,0.09674577965826307,1.7354501253974655,CT90,MFL,0.9233567195764736,120.0,60.0,1.5,0.0,0.784664755520884
INSP_003502,String_H,String_H_003,2024-05-02,87370.25166430077,0.09494060617337854,1.7354501253974655,CT90,UT,0.4088040465718955,120.0,60.0,1.5,0.0,0.7588012725793642
INSP_003503,String_H,String_H_004,2024-05-20,87370.25166430077,0.09483784778800669,1.7354501253974655,CT90,UT,0.0,120.0,60.0,1.5,0.0,0.7582849169167326
INSP_003504,String_H,String_H_005,2024-02-09,87370.25166430077,0.09458209518192993,1.7354501253974655,CT90,EMAT,4.407576301638458,120.0,60.0,1.5,0.0,0.9442418948939879
INSP_003505,String_H,String_H_006,2024-03-31,87370.25166430077,0.09418886392477652,1.7354501253974655,CT90,MFL,0.0,120.0,60.0,1.5,0.0,0.81996297685279
INSP_003506,String_H,String_H_007,2024-06-18,87370.25166430077,0.09467371184880068,1.7354501253974655,CT90,MFL,0.0,120.0,60.0,1.5,0.0,0.9643036547201972
INSP_003507,String_H,String_H_008,2024-04-17,87370.25166430077,0.0950517597759046,1.7354501253974655,CT90,MFL,0.0,120.0,60.0,1.5,0.0,0.7673339585061508
INSP_003508,String_H,String_H_009,2024-06-05,87370.25166430077,0.0962704352342762,1.7354501253974655,CT90,MFL,0.0,120.0,60.0,1.5,0.0,0.9170675318772463
INSP_003509,String_H,String_H_010,2024-05-02,87370.25166430077,0.09393220592167496,1.7354501253974655,CT90,UT,0.0,120.0,60.0,1.5,0.0,0.9168287160601811
INSP_003510,String_H,String_H_011,2024-02-29,87370.25166430077,0.09449796636448857,1.7354501253974655,CT90,MFL,0.005535617034506923,120.0,60.0,1.5,0.0,0.8164600702525595
INSP_003511,String_H,String_H_012,2024-01-03,87370.25166430077,0.0967868150385554,1.7354501253974655,CT90,UT,3.2462798559417076,120.0,60.0,1.5,0.0,0.9685871115845455
INSP_003512,String_H,String_H_013,2024-01-04,87370.25166430077,0.09425480442832784,1.7354501253974655,CT90,EMAT,0.0,120.0,60.0,1.5,0.0,0.9518500443517692
INSP_003513,String_H,String_H_014,2024-02-17,87370.25166430077,0.09500328953966834,1.7354501253974655,CT90,EMAT,0.2756328812801628,120.0,60.0,1.5,0.0,0.7191415089408639
INSP_003514,String_H,String_H_015,2024-06-01,87370.25166430077,0.09699957558527277,1.7354501253974655,CT90,UT,0.0,120.0,60.0,1.5,0.0,0.7027504665395145
INSP_003515,String_H,String_H_016,2024-03-14,87370.25166430077,0.0942854109978435,1.7354501253974655,CT90,MFL,0.33802322459836437,120.0,60.0,1.5,0.0,0.927668157711809
INSP_003516,String_H,String_H_017,2024-02-23,87370.25166430077,0.0940093476961579,1.7354501253974655,CT90,MFL,0.0,120.0,60.0,1.5,0.0,0.9200132656182282
INSP_003517,String_H,String_H_018,2024-02-02,87370.25166430077,0.09554591643368902,1.7354501253974655,CT90,MFL,0.0,120.0,60.0,1.5,0.0,0.8775129344834797
INSP_003518,String_H,String_H_019,2024-05-13,87370.25166430077,0.09484945859093234,1.7354501253974655,CT90,MFL,0.0,120.0,60.0,1.5,0.0,0.9179065982723814
INSP_003519,String_H,String_H_020,2024-02-25,87370.25166430077,0.09584753264630971,1.7354501253974655,CT90,MFL,0.0,120.0,60.0,1.5,0.0,0.8936965233470234
INSP_003520,String_H,String_H_021,2024-02-07,87370.25166430077,0.09676685748588178,1.7354501253974655,CT90,EMAT,0.0,120.0,60.0,1.5,0.0,0.8125844108627918
INSP_003521,String_H,String_H_022,2024-05-19,87370.25166430077,0.09421742883846716,1.7354501253974655,CT90,MFL,0.0,120.0,60.0,1.5,0.0,0.8442748494994958
INSP_003522,String_H,String_H_023,2024-03-29,87370.25166430077,0.09591365584999886,1.7354501253974655,CT90,MFL,0.0,120.0,60.0,1.5,0.0,0.7664421601147816
INSP_003523,String_H,String_H_024,2024-02-01,87370.25166430077,0.09562611287319255,1.7354501253974655,CT90,MFL,0.38400061878900194,120.0,60.0,1.5,0.0,0.859802004635283
INSP_003524,String_H,String_H_025,2024-06-18,87370.25166430077,0.09424393169636935,1.7354501253974655,CT90,MFL,0.0,120.0,60.0,1.5,0.0,0.761479742036153
INSP_003525,String_H,String_H_026,2024-05-16,87370.25166430077,0.09607924149933013,1.7354501253974655,CT90,EMAT,0.0,120.0,60.0,1.5,0.0,0.8559113954241834
INSP_003526,String_H,String_H_027,2024-03-20,87370.25166430077,0.09473940152862954,1.7354501253974655,CT90,EMAT,0.2640695016397639,120.0,60.0,1.5,0.0,0.7098961762389664
INSP_003527,String_H,String_H_028,2024-05-18,87370.25166430077,0.09555852223997978,1.7354501253974655,CT90,MFL,0.05531349755207174,120.0,60.0,1.5,0.0,0.9485262141237567
INSP_003528,String_H,String_H_029,2024-03-05,87370.25166430077,0.09400757131102759,1.7354501253974655,CT90,MFL,0.0,120.0,60.0,1.5,0.0,0.8206776601630396
INSP_003529,String_H,String_H_030,2024-01-09,87370.25166430077,0.09545048753832411,1.7354501253974655,CT90,EMAT,0.3089889399980675,120.0,60.0,1.5,0.0,0.9976421281143528
INSP_003530,String_H,String_H_031,2024-02-06,87370.25166430077,0.0948649234978735,1.7354501253974655,CT90,MFL,0.0,120.0,60.0,1.5,0.0,0.9646131749852144
INSP_003531,String_H,String_H_032,2024-06-08,87370.25166430077,0.09683789708588464,1.7354501253974655,CT90,MFL,0.0,120.0,60.0,1.5,0.0,0.9962949027537069
INSP_003532,String_H,String_H_033,2024-03-12,87370.25166430077,0.09391084348950578,1.7354501253974655,CT90,MFL,0.0,120.0,60.0,1.5,0.0,0.9417515442949321
INSP_003533,String_H,String_H_034,2024-02-15,87370.25166430077,0.09529378405164453,1.7354501253974655,CT90,UT,0.2093486547076203,120.0,60.0,1.5,0.0,0.8892002480913213
INSP_003534,String_H,String_H_035,2024-06-04,87370.25166430077,0.09544607963675832,1.7354501253974655,CT90,MFL,0.0,120.0,60.0,1.5,0.0,0.9543661465502418
INSP_003535,String_H,String_H_036,2024-02-28,87370.25166430077,0.09646551491486385,1.7354501253974655,CT90,EMAT,0.0,120.0,60.0,1.5,0.0,0.741533806430374
INSP_003536,String_H,String_H_037,2024-04-10,87370.25166430077,0.0958891369436421,1.7354501253974655,CT90,MFL,0.0,120.0,60.0,1.5,0.0,0.9545419550498263
INSP_003537,String_H,String_H_038,2024-01-09,87370.25166430077,0.09624449999083372,1.7354501253974655,CT90,UT,0.0,120.0,60.0,1.5,0.0,0.7200935025711971
INSP_003538,String_H,String_H_039,2024-05-30,87370.25166430077,0.09666453865237411,1.7354501253974655,CT90,UT,0.8746159333717014,120.0,60.0,1.5,0.0,0.8113600742689913
INSP_003539,String_H,String_H_040,2024-01-06,87370.25166430077,0.09699018354362186,1.7354501253974655,CT90,UT,1.4238841971753826,120.0,60.0,1.5,0.0,0.7486776347536089
INSP_003540,String_H,String_H_041,2024-04-27,87370.25166430077,0.09489326859166589,1.7354501253974655,CT90,EMAT,0.0,120.0,60.0,1.5,0.0,0.8896827254341695
INSP_003541,String_H,String_H_042,2024-02-07,87370.25166430077,0.09575045276172804,1.7354501253974655,CT90,EMAT,0.0,120.0,60.0,1.5,0.0,0.7553028871506423
INSP_003542,String_H,String_H_043,2024-05-04,87370.25166430077,0.09690568820443968,1.7354501253974655,CT90,UT,0.0,120.0,60.0,1.5,0.0,0.768097039706862
INSP_003543,String_H,String_H_044,2024-05-27,87370.25166430077,0.0974768061822625,1.7354501253974655,CT90,UT,0.0,120.0,60.0,1.5,0.0,0.8124589723525486
INSP_003544,String_H,String_H_045,2024-05-14,87370.25166430077,0.09709464673159958,1.7354501253974655,CT90,EMAT,1.0295399503720226,120.0,60.0,1.5,0.0,0.7496170275464781
INSP_003545,String_H,String_H_046,2024-02-07,87370.25166430077,0.09511351112939925,1.7354501253974655,CT90,EMAT,0.08727251392881603,120.0,60.0,1.5,0.0,0.9980849255395545
INSP_003546,String_H,String_H_047,2024-05-01,87370.25166430077,0.09443930149258108,1.7354501253974655,CT90,MFL,0.0,120.0,60.0,1.5,0.0,0.868288932446666
INSP_003547,String_H,String_H_048,2024-02-04,87370.25166430077,0.09556448118343745,1.7354501253974655,CT90,MFL,0.0,120.0,60.0,1.5,0.0,0.8856143190814301
INSP_003548,String_H,String_H_049,2024-02-26,87370.25166430077,0.09652913194877527,1.7354501253974655,CT90,MFL,0.0,120.0,60.0,1.5,0.0,0.7791811188824254
INSP_003549,String_H,String_H_050,2024-01-24,87370.25166430077,0.09557662888814,1.7354501253974655,CT90,EMAT,0.0,120.0,60.0,1.5,0.0,0.9084472323370141
INSP_003550,String_H,String_H_051,2024-06-15,87370.25166430077,0.09554072648787686,1.7354501253974655,CT90,MFL,0.0,120.0,60.0,1.5,0.0,0.9354813892455058
INSP_003551,String_H,String_H_052,2024-03-20,87370.25166430077,0.096898507663699,1.7354501253974655,CT90,UT,0.0,120.0,60.0,1.5,0.0,0.8015080798527372
INSP_003552,String_H,String_H_053,2024-01-19,87370.25166430077,0.09507502633695776,1.7354501253974655,CT90,MFL,0.33024974032231647,120.0,60.0,1.5,0.0,0.9643570294830153
INSP_003553,String_H,String_H_054,2024-03-03,87370.25166430077,0.09698097372271647,1.7354501253974655,CT90,MFL,0.0,120.0,60.0,1.5,0.0,0.9239200775109809
INSP_003554,String_H,String_H_055,2024-06-16,87370.25166430077,0.09524864900886142,1.7354501253974655,CT90,UT,0.0,120.0,60.0,1.5,0.0,0.9351640559023704
INSP_003555,String_H,String_H_056,2024-03-03,87370.25166430077,0.0949481749864031,1.7354501253974655,CT90,UT,0.0,120.0,60.0,1.5,0.0,0.783629827987045
INSP_003556,String_H,String_H_057,2024-05-03,87370.25166430077,0.0954290943947859,1.7354501253974655,CT90,MFL,0.0,120.0,60.0,1.5,0.0,0.8188852619544488
INSP_003557,String_H,String_H_058,2024-04-27,87370.25166430077,0.09660869640652807,1.7354501253974655,CT90,MFL,0.0,120.0,60.0,1.5,0.0,0.8935968822621916
INSP_003558,String_H,String_H_059,2024-01-05,87370.25166430077,0.09417480252440484,1.7354501253974655,CT90,EMAT,0.0,120.0,60.0,1.5,0.0,0.8079321981347407
INSP_003559,String_H,String_H_060,2024-04-07,87370.25166430077,0.09444409206508936,1.7354501253974655,CT90,EMAT,0.0,120.0,60.0,1.5,0.0,0.9517421602211826
INSP_003560,String_H,String_H_061,2024-03-17,87370.25166430077,0.09733146239919756,1.7354501253974655,CT90,UT,0.4916307625031552,120.0,60.0,1.5,0.0,0.7999682032505575
INSP_003561,String_H,String_H_062,2024-04-14,87370.25166430077,0.09436406074245769,1.7354501253974655,CT90,MFL,0.5006634069990379,120.0,60.0,1.5,0.0,0.7237082569057267
INSP_003562,String_H,String_H_063,2024-05-29,87370.25166430077,0.09586404919607455,1.7354501253974655,CT90,UT,0.24140804409877695,120.0,60.0,1.5,0.0,0.8151296901437547
INSP_003563,String_H,String_H_064,2024-03-29,87370.25166430077,0.09590836079169276,1.7354501253974655,CT90,UT,1.016069972109984,120.0,60.0,1.5,0.0,0.7218582068937023
INSP_003564,String_H,String_H_065,2024-06-12,87370.25166430077,0.0955653681100889,1.7354501253974655,CT90,MFL,0.0,120.0,60.0,1.5,0.0,0.7468517402178102
INSP_003565,String_H,String_H_066,2024-03-21,87370.25166430077,0.09615858130896872,1.7354501253974655,CT90,EMAT,1.765472907817596,120.0,60.0,1.5,0.0,0.8978800702638121
INSP_003566,String_H,String_H_067,2024-01-24,87370.25166430077,0.09457184912636613,1.7354501253974655,CT90,UT,0.0,120.0,60.0,1.5,0.0,0.7992112625937091
INSP_003567,String_H,String_H_068,2024-03-25,87370.25166430077,0.09580643740339717,1.7354501253974655,CT90,MFL,0.0,120.0,60.0,1.5,0.0,0.7379740483106138
INSP_003568,String_H,String_H_069,2024-01-21,87370.25166430077,0.0951162109876927,1.7354501253974655,CT90,MFL,0.0,120.0,60.0,1.5,0.0,0.7934123665117556
INSP_003569,String_H,String_H_070,2024-03-02,87370.25166430077,0.09622329449494872,1.7354501253974655,CT90,EMAT,0.0,120.0,60.0,1.5,0.0,0.8699533929194576
INSP_003570,String_H,String_H_071,2024-05-29,87370.25166430077,0.09423301267218177,1.7354501253974655,CT90,UT,1.0349822532959312,120.0,60.0,1.5,0.0,0.7873880567533139
INSP_003571,String_H,String_H_072,2024-02-23,87370.25166430077,0.09587609581014928,1.7354501253974655,CT90,UT,0.2207322838656406,120.0,60.0,1.5,0.0,0.9415153594876877
INSP_003572,String_H,String_H_073,2024-04-02,87370.25166430077,0.09440145657217797,1.7354501253974655,CT90,MFL,0.9618043601003222,120.0,60.0,1.5,0.0,0.7742056433381049
INSP_003573,String_H,String_H_074,2024-03-21,87370.25166430077,0.0947585326538681,1.7354501253974655,CT90,MFL,0.37544554969799054,120.0,60.0,1.5,0.0,0.962115412495934
INSP_003574,String_H,String_H_075,2024-04-09,87370.25166430077,0.09452933575939688,1.7354501253974655,CT90,MFL,0.6115624883566049,120.0,60.0,1.5,0.0,0.7730074471985288
INSP_003575,String_H,String_H_076,2024-01-04,87370.25166430077,0.094392153912394,1.7354501253974655,CT90,EMAT,0.0,120.0,60.0,1.5,0.0,0.8733125590635163
INSP_003576,String_H,String_H_077,2024-04-30,87370.25166430077,0.09685063068518947,1.7354501253974655,CT90,UT,0.0,120.0,60.0,1.5,0.0,0.9003203036227325
INSP_003577,String_H,String_H_078,2024-03-05,87370.25166430077,0.09478554874522493,1.7354501253974655,CT90,MFL,0.13453292328072497,120.0,60.0,1.5,0.0,0.8238588011263731
INSP_003578,String_H,String_H_079,2024-04-17,87370.25166430077,0.09723845381849763,1.7354501253974655,CT90,UT,0.0,120.0,60.0,1.5,0.0,0.8256281972957099
INSP_003579,String_H,String_H_080,2024-05-03,87370.25166430077,0.0974021401493215,1.7354501253974655,CT90,UT,0.0,120.0,60.0,1.5,0.0,0.7199013296015782
INSP_003580,String_H,String_H_081,2024-05-23,87370.25166430077,0.09587756068251402,1.7354501253974655,CT90,MFL,0.0,120.0,60.0,1.5,0.0,0.8833886060035755
INSP_003581,String_H,String_H_082,2024-04-18,87370.25166430077,0.09423981049420177,1.7354501253974655,CT90,MFL,0.0,120.0,60.0,1.5,0.0,0.8676603171356019
INSP_003582,String_H,String_H_083,2024-05-08,87370.25166430077,0.09512529342170453,1.7354501253974655,CT90,MFL,0.0,120.0,60.0,1.5,0.0,0.862213912353598
INSP_003583,String_H,String_H_084,2024-02-17,87370.25166430077,0.09674363453395396,1.7354501253974655,CT90,MFL,0.0,120.0,60.0,1.5,0.0,0.8262991418500771
INSP_003584,String_H,String_H_085,2024-03-16,87370.25166430077,0.09509792164081098,1.7354501253974655,CT90,MFL,0.239278634342616,120.0,60.0,1.5,0.0,0.9444564026367755
INSP_003585,String_H,String_H_086,2024-06-19,87370.25166430077,0.09402571674354103,1.7354501253974655,CT90,MFL,0.2734145468522989,120.0,60.0,1.5,0.0,0.912006359096306
INSP_003586,String_H,String_H_087,2024-03-03,87370.25166430077,0.0958222032229657,1.7354501253974655,CT90,MFL,0.0,120.0,60.0,1.5,0.0,0.8195432462781784
INSP_003587,String_H,String_H_088,2024-04-05,87370.25166430077,0.09692485806043956,1.7354501253974655,CT90,MFL,0.0,120.0,60.0,1.5,0.0,0.9656652316701548
INSP_003588,String_H,String_H_089,2024-02-26,87370.25166430077,0.0967367284988302,1.7354501253974655,CT90,EMAT,0.0,120.0,60.0,1.5,0.0,0.9476924637777628
INSP_003589,String_H,String_H_090,2024-04-17,87370.25166430077,0.09436265157283054,1.7354501253974655,CT90,MFL,0.0,120.0,60.0,1.5,0.0,0.7429039698676252
INSP_003590,String_H,String_H_091,2024-01-20,87370.25166430077,0.09626573301964615,1.7354501253974655,CT90,MFL,1.392278091821436,120.0,60.0,1.5,0.0,0.9812478803067328
INSP_003591,String_H,String_H_092,2024-01-17,87370.25166430077,0.09453619814855062,1.7354501253974655,CT90,EMAT,0.0,120.0,60.0,1.5,2.6429882057913314,0.9120699835445583
INSP_003592,String_H,String_H_093,2024-05-28,87370.25166430077,0.09452741499370443,1.7354501253974655,CT90,UT,0.0,120.0,60.0,1.5,1.8856667131653309,0.7013489992172851
INSP_003593,String_H,String_H_094,2024-01-29,87370.25166430077,0.09703557222919465,1.7354501253974655,CT90,EMAT,0.5336361520942171,120.0,60.0,1.5,3.965896916272007,0.8710476242117544
INSP_003594,String_H,String_H_095,2024-04-19,87370.25166430077,0.09464772980735732,1.7354501253974655,CT90,EMAT,0.0,120.0,60.0,1.5,1.1403923189831273,0.7661506171504225
INSP_003595,String_H,String_H_096,2024-06-23,87370.25166430077,0.09469965632596859,1.7354501253974655,CT90,MFL,0.0,120.0,60.0,1.5,3.594115258926901,0.8760769296611418
INSP_003596,String_H,String_H_097,2024-03-29,87370.25166430077,0.09369544403444399,1.7354501253974655,CT90,EMAT,0.0,120.0,60.0,1.5,5.9320667076430205,0.7881503580736376
INSP_003597,String_H,String_H_098,2024-04-01,87370.25166430077,0.09702255946772714,1.7354501253974655,CT90,MFL,0.0,120.0,60.0,1.5,3.1519623620985353,0.7550743704810764
INSP_003598,String_H,String_H_099,2024-06-16,87370.25166430077,0.09672398788762543,1.7354501253974655,CT90,MFL,0.0,120.0,60.0,1.5,3.113100415798627,0.7688703779958556
INSP_003599,String_H,String_H_100,2024-02-16,87370.25166430077,0.09609197781070682,1.7354501253974655,CT90,UT,0.0,120.0,60.0,1.5,4.72724095936402,0.8048680298349971
INSP_003600,String_H,String_H_101,2024-06-09,87370.25166430077,0.09656211305907775,1.7354501253974655,CT90,UT,0.2613983593934477,120.0,60.0,1.5,3.6511443538528483,0.875368787387117
INSP_003601,String_H,String_H_102,2024-03-12,87370.25166430077,0.09427440974919019,1.7354501253974655,CT90,EMAT,0.0,120.0,60.0,1.5,2.4062934817835595,0.8118908185820124
INSP_003602,String_H,String_H_103,2024-02-28,87370.25166430077,0.09544566727481714,1.7354501253974655,CT90,MFL,0.0,120.0,60.0,1.5,2.182699208112736,0.7845688455923535
INSP_003603,String_H,String_H_104,2024-01-05,87370.25166430077,0.09503607916730242,1.7354501253974655,CT90,MFL,1.4019084500853556,120.0,60.0,1.5,3.0603922232438574,0.8982407389359265
INSP_003604,String_H,String_H_105,2024-06-08,87370.25166430077,0.09405156570152741,1.7354501253974655,CT90,EMAT,1.3272819782115186,120.0,60.0,1.5,2.688478066158474,0.98558815073829
INSP_003605,String_H,String_H_106,2024-02-05,87370.25166430077,0.0955520064374098,1.7354501253974655,CT90,UT,0.0,120.0,60.0,1.5,2.792631287742954,0.7212659249788818
INSP_003606,String_H,String_H_107,2024-03-17,87370.25166430077,0.09721403961091836,1.7354501253974655,CT90,EMAT,0.0,120.0,60.0,1.5,2.0338011580652395,0.879133224621405
INSP_003607,String_H,String_H_108,2024-04-22,87370.25166430077,0.09384613949348705,1.7354501253974655,CT90,EMAT,1.8564244418799742,120.0,60.0,1.5,5.80571512780436,0.9586286098339829
INSP_003608,String_H,String_H_109,2024-06-13,87370.25166430077,0.09480755070100547,1.7354501253974655,CT90,MFL,1.5263124730507625,120.0,60.0,1.5,4.332469731094083,0.9892344487748981
INSP_003609,String_H,String_H_110,2024-03-02,87370.25166430077,0.09448662376856974,1.7354501253974655,CT90,MFL,0.0,120.0,60.0,1.5,0.8616128431337554,0.9715695873853842
INSP_003610,String_H,String_H_111,2024-05-18,87370.25166430077,0.09460366620991492,1.7354501253974655,CT90,UT,0.0,120.0,60.0,1.5,1.2666532995840747,0.7093970219991279
INSP_003611,String_H,String_H_112,2024-03-29,87370.25166430077,0.09716698243060505,1.7354501253974655,CT90,UT,0.0,120.0,60.0,1.5,1.896821956265145,0.9730119724037012
INSP_003612,String_H,String_H_113,2024-06-24,87370.25166430077,0.09548293587963169,1.7354501253974655,CT90,UT,0.0,120.0,60.0,1.5,3.126125222337345,0.7209987545198343
INSP_003613,String_H,String_H_114,2024-04-10,87370.25166430077,0.09547616841411873,1.7354501253974655,CT90,MFL,0.0,120.0,60.0,1.5,2.0117663192592885,0.9655517605353527
INSP_003614,String_H,String_H_115,2024-04-19,87370.25166430077,0.09660154011557835,1.7354501253974655,CT90,UT,5.012962222188561,120.0,60.0,1.5,2.945295502967999,0.9423816431545514
INSP_003615,String_H,String_H_116,2024-04-25,87370.25166430077,0.09428375470872294,1.7354501253974655,CT90,UT,0.0,120.0,60.0,1.5,6.0494744069359525,0.7414790602525804
INSP_003616,String_H,String_H_117,2024-03-11,87370.25166430077,0.09555634640510033,1.7354501253974655,CT90,EMAT,0.0,120.0,60.0,1.5,1.4803573864470483,0.8479394331756346
INSP_003617,String_H,String_H_118,2024-03-10,87370.25166430077,0.09533729558779802,1.7354501253974655,CT90,MFL,0.0,120.0,60.0,1.5,3.048034104098457,0.9576203127377745
INSP_003618,String_H,String_H_119,2024-03-20,87370.25166430077,0.09597565230363383,1.7354501253974655,CT90,UT,0.0,120.0,60.0,1.5,1.82767284318047,0.7598087589322418
INSP_003619,String_H,String_H_120,2024-03-29,87370.25166430077,0.09751545575469808,1.7354501253974655,CT90,MFL,0.20458856924767269,120.0,60.0,1.5,2.688839347459434,0.713497586118161
INSP_003620,String_H,String_H_121,2024-02-23,87370.25166430077,0.09663547322086902,1.7354501253974655,CT90,MFL,0.0,120.0,60.0,1.5,2.2883720922800985,0.9062284931097859
INSP_003621,String_H,String_H_122,2024-04-30,87370.25166430077,0.09521446409399963,1.7354501253974655,CT90,UT,0.0,120.0,60.0,1.5,2.4756887720584215,0.8716330178293825
INSP_003622,String_H,String_H_123,2024-04-18,87370.25166430077,0.09685767525014632,1.7354501253974655,CT90,EMAT,1.722568166549558,120.0,60.0,1.5,0.8300033243241519,0.9218185241990707
INSP_003623,String_H,String_H_124,2024-05-22,87370.25166430077,0.09434576857515425,1.7354501253974655,CT90,MFL,0.0,120.0,60.0,1.5,2.421263491475215,0.8159039521902969
INSP_003624,String_H,String_H_125,2024-06-27,87370.25166430077,0.09380944462184014,1.7354501253974655,CT90,UT,5.656967486004098,120.0,60.0,1.5,2.684759483432836,0.7892105017425829
INSP_003625,String_H,String_H_126,2024-03-24,87370.25166430077,0.09447479718058709,1.7354501253974655,CT90,EMAT,3.8587938768199357,120.0,60.0,1.5,2.7023279562847002,0.9208452016049483
INSP_003626,String_H,String_H_127,2024-01-24,87370.25166430077,0.0949947478390959,1.7354501253974655,CT90,MFL,0.0,120.0,60.0,1.5,0.7864209325005018,0.8171193037873596
INSP_003627,String_H,String_H_128,2024-02-13,87370.25166430077,0.095645509213772,1.7354501253974655,CT90,UT,4.240383145499926,120.0,60.0,1.5,1.6744050037086737,0.8010010570580087
INSP_003628,String_H,String_H_129,2024-02-27,87370.25166430077,0.09604532333381546,1.7354501253974655,CT90,MFL,0.0,120.0,60.0,1.5,2.9749801619912972,0.9510158110978255
INSP_003629,String_H,String_H_130,2024-03-26,87370.25166430077,0.097175285405097,1.7354501253974655,CT90,EMAT,0.0,120.0,60.0,1.5,3.977516232908498,0.7004757198811361
INSP_003630,String_H,String_H_131,2024-03-22,87370.25166430077,0.0956427299830732,1.7354501253974655,CT90,EMAT,0.004162553458401573,120.0,60.0,1.5,4.0924779630011505,0.8647165972939923
INSP_003631,String_H,String_H_132,2024-01-05,87370.25166430077,0.09560992458405412,1.7354501253974655,CT90,MFL,0.0,120.0,60.0,1.5,1.6590902817826487,0.8059968757014588
INSP_003632,String_H,String_H_133,2024-04-13,87370.25166430077,0.09388508474742331,1.7354501253974655,CT90,MFL,0.0,120.0,60.0,1.5,2.4907305754535787,0.9398928353602964
INSP_003633,String_H,String_H_134,2024-06-22,87370.25166430077,0.09382645416055595,1.7354501253974655,CT90,MFL,0.0,120.0,60.0,1.5,2.142084310410071,0.9058030104184488
INSP_003634,String_H,String_H_135,2024-05-26,87370.25166430077,0.09580069228254595,1.7354501253974655,CT90,EMAT,0.0,120.0,60.0,1.5,3.008441150915889,0.8463989898199934
INSP_003635,String_H,String_H_136,2024-02-06,87370.25166430077,0.09536862879990216,1.7354501253974655,CT90,UT,0.5574682788886042,120.0,60.0,1.5,3.679574699543318,0.866760050775879
INSP_003636,String_H,String_H_137,2024-03-28,87370.25166430077,0.0969021405556395,1.7354501253974655,CT90,MFL,1.4810701580056362,120.0,60.0,1.5,5.287955917384217,0.7248041172854043
INSP_003637,String_H,String_H_138,2024-03-02,87370.25166430077,0.09430741650147184,1.7354501253974655,CT90,MFL,0.13759890241491063,120.0,60.0,1.5,2.384611279628858,0.8044752281504736
INSP_003638,String_H,String_H_139,2024-06-08,87370.25166430077,0.09378844201276265,1.7354501253974655,CT90,EMAT,3.764752952588518,120.0,60.0,1.5,3.28930909773756,0.9783495284658928
INSP_003639,String_H,String_H_140,2024-05-05,87370.25166430077,0.0954101602235325,1.7354501253974655,CT90,MFL,0.0,120.0,60.0,1.5,2.3807347342446805,0.8351780946585766
INSP_003640,String_H,String_H_141,2024-02-04,87370.25166430077,0.09460111127246226,1.7354501253974655,CT90,MFL,0.07779011106891422,120.0,60.0,1.5,3.2860146130293146,0.9829528826005419
INSP_003641,String_H,String_H_142,2024-03-27,87370.25166430077,0.09388268071461739,1.7354501253974655,CT90,UT,0.0,120.0,60.0,1.5,3.472320861421357,0.7925040902255781
INSP_003642,String_H,String_H_143,2024-02-09,87370.25166430077,0.09646395544568886,1.7354501253974655,CT90,UT,0.0,120.0,60.0,1.5,2.2119724136360817,0.9582457082497979
INSP_003643,String_H,String_H_144,2024-05-11,87370.25166430077,0.09411969949322052,1.7354501253974655,CT90,UT,0.7501687490795454,120.0,60.0,1.5,1.2811670607635124,0.7637132784556078
INSP_003644,String_H,String_H_145,2024-05-23,87370.25166430077,0.09601928189388656,1.7354501253974655,CT90,EMAT,0.0,120.0,60.0,1.5,6.777509212838756,0.8710560049632614
INSP_003645,String_H,String_H_146,2024-01-18,87370.25166430077,0.09476773631094527,1.7354501253974655,CT90,UT,2.6719788956112955,120.0,60.0,1.5,2.0112815560689743,0.8895467839554396
INSP_003646,String_H,String_H_147,2024-01-11,87370.25166430077,0.09435642925310084,1.7354501253974655,CT90,EMAT,0.0,120.0,60.0,1.5,1.7477171024771707,0.7075474169078263
INSP_003647,String_H,String_H_148,2024-06-10,87370.25166430077,0.09514519181294885,1.7354501253974655,CT90,UT,1.019631260806185,120.0,60.0,1.5,2.9161848952355727,0.9349780057144299
INSP_003648,String_H,String_H_149,2024-03-21,87370.25166430077,0.09675783575676124,1.7354501253974655,CT90,UT,0.0,120.0,60.0,1.5,2.2976471822850395,0.9910499448506234
INSP_003649,String_H,String_H_150,2024-01-22,87370.25166430077,0.09519239031863776,1.7354501253974655,CT90,MFL,0.0,120.0,60.0,1.5,1.4963663299252532,0.9945338894430918
INSP_003650,String_H,String_H_151,2024-03-31,87370.25166430077,0.09656404001806818,1.7354501253974655,CT90,EMAT,0.0,120.0,60.0,1.5,3.341368427182183,0.989839125237763
INSP_003651,String_H,String_H_152,2024-06-18,87370.25166430077,0.09417283026471232,1.7354501253974655,CT90,UT,0.0,120.0,60.0,1.5,3.449883923734949,0.811585287148547
INSP_003652,String_H,String_H_153,2024-05-27,87370.25166430077,0.09664817922935184,1.7354501253974655,CT90,UT,0.0,120.0,60.0,1.5,2.7396632437114037,0.8168257811892794
INSP_003653,String_H,String_H_154,2024-06-03,87370.25166430077,0.09459902619582936,1.7354501253974655,CT90,EMAT,0.0,120.0,60.0,1.5,1.8054597400824193,0.7726447886741963
INSP_003654,String_H,String_H_155,2024-03-20,87370.25166430077,0.09628343339709591,1.7354501253974655,CT90,UT,0.1752535967823723,120.0,60.0,1.5,3.961757422338137,0.7622281662492799
INSP_003655,String_H,String_H_156,2024-03-14,87370.25166430077,0.09585660820526501,1.7354501253974655,CT90,MFL,0.0,120.0,60.0,1.5,1.1751334531734352,0.9200564170096791
INSP_003656,String_H,String_H_157,2024-06-24,87370.25166430077,0.09724618228319222,1.7354501253974655,CT90,MFL,1.2795861122068592,120.0,60.0,1.5,3.060013154652074,0.9811946630017809
INSP_003657,String_H,String_H_158,2024-05-12,87370.25166430077,0.09517414482625182,1.7354501253974655,CT90,MFL,0.0,120.0,60.0,1.5,1.8522117991236642,0.9813706354834324
INSP_003658,String_H,String_H_159,2024-01-12,87370.25166430077,0.0939459743738623,1.7354501253974655,CT90,UT,0.14750300543779093,120.0,60.0,1.5,2.2446690475807554,0.7139987801651579
INSP_003659,String_H,String_H_160,2024-06-20,87370.25166430077,0.09376619977957713,1.7354501253974655,CT90,MFL,0.0,120.0,60.0,1.5,2.170509137459823,0.9762430332444539
INSP_003660,String_H,String_H_161,2024-01-12,87370.25166430077,0.09685501937522678,1.7354501253974655,CT90,MFL,0.0,120.0,60.0,1.5,3.3989325245648807,0.8556470777468653
INSP_003661,String_H,String_H_162,2024-03-09,87370.25166430077,0.09569964033283306,1.7354501253974655,CT90,MFL,0.16684217322442427,120.0,60.0,1.5,3.5127589323079906,0.9402036624551564
INSP_003662,String_H,String_H_163,2024-03-14,87370.25166430077,0.09665763507387137,1.7354501253974655,CT90,EMAT,1.1225544951900068,120.0,60.0,1.5,4.053626127993019,0.766877632225895
INSP_003663,String_H,String_H_164,2024-02-10,87370.25166430077,0.09458943614964493,1.7354501253974655,CT90,UT,0.0,120.0,60.0,1.5,2.3586280995690516,0.7315154077423167
INSP_003664,String_H,String_H_165,2024-06-11,87370.25166430077,0.09501261523444116,1.7354501253974655,CT90,MFL,0.0,120.0,60.0,1.5,3.8460777526380676,0.9777040335654634
INSP_003665,String_H,String_H_166,2024-02-03,87370.25166430077,0.09380806862010212,1.7354501253974655,CT90,EMAT,0.0,120.0,60.0,1.5,1.8064900334310288,0.889699118180702
INSP_003666,String_H,String_H_167,2024-04-24,87370.25166430077,0.09736988606312559,1.7354501253974655,CT90,EMAT,0.0,120.0,60.0,1.5,3.1661047700712075,0.7402638270335324
INSP_003667,String_H,String_H_168,2024-03-16,87370.25166430077,0.09624700702095408,1.7354501253974655,CT90,MFL,0.0,120.0,60.0,1.5,2.762874943246603,0.9024692554057918
INSP_003668,String_H,String_H_169,2024-03-28,87370.25166430077,0.09726170995975399,1.7354501253974655,CT90,MFL,0.0,120.0,60.0,1.5,3.8191840179078533,0.7836123677619211
INSP_003669,String_H,String_H_170,2024-05-11,87370.25166430077,0.09470825718886647,1.7354501253974655,CT90,EMAT,0.0,120.0,60.0,1.5,3.7757634911454825,0.8566094439482551
INSP_003670,String_H,String_H_171,2024-04-06,87370.25166430077,0.09603130560982406,1.7354501253974655,CT90,MFL,0.0,120.0,60.0,1.5,2.783837631953294,0.7223661580519611
INSP_003671,String_H,String_H_172,2024-03-06,87370.25166430077,0.09628766617056775,1.7354501253974655,CT90,MFL,0.0,120.0,60.0,1.5,3.1223116243315476,0.9555348907822183
INSP_003672,String_H,String_H_173,2024-06-23,87370.25166430077,0.09490731948762385,1.7354501253974655,CT90,UT,2.053563667070427,120.0,60.0,1.5,2.2324953468689137,0.8325367962930049
INSP_003673,String_H,String_H_174,2024-05-21,87370.25166430077,0.09693628624222508,1.7354501253974655,CT90,MFL,3.3504556857619114,120.0,60.0,1.5,0.6768528044964396,0.8767041977426061
INSP_003674,String_H,String_H_175,2024-06-17,87370.25166430077,0.09731508195539369,1.7354501253974655,CT90,MFL,0.3741008457975468,120.0,60.0,1.5,1.367343174474758,0.8585535445546666
INSP_003675,String_H,String_H_176,2024-06-13,87370.25166430077,0.09707680991476818,1.7354501253974655,CT90,EMAT,0.35891168770069876,120.0,60.0,1.5,2.53950256929447,0.8654315572739877
INSP_003676,String_H,String_H_177,2024-06-25,87370.25166430077,0.09651928663328725,1.7354501253974655,CT90,MFL,0.0,120.0,60.0,1.5,1.5966948025653411,0.9756840442267725
INSP_003677,String_H,String_H_178,2024-04-26,87370.25166430077,0.09475402627792719,1.7354501253974655,CT90,UT,0.0,120.0,60.0,1.5,1.6526611885632236,0.7831882275948366
INSP_003678,String_H,String_H_179,2024-01-22,87370.25166430077,0.09476990192562532,1.7354501253974655,CT90,MFL,0.0,120.0,60.0,1.5,3.660186514027639,0.8816898104430805
INSP_003679,String_H,String_H_180,2024-06-01,87370.25166430077,0.09737702965639565,1.7354501253974655,CT90,MFL,0.0,120.0,60.0,1.5,2.802279748484102,0.7185891420565685
INSP_003680,String_H,String_H_181,2024-06-17,87370.25166430077,0.09373227532467389,1.7354501253974655,CT90,UT,0.0,120.0,60.0,1.5,5.476459753191041,0.8901706210947888
INSP_003681,String_H,String_H_182,2024-06-03,87370.25166430077,0.09643126496898045,1.7354501253974655,CT90,UT,0.3625353511369866,120.0,60.0,1.5,5.200290947563872,0.9826997045888741
INSP_003682,String_H,String_H_183,2024-06-07,87370.25166430077,0.09639377321801011,1.7354501253974655,CT90,UT,0.0,120.0,60.0,1.5,1.1603709153811712,0.9479043763173238
INSP_003683,String_H,String_H_184,2024-06-07,87370.25166430077,0.09607423583104827,1.7354501253974655,CT90,MFL,0.0,120.0,60.0,1.5,1.0825739388602373,0.9726857810826592
INSP_003684,String_H,String_H_185,2024-01-08,87370.25166430077,0.0974793214176484,1.7354501253974655,CT90,MFL,0.8933361111683777,120.0,60.0,1.5,1.6900976715710307,0.9551590742991289
INSP_003685,String_H,String_H_186,2024-04-15,87370.25166430077,0.09488563525165382,1.7354501253974655,CT90,MFL,0.0,120.0,60.0,1.5,1.6476983073368794,0.9228492750724194
INSP_003686,String_H,String_H_187,2024-02-13,87370.25166430077,0.09499306636690825,1.7354501253974655,CT90,MFL,0.0,120.0,60.0,1.5,1.9372015376225928,0.9117860761604768
INSP_003687,String_H,String_H_188,2024-06-18,87370.25166430077,0.09399482554710804,1.7354501253974655,CT90,MFL,0.0,120.0,60.0,1.5,3.996366703787918,0.8294307307648319
INSP_003688,String_H,String_H_189,2024-03-04,87370.25166430077,0.09538629478943664,1.7354501253974655,CT90,EMAT,1.911548440172563,120.0,60.0,1.5,2.2246185270075673,0.9526388888246131
INSP_003689,String_H,String_H_190,2024-01-03,87370.25166430077,0.09469124759337288,1.7354501253974655,CT90,MFL,0.0,120.0,60.0,1.5,0.9188560496084286,0.9841568825288454
INSP_003690,String_H,String_H_191,2024-05-01,87370.25166430077,0.09500612539817688,1.7354501253974655,CT90,UT,0.0,120.0,60.0,1.5,2.339748773327155,0.7853808127872802
INSP_003691,String_H,String_H_192,2024-05-27,87370.25166430077,0.09688451632092338,1.7354501253974655,CT90,EMAT,0.0,120.0,60.0,1.5,1.2597198445173754,0.7415546694587253
INSP_003692,String_H,String_H_193,2024-02-06,87370.25166430077,0.09727042694399468,1.7354501253974655,CT90,UT,0.0,120.0,60.0,1.5,1.7706717426123033,0.9227712470989364
INSP_003693,String_H,String_H_194,2024-06-10,87370.25166430077,0.09440322609393953,1.7354501253974655,CT90,UT,0.0,120.0,60.0,1.5,3.0184622549133966,0.965486908403189
INSP_003694,String_H,String_H_195,2024-02-07,87370.25166430077,0.09511749468164545,1.7354501253974655,CT90,EMAT,0.0,120.0,60.0,1.5,3.9245212878797058,0.9174410465848619
INSP_003695,String_H,String_H_196,2024-06-14,87370.25166430077,0.09724421605032156,1.7354501253974655,CT90,UT,3.136718303358178,120.0,60.0,1.5,1.660403932051275,0.7376982156794746
INSP_003696,String_H,String_H_197,2024-04-25,87370.25166430077,0.0939293133660274,1.7354501253974655,CT90,MFL,0.0,120.0,60.0,1.5,2.5223452858036577,0.8383875918662803
INSP_003697,String_H,String_H_198,2024-02-24,87370.25166430077,0.09404615063879862,1.7354501253974655,CT90,EMAT,1.4561779191878743,120.0,60.0,1.5,2.1703168971857,0.9395864795356335
INSP_003698,String_H,String_H_199,2024-06-15,87370.25166430077,0.09431549093844634,1.7354501253974655,CT90,EMAT,0.8219485319921139,120.0,60.0,1.5,1.6031473947454629,0.7249555963590285
INSP_003699,String_H,String_H_200,2024-03-11,87370.25166430077,0.09596915935797147,1.7354501253974655,CT90,MFL,0.16629381961361067,120.0,60.0,1.5,1.287523397228167,0.7540927352394488
INSP_003700,String_H,String_H_201,2024-02-02,87370.25166430077,0.0942683816735097,1.7354501253974655,CT90,MFL,0.0,120.0,60.0,1.5,3.3638975945452945,0.7575317809640153
INSP_003701,String_H,String_H_202,2024-02-21,87370.25166430077,0.09739506482561669,1.7354501253974655,CT90,MFL,0.0,120.0,60.0,1.5,3.7050682817407856,0.9461499713619974
INSP_003702,String_H,String_H_203,2024-04-27,87370.25166430077,0.09540127185805525,1.7354501253974655,CT90,MFL,2.9961148995930578,120.0,60.0,1.5,2.251995022783533,0.9667365971415929
INSP_003703,String_H,String_H_204,2024-05-23,87370.25166430077,0.09561085124829591,1.7354501253974655,CT90,MFL,0.0,120.0,60.0,1.5,1.852684691975436,0.759447458852782
INSP_003704,String_H,String_H_205,2024-02-25,87370.25166430077,0.09463621767128065,1.7354501253974655,CT90,UT,0.0,120.0,60.0,1.5,3.9629616613530945,0.9905469173563866
INSP_003705,String_H,String_H_206,2024-01-29,87370.25166430077,0.09549399240513988,1.7354501253974655,CT90,MFL,0.1299679000700707,120.0,60.0,1.5,1.2278066173707127,0.8134954152329881
INSP_003706,String_H,String_H_207,2024-06-27,87370.25166430077,0.09622423667506114,1.7354501253974655,CT90,UT,0.0,120.0,60.0,1.5,0.3007887647176585,0.9870874537774199
INSP_003707,String_H,String_H_208,2024-01-26,87370.25166430077,0.09656559833344894,1.7354501253974655,CT90,UT,0.0,120.0,60.0,1.5,1.3246503070268192,0.936447190446191
INSP_003708,String_H,String_H_209,2024-06-18,87370.25166430077,0.09657588905318802,1.7354501253974655,CT90,EMAT,1.5283048469859364,120.0,60.0,1.5,4.758440176258748,0.8698702122032793
INSP_003709,String_H,String_H_210,2024-01-05,87370.25166430077,0.09590291759881506,1.7354501253974655,CT90,MFL,0.0,120.0,60.0,1.5,4.994084833532881,0.9183952782997911
INSP_003710,String_H,String_H_211,2024-01-01,87370.25166430077,0.09715139966129922,1.7354501253974655,CT90,MFL,0.5488829275003986,120.0,60.0,1.5,2.5106639997237172,0.7809198467513987
INSP_003711,String_H,String_H_212,2024-01-04,87370.25166430077,0.09681887793853464,1.7354501253974655,CT90,UT,0.0,120.0,60.0,1.5,1.497243040986337,0.8563535109847615
INSP_003712,String_H,String_H_213,2024-01-09,87370.25166430077,0.09658805013740378,1.7354501253974655,CT90,EMAT,0.0,120.0,60.0,1.5,1.8751933199483724,0.9473592635286497
INSP_003713,String_H,String_H_214,2024-06-27,87370.25166430077,0.09390559207519181,1.7354501253974655,CT90,MFL,0.019290550641992026,120.0,60.0,1.5,0.6216645177005792,0.818944761043218
INSP_003714,String_H,String_H_215,2024-04-04,87370.25166430077,0.09371924805213333,1.7354501253974655,CT90,EMAT,0.0,120.0,60.0,1.5,3.394332693054291,0.8058604974899011
INSP_003715,String_H,String_H_216,2024-02-18,87370.25166430077,0.09450538660686181,1.7354501253974655,CT90,UT,0.0,120.0,60.0,1.5,1.1345376094946342,0.7121180120732797
INSP_003716,String_H,String_H_217,2024-05-22,87370.25166430077,0.09623039349195367,1.7354501253974655,CT90,MFL,0.0,120.0,60.0,1.5,2.8198138703393494,0.7854997637138083
INSP_003717,String_H,String_H_218,2024-05-31,87370.25166430077,0.09526544753417496,1.7354501253974655,CT90,EMAT,0.0,120.0,60.0,1.5,1.7168463975758195,0.9890693518827247
INSP_003718,String_H,String_H_219,2024-03-01,87370.25166430077,0.09523182809773494,1.7354501253974655,CT90,EMAT,0.0,120.0,60.0,1.5,3.252872213475632,0.76994634181034
INSP_003719,String_H,String_H_220,2024-01-23,87370.25166430077,0.09707578415114647,1.7354501253974655,CT90,EMAT,0.0,120.0,60.0,1.5,2.3416862692120386,0.9535254070606582
INSP_003720,String_H,String_H_221,2024-02-01,87370.25166430077,0.09711775843731513,1.7354501253974655,CT90,UT,0.8623760906727544,120.0,60.0,1.5,2.910907911437655,0.7837780071529572
INSP_003721,String_H,String_H_222,2024-04-01,87370.25166430077,0.09716981506347232,1.7354501253974655,CT90,EMAT,0.0,120.0,60.0,1.5,2.242445382079776,0.9575413180622008
INSP_003722,String_H,String_H_223,2024-06-10,87370.25166430077,0.09489327845731335,1.7354501253974655,CT90,MFL,0.9955607355216268,120.0,60.0,1.5,1.1204205420584428,0.9563185736768307
INSP_003723,String_H,String_H_224,2024-05-25,87370.25166430077,0.09633568225413462,1.7354501253974655,CT90,EMAT,0.9788216015827641,120.0,60.0,1.5,2.186480109169254,0.9694339338498736
INSP_003724,String_H,String_H_225,2024-02-29,87370.25166430077,0.09473172545076151,1.7354501253974655,CT90,UT,0.0,120.0,60.0,1.5,1.8435947566192175,0.9515905543650952
INSP_003725,String_H,String_H_226,2024-05-04,87370.25166430077,0.09442187581264487,1.7354501253974655,CT90,MFL,0.0,120.0,60.0,1.5,2.113658347832731,0.7207747767040635
INSP_003726,String_H,String_H_227,2024-04-16,87370.25166430077,0.09439901712132846,1.7354501253974655,CT90,EMAT,0.002734225768918248,120.0,60.0,1.5,4.42749964900213,0.7874975339355451
INSP_003727,String_H,String_H_228,2024-02-03,87370.25166430077,0.0950012339330488,1.7354501253974655,CT90,EMAT,0.5577840010300653,120.0,60.0,1.5,1.6743311146394888,0.8912260220596383
INSP_003728,String_H,String_H_229,2024-01-23,87370.25166430077,0.09533719006146721,1.7354501253974655,CT90,MFL,0.4920222732545226,120.0,60.0,1.5,4.4794913083893695,0.9551015500018744
INSP_003729,String_H,String_H_230,2024-03-12,87370.25166430077,0.09687066269387308,1.7354501253974655,CT90,UT,0.3214927919911431,120.0,60.0,1.5,2.7019591433789834,0.9114335679465446
INSP_003730,String_H,String_H_231,2024-05-28,87370.25166430077,0.09415143307779765,1.7354501253974655,CT90,MFL,0.15004636591660436,120.0,60.0,1.5,2.519827919728264,0.842984758671117
INSP_003731,String_H,String_H_232,2024-06-23,87370.25166430077,0.09650345012184447,1.7354501253974655,CT90,MFL,0.0,120.0,60.0,1.5,2.0792579658358705,0.9024936195445337
INSP_003732,String_H,String_H_233,2024-02-18,87370.25166430077,0.0957253362025647,1.7354501253974655,CT90,EMAT,0.0,120.0,60.0,1.5,2.559378988376306,0.8128823049754901
INSP_003733,String_H,String_H_234,2024-05-22,87370.25166430077,0.09479410644857862,1.7354501253974655,CT90,UT,0.0,120.0,60.0,1.5,0.48077086032962635,0.828569883136152
INSP_003734,String_H,String_H_235,2024-02-26,87370.25166430077,0.09557758690339922,1.7354501253974655,CT90,MFL,0.0,120.0,60.0,1.5,3.838541891617005,0.9733582378440262
INSP_003735,String_H,String_H_236,2024-03-06,87370.25166430077,0.09483998435455784,1.7354501253974655,CT90,UT,0.0,120.0,60.0,1.5,3.7774699607013447,0.9608862255859386
INSP_003736,String_H,String_H_237,2024-04-25,87370.25166430077,0.0959724830525341,1.7354501253974655,CT90,MFL,0.0,120.0,60.0,1.5,0.8071797349322662,0.8964173821751202
INSP_003737,String_H,String_H_238,2024-05-06,87370.25166430077,0.09535205206887969,1.7354501253974655,CT90,EMAT,0.7913376344046528,120.0,60.0,1.5,3.416056645302314,0.855318781193996
INSP_003738,String_H,String_H_239,2024-02-18,87370.25166430077,0.09432166526481496,1.7354501253974655,CT90,UT,0.0,120.0,60.0,1.5,3.1112510367223525,0.7037394081169973
INSP_003739,String_H,String_H_240,2024-02-19,87370.25166430077,0.09413878254573384,1.7354501253974655,CT90,UT,0.0,120.0,60.0,1.5,3.4227927004941314,0.9710497678152141
INSP_003740,String_H,String_H_241,2024-04-09,87370.25166430077,0.09578361997530463,1.7354501253974655,CT90,UT,0.0,120.0,60.0,1.5,1.2086109289433957,0.8620540705632713
INSP_003741,String_H,String_H_242,2024-05-31,87370.25166430077,0.09714395492805807,1.7354501253974655,CT90,EMAT,0.0,120.0,60.0,1.5,2.2242865487128687,0.7491519592117264
INSP_003742,String_H,String_H_243,2024-06-23,87370.25166430077,0.09500830895769961,1.7354501253974655,CT90,MFL,2.6508904433976794,120.0,60.0,1.5,4.459875326699026,0.7849100868293588
INSP_003743,String_H,String_H_244,2024-03-24,87370.25166430077,0.09649608570271416,1.7354501253974655,CT90,MFL,0.0,120.0,60.0,1.5,2.407177599264182,0.7619539614338796
INSP_003744,String_H,String_H_245,2024-05-31,87370.25166430077,0.09621179930867312,1.7354501253974655,CT90,UT,2.643255153723495,120.0,60.0,1.5,0.0,0.8380551429733398
INSP_003745,String_H,String_H_246,2024-02-13,87370.25166430077,0.09725539936339357,1.7354501253974655,CT90,UT,0.0,120.0,60.0,1.5,0.0,0.9311811115647779
INSP_003746,String_H,String_H_247,2024-04-20,87370.25166430077,0.096832542461834,1.7354501253974655,CT90,EMAT,0.0,120.0,60.0,1.5,0.0,0.8189186159745476
INSP_003747,String_H,String_H_248,2024-03-02,87370.25166430077,0.09585975821587255,1.7354501253974655,CT90,MFL,0.0,120.0,60.0,1.5,0.0,0.7096436430768381
INSP_003748,String_H,String_H_249,2024-02-27,87370.25166430077,0.0962055625834415,1.7354501253974655,CT90,MFL,0.4151701656676247,120.0,60.0,1.5,0.0,0.9444034366951956
INSP_003749,String_H,String_H_250,2024-04-28,87370.25166430077,0.09712855652422502,1.7354501253974655,CT90,MFL,0.5336587702722955,120.0,60.0,1.5,0.0,0.7749421239350894
INSP_003750,String_H,String_H_251,2024-02-25,87370.25166430077,0.09522078581159671,1.7354501253974655,CT90,UT,0.4605410094232447,120.0,60.0,1.5,0.0,0.7679555878815437
INSP_003751,String_H,String_H_252,2024-06-14,87370.25166430077,0.09494267425514762,1.7354501253974655,CT90,MFL,0.0,120.0,60.0,1.5,0.0,0.9682670995084597
INSP_003752,String_H,String_H_253,2024-01-20,87370.25166430077,0.09373428910232875,1.7354501253974655,CT90,MFL,0.5704309954360612,120.0,60.0,1.5,0.0,0.9378827463114846
INSP_003753,String_H,String_H_254,2024-06-07,87370.25166430077,0.09685384348370879,1.7354501253974655,CT90,UT,0.2930174683345845,120.0,60.0,1.5,0.0,0.9797219355547195
INSP_003754,String_H,String_H_255,2024-02-18,87370.25166430077,0.09675605721295136,1.7354501253974655,CT90,UT,0.0,120.0,60.0,1.5,0.0,0.9761597084460312
INSP_003755,String_H,String_H_256,2024-05-03,87370.25166430077,0.09409240049769313,1.7354501253974655,CT90,MFL,0.0,120.0,60.0,1.5,0.0,0.9820458665626374
INSP_003756,String_H,String_H_257,2024-04-21,87370.25166430077,0.0958989644006651,1.7354501253974655,CT90,EMAT,0.0,120.0,60.0,1.5,0.0,0.9781685107498184
INSP_003757,String_H,String_H_258,2024-04-23,87370.25166430077,0.09546730500499524,1.7354501253974655,CT90,MFL,0.0,120.0,60.0,1.5,0.0,0.9301479204445489
INSP_003758,String_H,String_H_259,2024-03-29,87370.25166430077,0.09414691287899801,1.7354501253974655,CT90,EMAT,0.0,120.0,60.0,1.5,0.0,0.7716955508893987
INSP_003759,String_H,String_H_260,2024-03-04,87370.25166430077,0.09744283616471408,1.7354501253974655,CT90,MFL,0.0,120.0,60.0,1.5,0.0,0.8983550557809556
INSP_003760,String_H,String_H_261,2024-03-05,87370.25166430077,0.09451398574640922,1.7354501253974655,CT90,MFL,0.0,120.0,60.0,1.5,0.0,0.7362627346977478
INSP_003761,String_H,String_H_262,2024-05-08,87370.25166430077,0.09395006241220209,1.7354501253974655,CT90,UT,0.0,120.0,60.0,1.5,0.0,0.9253939127025916
INSP_003762,String_H,String_H_263,2024-05-26,87370.25166430077,0.09596776178571843,1.7354501253974655,CT90,UT,0.0,120.0,60.0,1.5,0.0,0.9756419592750938
INSP_003763,String_H,String_H_264,2024-06-06,87370.25166430077,0.0965185206502214,1.7354501253974655,CT90,MFL,0.0,120.0,60.0,1.5,0.0,0.8382240554889817
INSP_003764,String_H,String_H_265,2024-02-12,87370.25166430077,0.09381701562269452,1.7354501253974655,CT90,MFL,1.1678081483821061,120.0,60.0,1.5,0.0,0.9087217667980936
INSP_003765,String_H,String_H_266,2024-03-25,87370.25166430077,0.0962120145492365,1.7354501253974655,CT90,MFL,0.0,120.0,60.0,1.5,0.0,0.9722660186623053
INSP_003766,String_H,String_H_267,2024-02-14,87370.25166430077,0.09572853691328428,1.7354501253974655,CT90,EMAT,0.0,120.0,60.0,1.5,0.0,0.8288761018025277
INSP_003767,String_H,String_H_268,2024-04-20,87370.25166430077,0.09408785157431335,1.7354501253974655,CT90,MFL,0.0,120.0,60.0,1.5,0.0,0.9117753957460063
INSP_003768,String_H,String_H_269,2024-04-26,87370.25166430077,0.09435271146575248,1.7354501253974655,CT90,MFL,0.0,120.0,60.0,1.5,0.0,0.7700182512857422
INSP_003769,String_H,String_H_270,2024-04-12,87370.25166430077,0.0958649936950958,1.7354501253974655,CT90,MFL,0.3017395275985668,120.0,60.0,1.5,0.0,0.7748992254666113
INSP_003770,String_H,String_H_271,2024-01-15,87370.25166430077,0.09482627667028116,1.7354501253974655,CT90,MFL,0.717097109688297,120.0,60.0,1.5,0.0,0.883580768178879
INSP_003771,String_H,String_H_272,2024-06-20,87370.25166430077,0.09728125408211025,1.7354501253974655,CT90,EMAT,0.0,120.0,60.0,1.5,0.0,0.847153218447815
INSP_003772,String_H,String_H_273,2024-05-02,87370.25166430077,0.09682397323692503,1.7354501253974655,CT90,UT,0.0,120.0,60.0,1.5,0.0,0.7297889759031545
INSP_003773,String_H,String_H_274,2024-04-06,87370.25166430077,0.0974543048674875,1.7354501253974655,CT90,EMAT,0.0,120.0,60.0,1.5,0.0,0.9963075538414308
INSP_003774,String_H,String_H_275,2024-04-12,87370.25166430077,0.0946859790391104,1.7354501253974655,CT90,MFL,0.0,120.0,60.0,1.5,0.0,0.9153109331892249
INSP_003775,String_H,String_H_276,2024-01-31,87370.25166430077,0.09740136424726699,1.7354501253974655,CT90,MFL,1.4672304949498525,120.0,60.0,1.5,0.0,0.7340566676955053
INSP_003776,String_H,String_H_277,2024-06-07,87370.25166430077,0.09534207069912373,1.7354501253974655,CT90,EMAT,0.0,120.0,60.0,1.5,0.0,0.9474361160280514
INSP_003777,String_H,String_H_278,2024-01-24,87370.25166430077,0.09502192735639428,1.7354501253974655,CT90,UT,0.0,120.0,60.0,1.5,0.0,0.9576229066397491
INSP_003778,String_H,String_H_279,2024-05-16,87370.25166430077,0.09388549209049157,1.7354501253974655,CT90,UT,0.0,120.0,60.0,1.5,0.0,0.7935322685308849
INSP_003779,String_H,String_H_280,2024-06-13,87370.25166430077,0.09389473033303228,1.7354501253974655,CT90,MFL,0.0,120.0,60.0,1.5,0.0,0.7397622952758303
INSP_003780,String_H,String_H_281,2024-05-21,87370.25166430077,0.09633933606181636,1.7354501253974655,CT90,MFL,0.0,120.0,60.0,1.5,0.0,0.7634909424687087
INSP_003781,String_H,String_H_282,2024-03-15,87370.25166430077,0.09544415824417975,1.7354501253974655,CT90,MFL,1.3400232276806212,120.0,60.0,1.5,0.0,0.9132844799212714
INSP_003782,String_H,String_H_283,2024-01-20,87370.25166430077,0.09455920975774218,1.7354501253974655,CT90,MFL,0.0,120.0,60.0,1.5,0.0,0.9956512215963436
INSP_003783,String_H,String_H_284,2024-05-20,87370.25166430077,0.0960408917178624,1.7354501253974655,CT90,MFL,0.0,120.0,60.0,1.5,0.0,0.775988247459397
INSP_003784,String_H,String_H_285,2024-03-06,87370.25166430077,0.09465992582000163,1.7354501253974655,CT90,UT,0.0,120.0,60.0,1.5,0.0,0.9110166963727262
INSP_003785,String_H,String_H_286,2024-04-07,87370.25166430077,0.09590192576013432,1.7354501253974655,CT90,UT,1.6150124982352405,120.0,60.0,1.5,0.0,0.917784600374845
INSP_003786,String_H,String_H_287,2024-02-03,87370.25166430077,0.09506663209119841,1.7354501253974655,CT90,MFL,0.0,120.0,60.0,1.5,0.0,0.7115725537572498
INSP_003787,String_H,String_H_288,2024-05-16,87370.25166430077,0.09684237528524545,1.7354501253974655,CT90,MFL,0.0,120.0,60.0,1.5,0.0,0.7214970161074425
INSP_003788,String_H,String_H_289,2024-05-08,87370.25166430077,0.09683145311295582,1.7354501253974655,CT90,MFL,0.0,120.0,60.0,1.5,0.0,0.8815352874375532
INSP_003789,String_H,String_H_290,2024-04-27,87370.25166430077,0.09551842961210336,1.7354501253974655,CT90,MFL,0.7749548811314925,120.0,60.0,1.5,0.0,0.7001393789072752
INSP_003790,String_H,String_H_291,2024-03-30,87370.25166430077,0.09503454842338148,1.7354501253974655,CT90,MFL,0.07931361443015797,120.0,60.0,1.5,0.0,0.8341735077410265
INSP_003791,String_H,String_H_292,2024-04-14,87370.25166430077,0.09507944718118948,1.7354501253974655,CT90,UT,0.0,120.0,60.0,1.5,0.0,0.9850441506889891
INSP_003792,String_H,String_H_293,2024-04-24,87370.25166430077,0.09677416031628897,1.7354501253974655,CT90,MFL,0.0,120.0,60.0,1.5,0.0,0.7835601174468755
INSP_003793,String_H,String_H_294,2024-06-12,87370.25166430077,0.0949479699216834,1.7354501253974655,CT90,MFL,0.0,120.0,60.0,1.5,0.0,0.8357203544003813
INSP_003794,String_H,String_H_295,2024-02-14,87370.25166430077,0.09449243058007142,1.7354501253974655,CT90,MFL,1.2039626361972853,120.0,60.0,1.5,0.0,0.8802555583168293
INSP_003795,String_H,String_H_296,2024-05-07,87370.25166430077,0.09401681064999755,1.7354501253974655,CT90,MFL,0.5160879396700575,120.0,60.0,1.5,0.0,0.7213068871841979
INSP_003796,String_H,String_H_297,2024-02-03,87370.25166430077,0.09547767403276897,1.7354501253974655,CT90,UT,0.0,120.0,60.0,1.5,0.0,0.8592242202730631
INSP_003797,String_H,String_H_298,2024-01-20,87370.25166430077,0.0955367158011413,1.7354501253974655,CT90,UT,0.0,120.0,60.0,1.5,0.0,0.9992296996352497
INSP_003798,String_H,String_H_299,2024-03-15,87370.25166430077,0.09690874998267683,1.7354501253974655,CT90,EMAT,0.9295777934065962,120.0,60.0,1.5,0.0,0.8147238299689515
INSP_003799,String_H,String_H_300,2024-04-25,87370.25166430077,0.09453900676862809,1.7354501253974655,CT90,UT,0.0,120.0,60.0,1.5,0.0,0.9234152897229957
INSP_003800,String_H,String_H_301,2024-01-05,87370.25166430077,0.0951499328700576,1.7354501253974655,CT90,MFL,0.0,120.0,60.0,1.5,0.0,0.7973262389204185
INSP_003801,String_H,String_H_302,2024-03-22,87370.25166430077,0.0967844520588858,1.7354501253974655,CT90,UT,1.1021217305445532,120.0,60.0,1.5,0.0,0.8363661002035969
INSP_003802,String_H,String_H_303,2024-04-04,87370.25166430077,0.09684264827259485,1.7354501253974655,CT90,UT,0.0,120.0,60.0,1.5,0.0,0.966249171684189
INSP_003803,String_H,String_H_304,2024-02-15,87370.25166430077,0.09516377572475122,1.7354501253974655,CT90,UT,0.0,120.0,60.0,1.5,0.0,0.7683262979854932
INSP_003804,String_H,String_H_305,2024-05-02,87370.25166430077,0.09544872827572941,1.7354501253974655,CT90,UT,0.0,120.0,60.0,1.5,0.0,0.8270082858399629
INSP_003805,String_H,String_H_306,2024-02-12,87370.25166430077,0.09485277180129,1.7354501253974655,CT90,MFL,0.0,120.0,60.0,1.5,0.0,0.8746648739509126
INSP_003806,String_H,String_H_307,2024-06-09,87370.25166430077,0.09725922342799279,1.7354501253974655,CT90,MFL,0.0,120.0,60.0,1.5,0.0,0.7871075295294163
INSP_003807,String_H,String_H_308,2024-06-05,87370.25166430077,0.09414666304478013,1.7354501253974655,CT90,EMAT,0.309520285221716,120.0,60.0,1.5,0.0,0.7970414476377394
INSP_003808,String_H,String_H_309,2024-01-11,87370.25166430077,0.09726379160759434,1.7354501253974655,CT90,MFL,0.9400556121813067,120.0,60.0,1.5,0.0,0.890633663654919
INSP_003809,String_H,String_H_310,2024-01-13,87370.25166430077,0.09630818868686224,1.7354501253974655,CT90,MFL,0.0,120.0,60.0,1.5,0.0,0.7161192942057171
INSP_003810,String_H,String_H_311,2024-03-21,87370.25166430077,0.0957257845462435,1.7354501253974655,CT90,MFL,0.0,120.0,60.0,1.5,0.0,0.7190931652135346
INSP_003811,String_H,String_H_312,2024-02-21,87370.25166430077,0.09381784017697194,1.7354501253974655,CT90,MFL,2.156628680901792,120.0,60.0,1.5,0.0,0.8765555869654263
INSP_003812,String_H,String_H_313,2024-01-02,87370.25166430077,0.09551172117312332,1.7354501253974655,CT90,MFL,0.0,120.0,60.0,1.5,0.0,0.8383626201319662
INSP_003813,String_H,String_H_314,2024-06-06,87370.25166430077,0.09525225639395883,1.7354501253974655,CT90,MFL,0.5257173571526343,120.0,60.0,1.5,0.0,0.968544845874096
INSP_003814,String_H,String_H_315,2024-01-19,87370.25166430077,0.09430947861536988,1.7354501253974655,CT90,EMAT,0.0,120.0,60.0,1.5,0.0,0.8176333364317385
INSP_003815,String_H,String_H_316,2024-02-12,87370.25166430077,0.09620318815665291,1.7354501253974655,CT90,EMAT,0.0,120.0,60.0,1.5,0.0,0.9159438267039091
INSP_003816,String_H,String_H_317,2024-03-19,87370.25166430077,0.09740682243331987,1.7354501253974655,CT90,EMAT,0.0,120.0,60.0,1.5,0.0,0.7042278160175568
INSP_003817,String_H,String_H_318,2024-05-19,87370.25166430077,0.09584286882786677,1.7354501253974655,CT90,UT,0.0,120.0,60.0,1.5,0.0,0.8068146246821517
INSP_003818,String_H,String_H_319,2024-03-22,87370.25166430077,0.0964263061386853,1.7354501253974655,CT90,MFL,0.0,120.0,60.0,1.5,0.0,0.9785387315295774
INSP_003819,String_H,String_H_320,2024-05-26,87370.25166430077,0.09395471368365338,1.7354501253974655,CT90,MFL,0.34507379055946014,120.0,60.0,1.5,0.0,0.9821567111040896
INSP_003820,String_H,String_H_321,2024-05-17,87370.25166430077,0.09529018823456524,1.7354501253974655,CT90,EMAT,0.0,120.0,60.0,1.5,0.0,0.857696005289039
INSP_003821,String_H,String_H_322,2024-03-08,87370.25166430077,0.09413792367056842,1.7354501253974655,CT90,UT,0.0,120.0,60.0,1.5,0.0,0.7055053181295089
INSP_003822,String_H,String_H_323,2024-01-01,87370.25166430077,0.09603640030449885,1.7354501253974655,CT90,MFL,0.41593914384368935,120.0,60.0,1.5,0.0,0.8239760597950692
INSP_003823,String_H,String_H_324,2024-02-17,87370.25166430077,0.09728189054235242,1.7354501253974655,CT90,EMAT,0.5939690398416091,120.0,60.0,1.5,0.0,0.7179241653100565
INSP_003824,String_H,String_H_325,2024-05-04,87370.25166430077,0.09622371696539725,1.7354501253974655,CT90,UT,0.0,120.0,60.0,1.5,0.0,0.7831817756605909
INSP_003825,String_H,String_H_326,2024-03-17,87370.25166430077,0.09398665569577058,1.7354501253974655,CT90,UT,0.0,120.0,60.0,1.5,0.0,0.8339153936090279
INSP_003826,String_H,String_H_327,2024-04-29,87370.25166430077,0.09504926049368537,1.7354501253974655,CT90,EMAT,0.0,120.0,60.0,1.5,0.0,0.9046432694060024
INSP_003827,String_H,String_H_328,2024-05-04,87370.25166430077,0.09579879325092418,1.7354501253974655,CT90,UT,0.0,120.0,60.0,1.5,0.0,0.9036069896608518
INSP_003828,String_H,String_H_329,2024-02-12,87370.25166430077,0.09523489318341043,1.7354501253974655,CT90,UT,0.7306498135791769,120.0,60.0,1.5,0.0,0.701982444285039
INSP_003829,String_H,String_H_330,2024-03-15,87370.25166430077,0.09688096830377013,1.7354501253974655,CT90,UT,0.0,120.0,60.0,1.5,0.0,0.9186353834735397
INSP_003830,String_H,String_H_331,2024-03-25,87370.25166430077,0.09680841170001411,1.7354501253974655,CT90,MFL,0.0,120.0,60.0,1.5,0.0,0.838527543080823
INSP_003831,String_H,String_H_332,2024-04-13,87370.25166430077,0.09603271065553351,1.7354501253974655,CT90,UT,0.0,120.0,60.0,1.5,0.0,0.9155414441945864
INSP_003832,String_H,String_H_333,2024-03-13,87370.25166430077,0.09512112390113127,1.7354501253974655,CT90,EMAT,0.0,120.0,60.0,1.5,0.0,0.7829725963422581
INSP_003833,String_H,String_H_334,2024-05-14,87370.25166430077,0.09466940316932086,1.7354501253974655,CT90,MFL,0.6730616844061277,120.0,60.0,1.5,0.0,0.8361383148398069
INSP_003834,String_H,String_H_335,2024-02-17,87370.25166430077,0.09409783009991246,1.7354501253974655,CT90,MFL,0.0,120.0,60.0,1.5,0.0,0.7134707507798638
INSP_003835,String_H,String_H_336,2024-01-10,87370.25166430077,0.09505014571419904,1.7354501253974655,CT90,EMAT,3.606409365507595,120.0,60.0,1.5,0.0,0.9245698954545201
INSP_003836,String_H,String_H_337,2024-02-25,87370.25166430077,0.09527300044115079,1.7354501253974655,CT90,UT,0.0,120.0,60.0,1.5,0.0,0.7941799201678372
INSP_003837,String_H,String_H_338,2024-04-01,87370.25166430077,0.09627742861705228,1.7354501253974655,CT90,UT,0.0,120.0,60.0,1.5,0.0,0.8569675324484951
INSP_003838,String_H,String_H_339,2024-01-08,87370.25166430077,0.09620988135426317,1.7354501253974655,CT90,MFL,0.0,120.0,60.0,1.5,0.0,0.9734214352465187
INSP_003839,String_H,String_H_340,2024-03-02,87370.25166430077,0.093961053013634,1.7354501253974655,CT90,UT,5.699225581776913,120.0,60.0,1.5,0.0,0.7902157977074546
INSP_003840,String_H,String_H_341,2024-04-06,87370.25166430077,0.09520449674176919,1.7354501253974655,CT90,MFL,0.0,120.0,60.0,1.5,0.0,0.7696447180032369
INSP_003841,String_H,String_H_342,2024-06-04,87370.25166430077,0.09438810441667282,1.7354501253974655,CT90,MFL,0.0,120.0,60.0,1.5,0.0,0.9265937531240755
INSP_003842,String_H,String_H_343,2024-05-14,87370.25166430077,0.09429262877413383,1.7354501253974655,CT90,EMAT,1.5793491194377247,120.0,60.0,1.5,0.0,0.8142868718497779
INSP_003843,String_H,String_H_344,2024-05-19,87370.25166430077,0.0968567157482008,1.7354501253974655,CT90,UT,0.0,120.0,60.0,1.5,0.0,0.8280040540843173
INSP_003844,String_H,String_H_345,2024-06-24,87370.25166430077,0.09385323758561433,1.7354501253974655,CT90,UT,0.0,120.0,60.0,1.5,0.0,0.7932168564747322
INSP_003845,String_H,String_H_346,2024-03-27,87370.25166430077,0.09529598526599187,1.7354501253974655,CT90,EMAT,0.0,120.0,60.0,1.5,0.0,0.7235525303355976
INSP_003846,String_H,String_H_347,2024-05-26,87370.25166430077,0.09433619006792213,1.7354501253974655,CT90,UT,0.5962288764052533,120.0,60.0,1.5,0.0,0.863816336235426
INSP_003847,String_H,String_H_348,2024-06-04,87370.25166430077,0.09705568157424914,1.7354501253974655,CT90,EMAT,1.8203283451635037,120.0,60.0,1.5,0.0,0.9111716495072043
INSP_003848,String_H,String_H_349,2024-01-26,87370.25166430077,0.0958231806979335,1.7354501253974655,CT90,UT,0.0,120.0,60.0,1.5,0.0,0.8441580188991199
INSP_003849,String_H,String_H_350,2024-03-13,87370.25166430077,0.09457779159407867,1.7354501253974655,CT90,MFL,0.0,120.0,60.0,1.5,0.0,0.907627007183115
INSP_003850,String_H,String_H_351,2024-02-26,87370.25166430077,0.09561432869758914,1.7354501253974655,CT90,EMAT,0.04978342950392922,120.0,60.0,1.5,0.0,0.929846618487395
INSP_003851,String_H,String_H_352,2024-01-21,87370.25166430077,0.09649029682664892,1.7354501253974655,CT90,MFL,0.45780656896215627,120.0,60.0,1.5,0.0,0.9099025815595017
INSP_003852,String_H,String_H_353,2024-06-24,87370.25166430077,0.09735698199895491,1.7354501253974655,CT90,MFL,0.0,120.0,60.0,1.5,0.0,0.8576037807564887
INSP_003853,String_H,String_H_354,2024-01-25,87370.25166430077,0.09453597535364755,1.7354501253974655,CT90,UT,0.0,120.0,60.0,1.5,0.0,0.9676257567559245
INSP_003854,String_H,String_H_355,2024-06-01,87370.25166430077,0.0970818833091071,1.7354501253974655,CT90,EMAT,0.0,120.0,60.0,1.5,0.0,0.8961576793096128
INSP_003855,String_H,String_H_356,2024-04-12,87370.25166430077,0.09726591285857786,1.7354501253974655,CT90,UT,0.0,120.0,60.0,1.5,0.0,0.8108425705618978
INSP_003856,String_H,String_H_357,2024-06-24,87370.25166430077,0.09719752247848522,1.7354501253974655,CT90,UT,1.9973036119486975,120.0,60.0,1.5,0.0,0.7080531960573297
INSP_003857,String_H,String_H_358,2024-02-17,87370.25166430077,0.09612289809560615,1.7354501253974655,CT90,UT,0.0,120.0,60.0,1.5,0.0,0.9273105171452128
INSP_003858,String_H,String_H_359,2024-03-30,87370.25166430077,0.0961015066484331,1.7354501253974655,CT90,MFL,1.1217242444576376,120.0,60.0,1.5,0.0,0.7703726472017902
INSP_003859,String_H,String_H_360,2024-01-03,87370.25166430077,0.09523490418583254,1.7354501253974655,CT90,MFL,0.0,120.0,60.0,1.5,0.0,0.812066795946258
INSP_003860,String_H,String_H_361,2024-01-12,87370.25166430077,0.09657026671007438,1.7354501253974655,CT90,MFL,2.800464633989746,120.0,60.0,1.5,0.0,0.8429287525984172
INSP_003861,String_H,String_H_362,2024-02-22,87370.25166430077,0.09572472090440186,1.7354501253974655,CT90,EMAT,0.0,120.0,60.0,1.5,0.0,0.7420663881662629
INSP_003862,String_H,String_H_363,2024-04-11,87370.25166430077,0.09628360526184927,1.7354501253974655,CT90,MFL,0.0,120.0,60.0,1.5,0.0,0.878457162284018
INSP_003863,String_H,String_H_364,2024-03-12,87370.25166430077,0.0953314548450286,1.7354501253974655,CT90,MFL,0.04831224565779202,120.0,60.0,1.5,0.0,0.8069259391003132
INSP_003864,String_H,String_H_365,2024-02-24,87370.25166430077,0.09649033546768475,1.7354501253974655,CT90,UT,0.0,120.0,60.0,1.5,0.0,0.9624734056408873
INSP_003865,String_H,String_H_366,2024-01-05,87370.25166430077,0.09684589083956098,1.7354501253974655,CT90,EMAT,0.0,120.0,60.0,1.5,0.0,0.9950197093538172
INSP_003866,String_H,String_H_367,2024-06-26,87370.25166430077,0.09425294713976058,1.7354501253974655,CT90,EMAT,0.0,120.0,60.0,1.5,0.0,0.9044697075993886
INSP_003867,String_H,String_H_368,2024-01-11,87370.25166430077,0.09687823669588816,1.7354501253974655,CT90,EMAT,0.0,120.0,60.0,1.5,0.0,0.9258514008665881
INSP_003868,String_H,String_H_369,2024-02-18,87370.25166430077,0.09575914833295551,1.7354501253974655,CT90,MFL,0.0,120.0,60.0,1.5,0.0,0.834833060855649
INSP_003869,String_H,String_H_370,2024-01-30,87370.25166430077,0.09692311826884942,1.7354501253974655,CT90,UT,0.0,120.0,60.0,1.5,0.0,0.8674557542196508
INSP_003870,String_H,String_H_371,2024-02-21,87370.25166430077,0.09534233011978169,1.7354501253974655,CT90,EMAT,0.0,120.0,60.0,1.5,0.0,0.8097157262869096
INSP_003871,String_H,String_H_372,2024-04-09,87370.25166430077,0.09514247266188687,1.7354501253974655,CT90,EMAT,0.0,120.0,60.0,1.5,0.0,0.7904630546333129
INSP_003872,String_H,String_H_373,2024-04-04,87370.25166430077,0.0971923222828618,1.7354501253974655,CT90,MFL,2.458991045034431,120.0,60.0,1.5,0.0,0.7184310663545296
INSP_003873,String_H,String_H_374,2024-01-25,87370.25166430077,0.094653467314023,1.7354501253974655,CT90,UT,0.0,120.0,60.0,1.5,0.0,0.7208678271752192
INSP_003874,String_H,String_H_375,2024-01-26,87370.25166430077,0.0969213836728265,1.7354501253974655,CT90,UT,0.0,120.0,60.0,1.5,0.0,0.7097609385472624
INSP_003875,String_H,String_H_376,2024-02-13,87370.25166430077,0.09554393770533705,1.7354501253974655,CT90,EMAT,0.0,120.0,60.0,1.5,0.0,0.7734485844132043
INSP_003876,String_H,String_H_377,2024-06-20,87370.25166430077,0.09565895007900346,1.7354501253974655,CT90,EMAT,0.0,120.0,60.0,1.5,0.0,0.8276305800500412
INSP_003877,String_H,String_H_378,2024-04-20,87370.25166430077,0.09487259030916606,1.7354501253974655,CT90,MFL,0.0,120.0,60.0,1.5,0.0,0.8656244641210317
INSP_003878,String_H,String_H_379,2024-06-27,87370.25166430077,0.09588437438028484,1.7354501253974655,CT90,UT,0.0,120.0,60.0,1.5,0.0,0.9686487657373966
INSP_003879,String_H,String_H_380,2024-05-20,87370.25166430077,0.09493661859487557,1.7354501253974655,CT90,MFL,0.0,120.0,60.0,1.5,0.0,0.9512282341879181
INSP_003880,String_H,String_H_381,2024-01-23,87370.25166430077,0.09384311950289499,1.7354501253974655,CT90,MFL,3.440655878622009,120.0,60.0,1.5,0.0,0.9604722517216121
INSP_003881,String_H,String_H_382,2024-05-30,87370.25166430077,0.09473312290616616,1.7354501253974655,CT90,EMAT,0.0,120.0,60.0,1.5,0.0,0.8726118212241417
INSP_003882,String_H,String_H_383,2024-04-27,87370.25166430077,0.09371734008588521,1.7354501253974655,CT90,EMAT,0.0,120.0,60.0,1.5,0.0,0.9542206245402809
INSP_003883,String_H,String_H_384,2024-01-04,87370.25166430077,0.0974343715233554,1.7354501253974655,CT90,MFL,0.0,120.0,60.0,1.5,0.0,0.714838381736749
INSP_003884,String_H,String_H_385,2024-05-20,87370.25166430077,0.09738615760315544,1.7354501253974655,CT90,MFL,0.0,120.0,60.0,1.5,0.0,0.7231570839369613
INSP_003885,String_H,String_H_386,2024-04-30,87370.25166430077,0.09520409895609847,1.7354501253974655,CT90,UT,0.0,120.0,60.0,1.5,0.0,0.9467284753852679
INSP_003886,String_H,String_H_387,2024-03-26,87370.25166430077,0.09647838250527282,1.7354501253974655,CT90,MFL,0.0,120.0,60.0,1.5,0.0,0.798081510391695
INSP_003887,String_H,String_H_388,2024-05-17,87370.25166430077,0.09501537765772727,1.7354501253974655,CT90,EMAT,0.7607377544085905,120.0,60.0,1.5,0.0,0.9289702270814489
INSP_003888,String_H,String_H_389,2024-03-31,87370.25166430077,0.09625934102944522,1.7354501253974655,CT90,EMAT,0.12646555272016882,120.0,60.0,1.5,0.0,0.7591304992711848
INSP_003889,String_H,String_H_390,2024-06-09,87370.25166430077,0.09677307239731858,1.7354501253974655,CT90,EMAT,0.0,120.0,60.0,1.5,0.0,0.9599890274568503
INSP_003890,String_H,String_H_391,2024-01-12,87370.25166430077,0.0973135323191728,1.7354501253974655,CT90,MFL,0.8852191781223564,120.0,60.0,1.5,0.0,0.9109147470209851
INSP_003891,String_H,String_H_392,2024-04-17,87370.25166430077,0.09522343786216694,1.7354501253974655,CT90,UT,0.0,120.0,60.0,1.5,0.0,0.9411073230410343
INSP_003892,String_H,String_H_393,2024-02-08,87370.25166430077,0.09668843493216817,1.7354501253974655,CT90,MFL,0.0,120.0,60.0,1.5,0.0,0.9457553001275876
INSP_003893,String_H,String_H_394,2024-02-05,87370.25166430077,0.09470990940928303,1.7354501253974655,CT90,EMAT,0.0,120.0,60.0,1.5,0.0,0.8271779821471951
INSP_003894,String_H,String_H_395,2024-05-17,87370.25166430077,0.09748017596502419,1.7354501253974655,CT90,MFL,0.0,120.0,60.0,1.5,0.0,0.8025930394725416
INSP_003895,String_H,String_H_396,2024-04-29,87370.25166430077,0.09379149348356583,1.7354501253974655,CT90,MFL,0.0,120.0,60.0,1.5,0.0,0.7111176157541986
INSP_003896,String_H,String_H_397,2024-06-26,87370.25166430077,0.09600096131491344,1.7354501253974655,CT90,MFL,1.9767882119959428,120.0,60.0,1.5,0.0,0.9366475215247518
INSP_003897,String_H,String_H_398,2024-06-17,87370.25166430077,0.09621502933170642,1.7354501253974655,CT90,MFL,0.0,120.0,60.0,1.5,0.0,0.7314990922436885
INSP_003898,String_H,String_H_399,2024-04-24,87370.25166430077,0.09632417042884966,1.7354501253974655,CT90,UT,0.0,120.0,60.0,1.5,0.0,0.7429401148429998
INSP_003899,String_H,String_H_400,2024-04-15,87370.25166430077,0.09415333173786326,1.7354501253974655,CT90,MFL,0.0,120.0,60.0,1.5,0.0,0.9209131075780008
INSP_003900,String_H,String_H_401,2024-03-21,87370.25166430077,0.09728207267095593,1.7354501253974655,CT90,MFL,0.0,120.0,60.0,1.5,0.0,0.8750944469961468
INSP_003901,String_H,String_H_402,2024-02-25,87370.25166430077,0.09438582676730141,1.7354501253974655,CT90,MFL,0.0,120.0,60.0,1.5,0.0,0.8527082326206984
INSP_003902,String_H,String_H_403,2024-06-07,87370.25166430077,0.096074480053336,1.7354501253974655,CT90,MFL,1.918597672276959,120.0,60.0,1.5,0.0,0.789306706112221
INSP_003903,String_H,String_H_404,2024-06-12,87370.25166430077,0.09454450361012139,1.7354501253974655,CT90,MFL,0.13385435986946484,120.0,60.0,1.5,0.0,0.7412106830389065
INSP_003904,String_H,String_H_405,2024-01-12,87370.25166430077,0.09486780292675019,1.7354501253974655,CT90,MFL,0.0,120.0,60.0,1.5,0.0,0.9636460426235989
INSP_003905,String_H,String_H_406,2024-02-11,87370.25166430077,0.09578271310276226,1.7354501253974655,CT90,UT,0.0,120.0,60.0,1.5,0.0,0.9565464254201802
INSP_003906,String_H,String_H_407,2024-04-02,87370.25166430077,0.09528837717956021,1.7354501253974655,CT90,UT,0.0,120.0,60.0,1.5,0.0,0.7187507320203758
INSP_003907,String_H,String_H_408,2024-01-18,87370.25166430077,0.09430568037603108,1.7354501253974655,CT90,MFL,0.0,120.0,60.0,1.5,0.0,0.9541997976379433
INSP_003908,String_H,String_H_409,2024-05-27,87370.25166430077,0.09434664064273446,1.7354501253974655,CT90,UT,0.0,120.0,60.0,1.5,0.0,0.9734538594350275
INSP_003909,String_H,String_H_410,2024-06-01,87370.25166430077,0.09529201540893821,1.7354501253974655,CT90,MFL,0.0,120.0,60.0,1.5,0.0,0.934912308293284
INSP_003910,String_H,String_H_411,2024-03-11,87370.25166430077,0.09658894830312907,1.7354501253974655,CT90,MFL,0.0,120.0,60.0,1.5,0.0,0.7607247740104771
INSP_003911,String_H,String_H_412,2024-01-21,87370.25166430077,0.0971269434004091,1.7354501253974655,CT90,MFL,0.0,120.0,60.0,1.5,0.0,0.8312877476303057
INSP_003912,String_H,String_H_413,2024-03-29,87370.25166430077,0.09401466649797283,1.7354501253974655,CT90,UT,0.0,120.0,60.0,1.5,0.0,0.7658741833433065
INSP_003913,String_H,String_H_414,2024-04-03,87370.25166430077,0.09519625402699752,1.7354501253974655,CT90,EMAT,0.46605107465567036,120.0,60.0,1.5,0.0,0.7829923183113816
INSP_003914,String_H,String_H_415,2024-01-12,87370.25166430077,0.09407630460657505,1.7354501253974655,CT90,MFL,0.0,120.0,60.0,1.5,0.0,0.9839836632833472
INSP_003915,String_H,String_H_416,2024-06-06,87370.25166430077,0.09375639833142448,1.7354501253974655,CT90,UT,0.7687360559369288,120.0,60.0,1.5,0.0,0.9465328882900043
INSP_003916,String_H,String_H_417,2024-05-01,87370.25166430077,0.09622349114693696,1.7354501253974655,CT90,MFL,0.0,120.0,60.0,1.5,0.0,0.9742214274811434
INSP_003917,String_H,String_H_418,2024-01-16,87370.25166430077,0.09599683360706317,1.7354501253974655,CT90,EMAT,0.0,120.0,60.0,1.5,0.0,0.8239531940389793
INSP_003918,String_H,String_H_419,2024-01-24,87370.25166430077,0.0943163633329969,1.7354501253974655,CT90,MFL,1.2690289078340973,120.0,60.0,1.5,0.0,0.7661434412048045
INSP_003919,String_H,String_H_420,2024-04-15,87370.25166430077,0.0945870928052615,1.7354501253974655,CT90,MFL,0.0,120.0,60.0,1.5,0.0,0.7093258817486169
INSP_003920,String_H,String_H_421,2024-04-24,87370.25166430077,0.0937836085716432,1.7354501253974655,CT90,UT,0.21516308596073547,120.0,60.0,1.5,0.0,0.8715316498297196
INSP_003921,String_H,String_H_422,2024-04-19,87370.25166430077,0.09688595198533903,1.7354501253974655,CT90,UT,0.7939088312958392,120.0,60.0,1.5,0.0,0.9254576780667975
INSP_003922,String_H,String_H_423,2024-05-18,87370.25166430077,0.097420358917321,1.7354501253974655,CT90,MFL,1.1045911537644972,120.0,60.0,1.5,0.0,0.8605935858448552
INSP_003923,String_H,String_H_424,2024-03-28,87370.25166430077,0.09421096994755836,1.7354501253974655,CT90,EMAT,0.0,120.0,60.0,1.5,0.0,0.9016595819377232
INSP_003924,String_H,String_H_425,2024-04-21,87370.25166430077,0.09457815327710258,1.7354501253974655,CT90,EMAT,0.0,120.0,60.0,1.5,0.0,0.9292202939884352
INSP_003925,String_H,String_H_426,2024-02-05,87370.25166430077,0.09701391864472106,1.7354501253974655,CT90,MFL,0.0,120.0,60.0,1.5,0.0,0.9882512896221294
INSP_003926,String_H,String_H_427,2024-04-12,87370.25166430077,0.09723592990681439,1.7354501253974655,CT90,MFL,1.9233257867591917,120.0,60.0,1.5,0.0,0.8430110367031927
INSP_003927,String_H,String_H_428,2024-05-26,87370.25166430077,0.09529768515011933,1.7354501253974655,CT90,EMAT,0.0,120.0,60.0,1.5,0.0,0.8041194384918209
INSP_003928,String_H,String_H_429,2024-06-25,87370.25166430077,0.09388653588841184,1.7354501253974655,CT90,MFL,0.0,120.0,60.0,1.5,0.0,0.8417070675014202
INSP_003929,String_H,String_H_430,2024-06-08,87370.25166430077,0.09384358765958668,1.7354501253974655,CT90,MFL,0.0,120.0,60.0,1.5,0.0,0.8490501651701896
INSP_003930,String_H,String_H_431,2024-04-10,87370.25166430077,0.0958878454761783,1.7354501253974655,CT90,EMAT,0.0,120.0,60.0,1.5,0.0,0.7788413533806693
INSP_003931,String_H,String_H_432,2024-04-15,87370.25166430077,0.09519545553875179,1.7354501253974655,CT90,MFL,0.0,120.0,60.0,1.5,0.0,0.8541608347430799
INSP_003932,String_H,String_H_433,2024-01-22,87370.25166430077,0.09380251800284821,1.7354501253974655,CT90,UT,0.0,120.0,60.0,1.5,0.0,0.754530594081004
INSP_003933,String_H,String_H_434,2024-04-09,87370.25166430077,0.09592342021425282,1.7354501253974655,CT90,UT,0.0,120.0,60.0,1.5,0.0,0.9633818593537218
INSP_003934,String_H,String_H_435,2024-02-01,87370.25166430077,0.0937361685176242,1.7354501253974655,CT90,MFL,0.0,120.0,60.0,1.5,0.0,0.8336344592660814
INSP_003935,String_H,String_H_436,2024-01-07,87370.25166430077,0.09670401463564082,1.7354501253974655,CT90,UT,0.0,120.0,60.0,1.5,0.0,0.9349321030414058
INSP_003936,String_H,String_H_437,2024-01-26,87370.25166430077,0.09486480630390967,1.7354501253974655,CT90,UT,0.0,120.0,60.0,1.5,0.0,0.7444100140221426
INSP_003937,String_H,String_H_438,2024-03-05,87370.25166430077,0.09384690006588932,1.7354501253974655,CT90,UT,0.0,120.0,60.0,1.5,0.0,0.9959530628111095
INSP_003938,String_H,String_H_439,2024-05-11,87370.25166430077,0.09594292298849195,1.7354501253974655,CT90,MFL,0.0,120.0,60.0,1.5,0.0,0.815087433656491
INSP_003939,String_H,String_H_440,2024-02-02,87370.25166430077,0.09521377080985981,1.7354501253974655,CT90,UT,0.07158431284612259,120.0,60.0,1.5,0.0,0.8707193792605932
INSP_003940,String_H,String_H_441,2024-02-09,87370.25166430077,0.09741695467902531,1.7354501253974655,CT90,MFL,0.0,120.0,60.0,1.5,0.0,0.9543356090919668
INSP_003941,String_H,String_H_442,2024-03-24,87370.25166430077,0.09577407086845043,1.7354501253974655,CT90,MFL,2.286776431418547,120.0,60.0,1.5,0.0,0.7752294631575353
INSP_003942,String_H,String_H_443,2024-04-05,87370.25166430077,0.09474551552172657,1.7354501253974655,CT90,UT,0.0,120.0,60.0,1.5,0.0,0.8713144562775537
INSP_003943,String_H,String_H_444,2024-05-23,87370.25166430077,0.09640598275520751,1.7354501253974655,CT90,MFL,0.0,120.0,60.0,1.5,0.0,0.9005223158262792
INSP_003944,String_H,String_H_445,2024-03-27,87370.25166430077,0.09473118555479466,1.7354501253974655,CT90,MFL,0.0,120.0,60.0,1.5,0.0,0.9093696136781606
INSP_003945,String_H,String_H_446,2024-05-20,87370.25166430077,0.09715095420455298,1.7354501253974655,CT90,EMAT,0.0,120.0,60.0,1.5,0.0,0.9083919498409057
INSP_003946,String_H,String_H_447,2024-03-31,87370.25166430077,0.09512595778930813,1.7354501253974655,CT90,MFL,0.0,120.0,60.0,1.5,0.0,0.7045546839741901
INSP_003947,String_H,String_H_448,2024-04-04,87370.25166430077,0.09579575371156446,1.7354501253974655,CT90,MFL,0.0,120.0,60.0,1.5,0.0,0.8024340115572852
INSP_003948,String_H,String_H_449,2024-04-27,87370.25166430077,0.0938863470935137,1.7354501253974655,CT90,MFL,0.6468873464087198,120.0,60.0,1.5,0.0,0.8698418068662632
INSP_003949,String_H,String_H_450,2024-06-02,87370.25166430077,0.09532251896298306,1.7354501253974655,CT90,UT,0.0,120.0,60.0,1.5,0.0,0.9557846006113981
INSP_003950,String_H,String_H_451,2024-05-18,87370.25166430077,0.09687607152491311,1.7354501253974655,CT90,UT,0.6961477506171688,120.0,60.0,1.5,0.0,0.8432382455748901
INSP_003951,String_H,String_H_452,2024-04-02,87370.25166430077,0.09677390898857745,1.7354501253974655,CT90,MFL,0.0,120.0,60.0,1.5,0.0,0.9297282619122482
INSP_003952,String_H,String_H_453,2024-03-14,87370.25166430077,0.09455078478414587,1.7354501253974655,CT90,UT,0.0,120.0,60.0,1.5,0.0,0.907640816524661
INSP_003953,String_H,String_H_454,2024-04-02,87370.25166430077,0.09455751733799457,1.7354501253974655,CT90,UT,0.0,120.0,60.0,1.5,0.0,0.9825256512370293
INSP_003954,String_H,String_H_455,2024-04-07,87370.25166430077,0.09681848582364273,1.7354501253974655,CT90,MFL,0.0,120.0,60.0,1.5,0.0,0.7523233738449845
INSP_003955,String_H,String_H_456,2024-02-03,87370.25166430077,0.09725097669636275,1.7354501253974655,CT90,EMAT,0.0,0.0,100.0,0.0,0.0,0.723165096231286
INSP_003956,String_H,String_H_457,2024-05-05,87370.25166430077,0.09405762474787942,1.7354501253974655,CT90,UT,0.0,0.0,100.0,0.0,0.0,0.9481558183436319
INSP_003957,String_H,String_H_458,2024-06-14,87370.25166430077,0.09541406041799513,1.7354501253974655,CT90,UT,0.0,120.0,60.0,1.5,0.0,0.7278799306251394
INSP_003958,String_H,String_H_459,2024-04-13,87370.25166430077,0.09498343861434642,1.7354501253974655,CT90,MFL,0.0,0.0,100.0,0.0,0.0,0.7643264151583297
INSP_003959,String_H,String_H_460,2024-03-10,87370.25166430077,0.09702263373882061,1.7354501253974655,CT90,UT,0.0,0.0,100.0,0.0,0.0,0.9558741127020449
INSP_003960,String_H,String_H_461,2024-05-06,87370.25166430077,0.09401236146956446,1.7354501253974655,CT90,UT,0.0,0.0,100.0,0.0,0.0,0.8153479136397425
INSP_003961,String_H,String_H_462,2024-01-17,87370.25166430077,0.09450033355649626,1.7354501253974655,CT90,UT,0.0,0.0,100.0,0.0,0.0,0.8607396272092918
INSP_003962,String_H,String_H_463,2024-03-23,87370.25166430077,0.09657053614529686,1.7354501253974655,CT90,MFL,0.0,0.0,100.0,0.0,0.0,0.78269257786636
INSP_003963,String_H,String_H_464,2024-04-15,87370.25166430077,0.09388910336847676,1.7354501253974655,CT90,UT,0.0,0.0,100.0,0.0,0.0,0.8394384315709488
INSP_003964,String_H,String_H_465,2024-02-18,87370.25166430077,0.09557650005063048,1.7354501253974655,CT90,MFL,0.9954006330825577,0.0,100.0,0.0,0.0,0.7787993889765475
INSP_003965,String_H,String_H_466,2024-04-08,87370.25166430077,0.0953836518764094,1.7354501253974655,CT90,EMAT,0.001700748688785467,0.0,100.0,0.0,0.0,0.89294006222994
INSP_003966,String_H,String_H_467,2024-05-02,87370.25166430077,0.09497176294377055,1.7354501253974655,CT90,MFL,0.0,0.0,100.0,0.0,0.0,0.9101925483684381
INSP_003967,String_H,String_H_468,2024-02-27,87370.25166430077,0.09520186951466873,1.7354501253974655,CT90,UT,0.0,0.0,100.0,0.0,0.0,0.992990036724271
INSP_003968,String_H,String_H_469,2024-05-19,87370.25166430077,0.09571954510945835,1.7354501253974655,CT90,MFL,0.0,0.0,100.0,0.0,0.0,0.834251486324859
INSP_003969,String_H,String_H_470,2024-05-14,87370.25166430077,0.09431004668683836,1.7354501253974655,CT90,MFL,0.0,0.0,100.0,0.0,0.0,0.9245917791945573
INSP_003970,String_H,String_H_471,2024-04-10,87370.25166430077,0.09588037303247353,1.7354501253974655,CT90,MFL,0.0,0.0,100.0,0.0,0.0,0.8470580873129278
INSP_003971,String_H,String_H_472,2024-05-06,87370.25166430077,0.09677308114041538,1.7354501253974655,CT90,UT,0.0,0.0,100.0,0.0,0.0,0.7388289397271646
INSP_003972,String_H,String_H_473,2024-05-20,87370.25166430077,0.09659995417063696,1.7354501253974655,CT90,MFL,0.0,0.0,100.0,0.0,0.0,0.805702901286699
INSP_003973,String_H,String_H_474,2024-03-27,87370.25166430077,0.09428148963660121,1.7354501253974655,CT90,MFL,0.8898900050192053,0.0,100.0,0.0,0.0,0.9620106692418469
INSP_003974,String_H,String_H_475,2024-04-08,87370.25166430077,0.09426370543465118,1.7354501253974655,CT90,MFL,0.0,0.0,100.0,0.0,0.0,0.7840495638532287
INSP_003975,String_H,String_H_476,2024-06-24,87370.25166430077,0.09471849824966178,1.7354501253974655,CT90,MFL,0.0,0.0,100.0,0.0,0.0,0.8218031240841547
INSP_003976,String_H,String_H_477,2024-03-01,87370.25166430077,0.09507376797291352,1.7354501253974655,CT90,UT,0.0,0.0,100.0,0.0,0.0,0.7559079785941321
INSP_003977,String_H,String_H_478,2024-05-14,87370.25166430077,0.09525496192653884,1.7354501253974655,CT90,UT,0.4748842746543805,0.0,100.0,0.0,0.0,0.8136129163069489
INSP_003978,String_H,String_H_479,2024-02-22,87370.25166430077,0.09629224469065259,1.7354501253974655,CT90,MFL,0.7214995960079122,0.0,100.0,0.0,0.0,0.7445447053181605
INSP_003979,String_H,String_H_480,2024-02-17,87370.25166430077,0.09390970274985905,1.7354501253974655,CT90,MFL,0.3710234946191117,0.0,100.0,0.0,0.0,0.8773145555400366
INSP_003980,String_H,String_H_481,2024-05-07,87370.25166430077,0.09382554075594736,1.7354501253974655,CT90,UT,0.0,0.0,100.0,0.0,0.0,0.7225664442256124
INSP_003981,String_H,String_H_482,2024-01-24,87370.25166430077,0.09519169043631072,1.7354501253974655,CT90,UT,0.0,0.0,100.0,0.0,0.0,0.8866552497639868
INSP_003982,String_H,String_H_483,2024-06-18,87370.25166430077,0.09635904001783359,1.7354501253974655,CT90,MFL,0.0,0.0,100.0,0.0,0.0,0.7148381944758841
INSP_003983,String_H,String_H_484,2024-06-27,87370.25166430077,0.09443268113276422,1.7354501253974655,CT90,UT,2.5039064767870567,0.0,100.0,0.0,0.0,0.7948458560437482
INSP_003984,String_H,String_H_485,2024-06-04,87370.25166430077,0.0961461879605845,1.7354501253974655,CT90,UT,0.0,0.0,100.0,0.0,0.0,0.9907626046616131
INSP_003985,String_H,String_H_486,2024-04-05,87370.25166430077,0.09468658058219859,1.7354501253974655,CT90,UT,0.0,0.0,100.0,0.0,0.0,0.9166877968224314
INSP_003986,String_H,String_H_487,2024-01-31,87370.25166430077,0.09708151747327767,1.7354501253974655,CT90,MFL,0.19868370517207432,0.0,100.0,0.0,0.0,0.8878171665261754
INSP_003987,String_H,String_H_488,2024-02-15,87370.25166430077,0.09711824447858895,1.7354501253974655,CT90,MFL,0.0,0.0,100.0,0.0,0.0,0.7126874568018539
INSP_003988,String_H,String_H_489,2024-01-11,87370.25166430077,0.09482983161301647,1.7354501253974655,CT90,EMAT,0.0,0.0,100.0,0.0,0.0,0.7111692098483479
INSP_003989,String_H,String_H_490,2024-01-29,87370.25166430077,0.09457248787578616,1.7354501253974655,CT90,MFL,1.8605125171692567,0.0,100.0,0.0,0.0,0.8600493764185577
INSP_003990,String_H,String_H_491,2024-05-23,87370.25166430077,0.09526585474736306,1.7354501253974655,CT90,EMAT,4.264752122074506,0.0,100.0,0.0,0.0,0.9317197650068537
INSP_003991,String_H,String_H_492,2024-03-04,87370.25166430077,0.09461278666942571,1.7354501253974655,CT90,EMAT,0.0,0.0,100.0,0.0,0.0,0.8141235794360935
INSP_003992,String_H,String_H_493,2024-06-27,87370.25166430077,0.09626427687402152,1.7354501253974655,CT90,MFL,0.0,0.0,100.0,0.0,0.0,0.978504954387741
INSP_003993,String_H,String_H_494,2024-03-03,87370.25166430077,0.09685198343153531,1.7354501253974655,CT90,UT,0.0,0.0,100.0,0.0,0.0,0.7559928950854735
INSP_003994,String_H,String_H_495,2024-04-05,87370.25166430077,0.09626698550884673,1.7354501253974655,CT90,MFL,0.0,0.0,100.0,0.0,0.0,0.7594016832058604
INSP_003995,String_H,String_H_496,2024-01-09,87370.25166430077,0.09684542784208458,1.7354501253974655,CT90,MFL,0.0,0.0,100.0,0.0,0.0,0.7649906857399701
INSP_003996,String_H,String_H_497,2024-04-29,87370.25166430077,0.09521112349761775,1.7354501253974655,CT90,MFL,0.0,0.0,100.0,0.0,0.0,0.9048903943042401
INSP_003997,String_H,String_H_498,2024-03-08,87370.25166430077,0.0942907329849288,1.7354501253974655,CT90,MFL,0.0,0.0,100.0,0.0,0.0,0.7075905266406913
INSP_003998,String_H,String_H_499,2024-02-15,87370.25166430077,0.09651501871487261,1.7354501253974655,CT90,UT,0.0,0.0,100.0,0.0,0.0,0.9617815576345784
INSP_003999,String_H,String_H_500,2024-04-12,87370.25166430077,0.09507147260589177,1.7354501253974655,CT90,MFL,0.0,0.0,100.0,0.0,0.0,0.9777327484433254
INSP_004000,String_I,String_I_001,2024-01-07,88447.97347146693,0.14883573932284555,2.402091716332336,CT90,UT,0.0,120.0,60.0,1.5,0.0,0.7059425740094195
INSP_004001,String_I,String_I_002,2024-02-11,88447.97347146693,0.1464668641565999,2.402091716332336,CT90,UT,1.499689380034323,120.0,60.0,1.5,0.0,0.9500369304398815
INSP_004002,String_I,String_I_003,2024-01-25,88447.97347146693,0.14534687229593973,2.402091716332336,CT90,UT,1.5295697513894746,120.0,60.0,1.5,0.0,0.9034341444422671
INSP_004003,String_I,String_I_004,2024-05-09,88447.97347146693,0.1507356257506318,2.402091716332336,CT90,UT,0.0,120.0,60.0,1.5,0.0,0.8113077806633244
INSP_004004,String_I,String_I_005,2024-03-07,88447.97347146693,0.14579017506925995,2.402091716332336,CT90,UT,0.0,120.0,60.0,1.5,0.0,0.9885549560396714
INSP_004005,String_I,String_I_006,2024-05-30,88447.97347146693,0.15071102325934949,2.402091716332336,CT90,EMAT,0.0,120.0,60.0,1.5,0.0,0.9075113576526842
INSP_004006,String_I,String_I_007,2024-06-28,88447.97347146693,0.15064514704191964,2.402091716332336,CT90,MFL,0.0,120.0,60.0,1.5,0.0,0.8109520739292146
INSP_004007,String_I,String_I_008,2024-03-27,88447.97347146693,0.1495603517173019,2.402091716332336,CT90,UT,0.0,120.0,60.0,1.5,0.0,0.9728757154422827
INSP_004008,String_I,String_I_009,2024-04-16,88447.97347146693,0.14876568384240743,2.402091716332336,CT90,UT,0.13070451804199124,120.0,60.0,1.5,0.0,0.8415868536897392
INSP_004009,String_I,String_I_010,2024-03-22,88447.97347146693,0.14828309539217763,2.402091716332336,CT90,EMAT,0.0,120.0,60.0,1.5,0.0,0.9932702582619747
INSP_004010,String_I,String_I_011,2024-06-16,88447.97347146693,0.14998775800626737,2.402091716332336,CT90,UT,0.4066873255797018,120.0,60.0,1.5,0.0,0.8728998968046171
INSP_004011,String_I,String_I_012,2024-01-16,88447.97347146693,0.14657800093673332,2.402091716332336,CT90,UT,0.0,120.0,60.0,1.5,0.0,0.9913465640424823
INSP_004012,String_I,String_I_013,2024-06-26,88447.97347146693,0.1476319299982535,2.402091716332336,CT90,UT,0.0,120.0,60.0,1.5,0.0,0.9651358184967951
INSP_004013,String_I,String_I_014,2024-02-07,88447.97347146693,0.14852897191357844,2.402091716332336,CT90,UT,0.0,120.0,60.0,1.5,0.0,0.780951793601549
INSP_004014,String_I,String_I_015,2024-01-14,88447.97347146693,0.1472979047276416,2.402091716332336,CT90,MFL,2.2135065076180904,120.0,60.0,1.5,0.0,0.9109957571344541
INSP_004015,String_I,String_I_016,2024-02-09,88447.97347146693,0.14739426156172114,2.402091716332336,CT90,MFL,0.35007006545871044,120.0,60.0,1.5,0.0,0.8909717425143299
INSP_004016,String_I,String_I_017,2024-04-29,88447.97347146693,0.14681951506319102,2.402091716332336,CT90,MFL,0.0,120.0,60.0,1.5,0.0,0.7420724927891498
INSP_004017,String_I,String_I_018,2024-01-14,88447.97347146693,0.14820282610667407,2.402091716332336,CT90,UT,0.0,120.0,60.0,1.5,0.0,0.9298179827377593
INSP_004018,String_I,String_I_019,2024-02-21,88447.97347146693,0.14989594797709946,2.402091716332336,CT90,MFL,0.8234968258489758,120.0,60.0,1.5,0.0,0.8508605340122652
INSP_004019,String_I,String_I_020,2024-01-30,88447.97347146693,0.14605818927743205,2.402091716332336,CT90,EMAT,0.8180562017755805,120.0,60.0,1.5,0.0,0.930830911257162
INSP_004020,String_I,String_I_021,2024-05-23,88447.97347146693,0.15039179673781203,2.402091716332336,CT90,MFL,0.0,120.0,60.0,1.5,0.0,0.8825659114694866
INSP_004021,String_I,String_I_022,2024-05-18,88447.97347146693,0.14894108882480123,2.402091716332336,CT90,UT,0.8588483141961021,120.0,60.0,1.5,0.0,0.8772395788886348
INSP_004022,String_I,String_I_023,2024-02-04,88447.97347146693,0.14973451745257021,2.402091716332336,CT90,MFL,0.0,120.0,60.0,1.5,0.0,0.8163500171757702
INSP_004023,String_I,String_I_024,2024-03-27,88447.97347146693,0.14815527957428198,2.402091716332336,CT90,MFL,0.0,120.0,60.0,1.5,0.0,0.9352990033192365
INSP_004024,String_I,String_I_025,2024-05-09,88447.97347146693,0.14947578865225702,2.402091716332336,CT90,EMAT,3.3825728798748607,120.0,60.0,1.5,0.0,0.7597772460938905
INSP_004025,String_I,String_I_026,2024-02-21,88447.97347146693,0.14496235954315764,2.402091716332336,CT90,UT,1.5478395411637649,120.0,60.0,1.5,0.0,0.917093768396532
INSP_004026,String_I,String_I_027,2024-06-15,88447.97347146693,0.14970558678357157,2.402091716332336,CT90,EMAT,3.515691288131526,120.0,60.0,1.5,0.0,0.8945295166277796
INSP_004027,String_I,String_I_028,2024-05-02,88447.97347146693,0.1451039057796167,2.402091716332336,CT90,MFL,0.12394382579272956,120.0,60.0,1.5,0.0,0.7411905022007758
INSP_004028,String_I,String_I_029,2024-06-08,88447.97347146693,0.1501285554850238,2.402091716332336,CT90,MFL,0.0,120.0,60.0,1.5,0.0,0.9330098040719554
INSP_004029,String_I,String_I_030,2024-06-15,88447.97347146693,0.15073196536715439,2.402091716332336,CT90,MFL,0.0,120.0,60.0,1.5,0.0,0.8081028134242569
INSP_004030,String_I,String_I_031,2024-02-08,88447.97347146693,0.14660536558427809,2.402091716332336,CT90,UT,0.0,120.0,60.0,1.5,0.0,0.7315032314193072
INSP_004031,String_I,String_I_032,2024-05-15,88447.97347146693,0.1461101649083841,2.402091716332336,CT90,MFL,1.7190206485464277,120.0,60.0,1.5,0.0,0.8151528883177122
INSP_004032,String_I,String_I_033,2024-03-25,88447.97347146693,0.14939210108339523,2.402091716332336,CT90,MFL,0.0,120.0,60.0,1.5,0.0,0.775310824994882
INSP_004033,String_I,String_I_034,2024-02-27,88447.97347146693,0.14636269267088942,2.402091716332336,CT90,EMAT,0.0,120.0,60.0,1.5,0.0,0.9985212304448265
INSP_004034,String_I,String_I_035,2024-03-23,88447.97347146693,0.1499845699826651,2.402091716332336,CT90,EMAT,0.2039686213535562,120.0,60.0,1.5,0.0,0.9697197836199993
INSP_004035,String_I,String_I_036,2024-04-18,88447.97347146693,0.14547466800830544,2.402091716332336,CT90,MFL,0.0,120.0,60.0,1.5,0.0,0.9860342706029659
INSP_004036,String_I,String_I_037,2024-06-21,88447.97347146693,0.14561133101435406,2.402091716332336,CT90,MFL,1.532482102030526,120.0,60.0,1.5,0.0,0.8994594073940239
INSP_004037,String_I,String_I_038,2024-04-19,88447.97347146693,0.15065621379836353,2.402091716332336,CT90,MFL,0.0,120.0,60.0,1.5,0.0,0.7194921504786598
INSP_004038,String_I,String_I_039,2024-06-03,88447.97347146693,0.14885092413621187,2.402091716332336,CT90,EMAT,0.6549256578806216,120.0,60.0,1.5,0.0,0.8935963234048824
INSP_004039,String_I,String_I_040,2024-04-24,88447.97347146693,0.14987414524178405,2.402091716332336,CT90,MFL,0.0,120.0,60.0,1.5,0.0,0.790467266186327
INSP_004040,String_I,String_I_041,2024-03-09,88447.97347146693,0.14678430190217917,2.402091716332336,CT90,UT,0.0,120.0,60.0,1.5,0.0,0.7746325732926945
INSP_004041,String_I,String_I_042,2024-05-29,88447.97347146693,0.14886656293307735,2.402091716332336,CT90,MFL,0.9277362012810905,120.0,60.0,1.5,0.0,0.8625449554466222
INSP_004042,String_I,String_I_043,2024-01-14,88447.97347146693,0.14838027293283282,2.402091716332336,CT90,UT,0.0,120.0,60.0,1.5,0.0,0.9160707660549748
INSP_004043,String_I,String_I_044,2024-01-24,88447.97347146693,0.14843294696571474,2.402091716332336,CT90,UT,0.2258267754357388,120.0,60.0,1.5,0.0,0.7889269858574399
INSP_004044,String_I,String_I_045,2024-01-19,88447.97347146693,0.1489023284783928,2.402091716332336,CT90,MFL,2.089179974638872,120.0,60.0,1.5,0.0,0.8890301253827444
INSP_004045,String_I,String_I_046,2024-05-21,88447.97347146693,0.14826862128780077,2.402091716332336,CT90,UT,0.0,120.0,60.0,1.5,0.0,0.7599318651987231
INSP_004046,String_I,String_I_047,2024-06-28,88447.97347146693,0.1474035798240916,2.402091716332336,CT90,MFL,0.0,120.0,60.0,1.5,0.0,0.8329628347952147
INSP_004047,String_I,String_I_048,2024-04-19,88447.97347146693,0.14649807700323886,2.402091716332336,CT90,UT,0.0,120.0,60.0,1.5,0.0,0.8111915442807365
INSP_004048,String_I,String_I_049,2024-04-06,88447.97347146693,0.1494111286688158,2.402091716332336,CT90,MFL,1.2382211550737352,120.0,60.0,1.5,0.0,0.9829191387250813
INSP_004049,String_I,String_I_050,2024-03-13,88447.97347146693,0.14620449890551432,2.402091716332336,CT90,UT,0.0,120.0,60.0,1.5,0.0,0.9348039292457088
INSP_004050,String_I,String_I_051,2024-01-07,88447.97347146693,0.14896040428286292,2.402091716332336,CT90,MFL,0.0,120.0,60.0,1.5,0.0,0.8127713114254407
INSP_004051,String_I,String_I_052,2024-01-15,88447.97347146693,0.14624624645043147,2.402091716332336,CT90,UT,0.0,120.0,60.0,1.5,0.0,0.81445324108342
INSP_004052,String_I,String_I_053,2024-02-03,88447.97347146693,0.14856409585119654,2.402091716332336,CT90,UT,0.1565120277265374,120.0,60.0,1.5,0.0,0.9550516231380679
INSP_004053,String_I,String_I_054,2024-01-30,88447.97347146693,0.14928398274844315,2.402091716332336,CT90,UT,0.0,120.0,60.0,1.5,0.0,0.8899389953323031
INSP_004054,String_I,String_I_055,2024-05-27,88447.97347146693,0.14615980584809452,2.402091716332336,CT90,UT,0.0,120.0,60.0,1.5,0.0,0.7176876022188625
INSP_004055,String_I,String_I_056,2024-03-23,88447.97347146693,0.14522100788201212,2.402091716332336,CT90,MFL,1.1255297188961266,120.0,60.0,1.5,0.0,0.8930467985814572
INSP_004056,String_I,String_I_057,2024-04-23,88447.97347146693,0.14564100528471288,2.402091716332336,CT90,EMAT,0.0,120.0,60.0,1.5,0.0,0.8872107287472595
INSP_004057,String_I,String_I_058,2024-03-25,88447.97347146693,0.14844978014839214,2.402091716332336,CT90,EMAT,0.0,120.0,60.0,1.5,0.0,0.8924937754368847
INSP_004058,String_I,String_I_059,2024-01-02,88447.97347146693,0.1498892774819252,2.402091716332336,CT90,MFL,0.0,120.0,60.0,1.5,0.0,0.7201707916301259
INSP_004059,String_I,String_I_060,2024-02-10,88447.97347146693,0.14513263052669945,2.402091716332336,CT90,EMAT,0.0,120.0,60.0,1.5,0.0,0.98326937308423
INSP_004060,String_I,String_I_061,2024-03-04,88447.97347146693,0.1492075463690773,2.402091716332336,CT90,EMAT,2.244393275150195,120.0,60.0,1.5,0.0,0.7838903997050601
INSP_004061,String_I,String_I_062,2024-02-16,88447.97347146693,0.1468847581075879,2.402091716332336,CT90,MFL,0.9587743883087382,120.0,60.0,1.5,0.0,0.7037554854362771
INSP_004062,String_I,String_I_063,2024-01-19,88447.97347146693,0.14769606838473173,2.402091716332336,CT90,MFL,0.0,120.0,60.0,1.5,0.0,0.8931353268363107
INSP_004063,String_I,String_I_064,2024-04-13,88447.97347146693,0.15035884113743847,2.402091716332336,CT90,MFL,1.1871355170863431,120.0,60.0,1.5,0.0,0.8756960190957774
INSP_004064,String_I,String_I_065,2024-03-05,88447.97347146693,0.14682948919872624,2.402091716332336,CT90,MFL,0.0,120.0,60.0,1.5,0.0,0.8104197979530321
INSP_004065,String_I,String_I_066,2024-01-10,88447.97347146693,0.14761806846409004,2.402091716332336,CT90,MFL,0.0,120.0,60.0,1.5,0.0,0.922513828285221
INSP_004066,String_I,String_I_067,2024-01-23,88447.97347146693,0.14494747091074342,2.402091716332336,CT90,MFL,0.0,120.0,60.0,1.5,0.0,0.7945109845910147
INSP_004067,String_I,String_I_068,2024-01-04,88447.97347146693,0.14534905466760956,2.402091716332336,CT90,UT,0.0,120.0,60.0,1.5,0.0,0.781408530952808
INSP_004068,String_I,String_I_069,2024-03-25,88447.97347146693,0.14639559955651898,2.402091716332336,CT90,MFL,0.0,120.0,60.0,1.5,0.0,0.8625956404201285
INSP_004069,String_I,String_I_070,2024-02-22,88447.97347146693,0.1450312559747721,2.402091716332336,CT90,MFL,0.0,120.0,60.0,1.5,0.0,0.766671668757652
INSP_004070,String_I,String_I_071,2024-02-20,88447.97347146693,0.14859984038244367,2.402091716332336,CT90,MFL,0.20039617710428526,120.0,60.0,1.5,0.0,0.7957873672067002
INSP_004071,String_I,String_I_072,2024-02-06,88447.97347146693,0.14738782772826334,2.402091716332336,CT90,MFL,0.0,120.0,60.0,1.5,0.0,0.8081984677731474
INSP_004072,String_I,String_I_073,2024-06-18,88447.97347146693,0.14810770722697814,2.402091716332336,CT90,MFL,0.0,120.0,60.0,1.5,0.0,0.9123052412111388
INSP_004073,String_I,String_I_074,2024-03-26,88447.97347146693,0.14589924290840095,2.402091716332336,CT90,MFL,2.4554438102942058,120.0,60.0,1.5,0.0,0.961912706316803
INSP_004074,String_I,String_I_075,2024-05-26,88447.97347146693,0.14661639062344126,2.402091716332336,CT90,UT,0.0,120.0,60.0,1.5,0.0,0.9324835685802118
INSP_004075,String_I,String_I_076,2024-01-10,88447.97347146693,0.1487917096403069,2.402091716332336,CT90,EMAT,0.0,120.0,60.0,1.5,0.0,0.9665562475672355
INSP_004076,String_I,String_I_077,2024-05-09,88447.97347146693,0.15057432675003218,2.402091716332336,CT90,EMAT,0.0,120.0,60.0,1.5,0.0,0.8085690405998046
INSP_004077,String_I,String_I_078,2024-01-24,88447.97347146693,0.1451646782776138,2.402091716332336,CT90,MFL,0.82875437792779,120.0,60.0,1.5,0.0,0.8904836636030697
INSP_004078,String_I,String_I_079,2024-03-31,88447.97347146693,0.15013134014266757,2.402091716332336,CT90,UT,0.0,120.0,60.0,1.5,0.0,0.9454823007626177
INSP_004079,String_I,String_I_080,2024-02-28,88447.97347146693,0.1482776209204108,2.402091716332336,CT90,MFL,1.3725868575446258,120.0,60.0,1.5,0.0,0.792722808714637
INSP_004080,String_I,String_I_081,2024-02-19,88447.97347146693,0.14820097979746918,2.402091716332336,CT90,MFL,0.0,120.0,60.0,1.5,0.0,0.8494142703676221
INSP_004081,String_I,String_I_082,2024-04-18,88447.97347146693,0.14782467539681093,2.402091716332336,CT90,MFL,0.0,120.0,60.0,1.5,0.0,0.7396273707894108
INSP_004082,String_I,String_I_083,2024-05-03,88447.97347146693,0.14527688962865906,2.402091716332336,CT90,MFL,0.19319479494628378,120.0,60.0,1.5,0.0,0.9776889842954111
INSP_004083,String_I,String_I_084,2024-04-07,88447.97347146693,0.14539800260770355,2.402091716332336,CT90,UT,0.0,120.0,60.0,1.5,0.0,0.9431101252050302
INSP_004084,String_I,String_I_085,2024-01-23,88447.97347146693,0.14841971317139302,2.402091716332336,CT90,MFL,0.0,120.0,60.0,1.5,0.0,0.8817330980550139
INSP_004085,String_I,String_I_086,2024-03-03,88447.97347146693,0.14688262901538002,2.402091716332336,CT90,MFL,0.0,120.0,60.0,1.5,0.0,0.8288281057476058
INSP_004086,String_I,String_I_087,2024-04-26,88447.97347146693,0.15029030161100762,2.402091716332336,CT90,EMAT,0.0,120.0,60.0,1.5,0.0,0.7270289241839702
INSP_004087,String_I,String_I_088,2024-06-20,88447.97347146693,0.14727070565399403,2.402091716332336,CT90,EMAT,0.0,120.0,60.0,1.5,0.0,0.9552925017948515
INSP_004088,String_I,String_I_089,2024-06-10,88447.97347146693,0.14571377983708106,2.402091716332336,CT90,MFL,1.0970917339902784,120.0,60.0,1.5,0.0,0.8455206888665494
INSP_004089,String_I,String_I_090,2024-04-21,88447.97347146693,0.1490926439693492,2.402091716332336,CT90,MFL,0.0,120.0,60.0,1.5,0.0,0.8636546186066232
INSP_004090,String_I,String_I_091,2024-04-20,88447.97347146693,0.14660114351771844,2.402091716332336,CT90,EMAT,0.0,120.0,60.0,1.5,0.0,0.8096664571576906
INSP_004091,String_I,String_I_092,2024-02-19,88447.97347146693,0.1479736323588393,2.402091716332336,CT90,MFL,0.0,120.0,60.0,1.5,0.44984284319247786,0.9491014463397832
INSP_004092,String_I,String_I_093,2024-02-16,88447.97347146693,0.14899279809921795,2.402091716332336,CT90,MFL,0.0,120.0,60.0,1.5,3.0349876119135715,0.8870418780238456
INSP_004093,String_I,String_I_094,2024-05-16,88447.97347146693,0.15018975856384428,2.402091716332336,CT90,MFL,0.9859413256313877,120.0,60.0,1.5,8.257487869692257,0.9615120353090696
INSP_004094,String_I,String_I_095,2024-05-06,88447.97347146693,0.14955073193205792,2.402091716332336,CT90,MFL,0.22096056178825418,120.0,60.0,1.5,3.9853674641680423,0.8431295833479984
INSP_004095,String_I,String_I_096,2024-05-04,88447.97347146693,0.14886583752616842,2.402091716332336,CT90,EMAT,0.0,120.0,60.0,1.5,5.324405406989018,0.9888063766735251
INSP_004096,String_I,String_I_097,2024-02-12,88447.97347146693,0.1488851852812927,2.402091716332336,CT90,MFL,0.0,120.0,60.0,1.5,3.747571887453726,0.9382538603824565
INSP_004097,String_I,String_I_098,2024-04-28,88447.97347146693,0.15045974569356915,2.402091716332336,CT90,MFL,0.0,120.0,60.0,1.5,2.614451364706027,0.9800808337154663
INSP_004098,String_I,String_I_099,2024-02-16,88447.97347146693,0.14661575243039135,2.402091716332336,CT90,MFL,0.0,120.0,60.0,1.5,4.470206051301957,0.8185868460785064
INSP_004099,String_I,String_I_100,2024-03-14,88447.97347146693,0.14487314359657116,2.402091716332336,CT90,MFL,1.7702051935505205,120.0,60.0,1.5,2.424525799638842,0.763279825157899
INSP_004100,String_I,String_I_101,2024-03-22,88447.97347146693,0.14647461373402484,2.402091716332336,CT90,MFL,0.0,120.0,60.0,1.5,2.4734192129433485,0.8075090736704937
INSP_004101,String_I,String_I_102,2024-01-16,88447.97347146693,0.14615494241558816,2.402091716332336,CT90,MFL,0.0,120.0,60.0,1.5,2.1792984659978836,0.8370728585505611
INSP_004102,String_I,String_I_103,2024-03-13,88447.97347146693,0.1487799435792093,2.402091716332336,CT90,EMAT,0.0,120.0,60.0,1.5,3.1080677486990185,0.7409647790802907
INSP_004103,String_I,String_I_104,2024-04-13,88447.97347146693,0.1486136545846898,2.402091716332336,CT90,MFL,3.3747620925755784,120.0,60.0,1.5,1.8812529740353943,0.8135159548411354
INSP_004104,String_I,String_I_105,2024-05-24,88447.97347146693,0.14837565822543783,2.402091716332336,CT90,MFL,0.0,120.0,60.0,1.5,2.1635385546748775,0.8803977335074905
INSP_004105,String_I,String_I_106,2024-04-13,88447.97347146693,0.14496261406999217,2.402091716332336,CT90,MFL,0.0,120.0,60.0,1.5,1.1740689474814754,0.9862042598041221
INSP_004106,String_I,String_I_107,2024-06-12,88447.97347146693,0.14917577503407448,2.402091716332336,CT90,MFL,0.8329266653919576,120.0,60.0,1.5,1.8968136220045377,0.7422484086401715
INSP_004107,String_I,String_I_108,2024-04-04,88447.97347146693,0.14677957768593466,2.402091716332336,CT90,UT,0.0,120.0,60.0,1.5,2.324888105708776,0.9724418783726945
INSP_004108,String_I,String_I_109,2024-02-14,88447.97347146693,0.1487989914863788,2.402091716332336,CT90,MFL,0.33878029879822663,120.0,60.0,1.5,3.2901034241819307,0.7636805701788101
INSP_004109,String_I,String_I_110,2024-04-18,88447.97347146693,0.1481575722259162,2.402091716332336,CT90,UT,0.0,120.0,60.0,1.5,2.235309297847775,0.7431336378381864
INSP_004110,String_I,String_I_111,2024-06-07,88447.97347146693,0.1468931088047647,2.402091716332336,CT90,MFL,0.0,120.0,60.0,1.5,3.3654708882165063,0.9784424344488099
INSP_004111,String_I,String_I_112,2024-03-12,88447.97347146693,0.1456623067256712,2.402091716332336,CT90,MFL,0.0,120.0,60.0,1.5,4.558670541134544,0.9760268479190768
INSP_004112,String_I,String_I_113,2024-03-07,88447.97347146693,0.14542485936705743,2.402091716332336,CT90,MFL,0.0,120.0,60.0,1.5,2.794020361918149,0.7671548401750785
INSP_004113,String_I,String_I_114,2024-04-11,88447.97347146693,0.14978327019945584,2.402091716332336,CT90,UT,0.0,120.0,60.0,1.5,1.3622149283600025,0.7268466685829967
INSP_004114,String_I,String_I_115,2024-06-20,88447.97347146693,0.15029698011058892,2.402091716332336,CT90,MFL,0.0,120.0,60.0,1.5,1.6764934837356134,0.8298455377885292
INSP_004115,String_I,String_I_116,2024-06-06,88447.97347146693,0.1487087133479664,2.402091716332336,CT90,MFL,2.1903017703882997,120.0,60.0,1.5,4.932366685104228,0.7252687906593599
INSP_004116,String_I,String_I_117,2024-02-21,88447.97347146693,0.14547816563539942,2.402091716332336,CT90,MFL,0.0,120.0,60.0,1.5,1.6300526150047423,0.9890633149974344
INSP_004117,String_I,String_I_118,2024-04-10,88447.97347146693,0.147243723099922,2.402091716332336,CT90,MFL,0.34640027405677587,120.0,60.0,1.5,1.8809611729822493,0.9545171688441942
INSP_004118,String_I,String_I_119,2024-03-28,88447.97347146693,0.14917672787562125,2.402091716332336,CT90,MFL,0.0,120.0,60.0,1.5,0.6108684586937012,0.751821652134866
INSP_004119,String_I,String_I_120,2024-05-01,88447.97347146693,0.14947758725989949,2.402091716332336,CT90,MFL,0.0,120.0,60.0,1.5,6.041415310962264,0.9545695305362117
INSP_004120,String_I,String_I_121,2024-03-10,88447.97347146693,0.1455655852618949,2.402091716332336,CT90,UT,0.0805342303997063,120.0,60.0,1.5,2.0910347756527936,0.9355282893936627
INSP_004121,String_I,String_I_122,2024-05-20,88447.97347146693,0.1448667495094017,2.402091716332336,CT90,EMAT,0.0,120.0,60.0,1.5,3.4269796388729383,0.74739332127491
INSP_004122,String_I,String_I_123,2024-05-16,88447.97347146693,0.14907737806274965,2.402091716332336,CT90,UT,0.0,120.0,60.0,1.5,1.5345300582937422,0.8662011971592827
INSP_004123,String_I,String_I_124,2024-04-09,88447.97347146693,0.14697509293786903,2.402091716332336,CT90,MFL,0.0,120.0,60.0,1.5,3.2513518737966667,0.9582137939833022
INSP_004124,String_I,String_I_125,2024-02-11,88447.97347146693,0.1463712959161427,2.402091716332336,CT90,MFL,0.0,120.0,60.0,1.5,1.08664678196192,0.7228830953234723
INSP_004125,String_I,String_I_126,2024-06-13,88447.97347146693,0.14494282959303162,2.402091716332336,CT90,EMAT,0.0,120.0,60.0,1.5,1.494869308257092,0.7715882610303847
INSP_004126,String_I,String_I_127,2024-03-05,88447.97347146693,0.1480613156541664,2.402091716332336,CT90,EMAT,0.0,120.0,60.0,1.5,0.9096384348386055,0.9894380488823085
INSP_004127,String_I,String_I_128,2024-02-05,88447.97347146693,0.1498993550460788,2.402091716332336,CT90,EMAT,0.0,120.0,60.0,1.5,2.112794369098741,0.7366986171394654
INSP_004128,String_I,String_I_129,2024-06-20,88447.97347146693,0.150528968274575,2.402091716332336,CT90,MFL,0.4415561365307528,120.0,60.0,1.5,2.47828846724335,0.7411872478190782
INSP_004129,String_I,String_I_130,2024-02-08,88447.97347146693,0.14821177314826542,2.402091716332336,CT90,UT,0.0,120.0,60.0,1.5,4.5539847605057275,0.9798626693146429
INSP_004130,String_I,String_I_131,2024-01-30,88447.97347146693,0.14790853713056445,2.402091716332336,CT90,UT,0.14718617888568594,120.0,60.0,1.5,3.103810482692753,0.750227430156556
INSP_004131,String_I,String_I_132,2024-05-20,88447.97347146693,0.14536949957093903,2.402091716332336,CT90,MFL,0.49105545542233114,120.0,60.0,1.5,1.0614233921027516,0.8032719442535359
INSP_004132,String_I,String_I_133,2024-06-02,88447.97347146693,0.14811200946138856,2.402091716332336,CT90,UT,0.2745742391709418,120.0,60.0,1.5,1.3865407646356847,0.8920205114308948
INSP_004133,String_I,String_I_134,2024-06-01,88447.97347146693,0.14711335419915322,2.402091716332336,CT90,MFL,0.0,120.0,60.0,1.5,3.9110527570982137,0.9989407652962695
INSP_004134,String_I,String_I_135,2024-02-16,88447.97347146693,0.148456510907013,2.402091716332336,CT90,MFL,0.0,120.0,60.0,1.5,2.617081618831935,0.9143783829668611
INSP_004135,String_I,String_I_136,2024-05-18,88447.97347146693,0.14716507611039428,2.402091716332336,CT90,UT,0.0,120.0,60.0,1.5,0.911973548070156,0.7294476791616612
INSP_004136,String_I,String_I_137,2024-04-15,88447.97347146693,0.14628743763768884,2.402091716332336,CT90,UT,3.47864259274892,120.0,60.0,1.5,2.715456612760313,0.9511403812023925
INSP_004137,String_I,String_I_138,2024-02-15,88447.97347146693,0.14542809005452775,2.402091716332336,CT90,UT,0.0,120.0,60.0,1.5,2.3568632030077077,0.8199519008492712
INSP_004138,String_I,String_I_139,2024-04-02,88447.97347146693,0.1467286557989225,2.402091716332336,CT90,UT,0.4502898867354743,120.0,60.0,1.5,3.6017467124388527,0.817180313914509
INSP_004139,String_I,String_I_140,2024-05-22,88447.97347146693,0.1454380211547918,2.402091716332336,CT90,MFL,2.215783276743787,120.0,60.0,1.5,2.2008657011348496,0.9674152426930112
INSP_004140,String_I,String_I_141,2024-05-02,88447.97347146693,0.1459125455909963,2.402091716332336,CT90,MFL,0.0,120.0,60.0,1.5,1.7781583596990946,0.8779118863627031
INSP_004141,String_I,String_I_142,2024-05-15,88447.97347146693,0.150704608713277,2.402091716332336,CT90,MFL,0.1417293288546499,120.0,60.0,1.5,1.6691962375836156,0.8924245963854277
INSP_004142,String_I,String_I_143,2024-02-25,88447.97347146693,0.14749251718020967,2.402091716332336,CT90,UT,0.0,120.0,60.0,1.5,2.07742072036489,0.7071486184180427
INSP_004143,String_I,String_I_144,2024-04-06,88447.97347146693,0.1480114836819537,2.402091716332336,CT90,MFL,0.0,120.0,60.0,1.5,2.9979292048646724,0.7295570040805118
INSP_004144,String_I,String_I_145,2024-01-01,88447.97347146693,0.15003220533606412,2.402091716332336,CT90,MFL,0.0,120.0,60.0,1.5,2.479712558807458,0.8601639074329323
INSP_004145,String_I,String_I_146,2024-01-20,88447.97347146693,0.15075328826694384,2.402091716332336,CT90,MFL,0.0,120.0,60.0,1.5,1.2501127425670617,0.9856478881315414
INSP_004146,String_I,String_I_147,2024-05-20,88447.97347146693,0.14831211245600884,2.402091716332336,CT90,EMAT,0.0,120.0,60.0,1.5,1.947801120948422,0.9607929968070262
INSP_004147,String_I,String_I_148,2024-03-06,88447.97347146693,0.1496706615014933,2.402091716332336,CT90,MFL,0.0,120.0,60.0,1.5,2.397495696836104,0.9799386604346763
INSP_004148,String_I,String_I_149,2024-02-24,88447.97347146693,0.14679974436484167,2.402091716332336,CT90,MFL,0.0,120.0,60.0,1.5,3.133116958299311,0.845789349667035
INSP_004149,String_I,String_I_150,2024-06-25,88447.97347146693,0.14667440777997623,2.402091716332336,CT90,MFL,0.0,120.0,60.0,1.5,1.7286643844242169,0.7029707362401607
INSP_004150,String_I,String_I_151,2024-03-17,88447.97347146693,0.14724772321535196,2.402091716332336,CT90,MFL,0.0,120.0,60.0,1.5,1.5412835122702884,0.8843927019251641
INSP_004151,String_I,String_I_152,2024-01-24,88447.97347146693,0.14884305027994657,2.402091716332336,CT90,UT,0.0,120.0,60.0,1.5,2.9439180772614466,0.8117112815009813
INSP_004152,String_I,String_I_153,2024-03-30,88447.97347146693,0.1489003135305856,2.402091716332336,CT90,EMAT,0.0,120.0,60.0,1.5,4.0541567072613915,0.745960495860768
INSP_004153,String_I,String_I_154,2024-04-05,88447.97347146693,0.1467305537878365,2.402091716332336,CT90,UT,0.7828009809351207,120.0,60.0,1.5,2.2561959044889934,0.7449975419646535
INSP_004154,String_I,String_I_155,2024-04-12,88447.97347146693,0.14565422764745758,2.402091716332336,CT90,MFL,0.0,120.0,60.0,1.5,2.30172178787626,0.8409382080728958
INSP_004155,String_I,String_I_156,2024-01-24,88447.97347146693,0.14860587706348793,2.402091716332336,CT90,UT,0.0,120.0,60.0,1.5,3.4325836732283386,0.9802431760105592
INSP_004156,String_I,String_I_157,2024-03-18,88447.97347146693,0.14562534857432868,2.402091716332336,CT90,MFL,0.0,120.0,60.0,1.5,2.162050684993838,0.8704606161430959
INSP_004157,String_I,String_I_158,2024-04-04,88447.97347146693,0.14828714845114613,2.402091716332336,CT90,EMAT,0.0,120.0,60.0,1.5,1.411717891567697,0.8390190704608714
INSP_004158,String_I,String_I_159,2024-06-11,88447.97347146693,0.14896671822955784,2.402091716332336,CT90,UT,0.0,120.0,60.0,1.5,2.6067710142528036,0.9388171908993248
INSP_004159,String_I,String_I_160,2024-01-02,88447.97347146693,0.14900922839757047,2.402091716332336,CT90,UT,0.0,120.0,60.0,1.5,5.589877838489997,0.8559666541755482
INSP_004160,String_I,String_I_161,2024-05-04,88447.97347146693,0.14932178904100557,2.402091716332336,CT90,EMAT,0.1565924092599123,120.0,60.0,1.5,3.1082240928772524,0.723021243475675
INSP_004161,String_I,String_I_162,2024-05-24,88447.97347146693,0.15002771679522373,2.402091716332336,CT90,MFL,0.0,120.0,60.0,1.5,3.607934507637264,0.8735254684576063
INSP_004162,String_I,String_I_163,2024-03-03,88447.97347146693,0.14782278596281517,2.402091716332336,CT90,EMAT,0.0,120.0,60.0,1.5,1.9704387688468286,0.9664095591953761
INSP_004163,String_I,String_I_164,2024-06-03,88447.97347146693,0.14918447373977892,2.402091716332336,CT90,MFL,0.313853742097362,120.0,60.0,1.5,2.3656486229641884,0.7580190683205414
INSP_004164,String_I,String_I_165,2024-02-20,88447.97347146693,0.14852768742606412,2.402091716332336,CT90,EMAT,1.172628381706329,120.0,60.0,1.5,1.5805281602338577,0.8050262984249804
INSP_004165,String_I,String_I_166,2024-06-15,88447.97347146693,0.14597015511644235,2.402091716332336,CT90,MFL,0.0,120.0,60.0,1.5,3.1417295240293557,0.7657246393252738
INSP_004166,String_I,String_I_167,2024-03-20,88447.97347146693,0.1450184687154574,2.402091716332336,CT90,MFL,0.2639262668523599,120.0,60.0,1.5,3.791260035220701,0.7271361562742423
INSP_004167,String_I,String_I_168,2024-04-14,88447.97347146693,0.14654903864518373,2.402091716332336,CT90,UT,0.0,120.0,60.0,1.5,1.833012175078491,0.8968101843044233
INSP_004168,String_I,String_I_169,2024-04-25,88447.97347146693,0.14748619123816617,2.402091716332336,CT90,UT,0.0,120.0,60.0,1.5,2.1053260542188554,0.8326438632229107
INSP_004169,String_I,String_I_170,2024-04-01,88447.97347146693,0.14851546665424467,2.402091716332336,CT90,UT,1.8391235696406678,120.0,60.0,1.5,2.859641802346742,0.8347041168716413
INSP_004170,String_I,String_I_171,2024-03-10,88447.97347146693,0.14989231036272746,2.402091716332336,CT90,EMAT,0.3235088335555681,120.0,60.0,1.5,1.678009214242813,0.7020429483950408
INSP_004171,String_I,String_I_172,2024-04-30,88447.97347146693,0.14602695331776763,2.402091716332336,CT90,UT,0.5117370616551409,120.0,60.0,1.5,4.406084477755998,0.7592710784706682
INSP_004172,String_I,String_I_173,2024-05-25,88447.97347146693,0.14560893387780394,2.402091716332336,CT90,MFL,0.0,120.0,60.0,1.5,2.9119857851527615,0.759404561581518
INSP_004173,String_I,String_I_174,2024-06-21,88447.97347146693,0.1505635488183698,2.402091716332336,CT90,MFL,0.31026298770154764,120.0,60.0,1.5,1.594211279239652,0.7009673333213758
INSP_004174,String_I,String_I_175,2024-03-28,88447.97347146693,0.14550542683023138,2.402091716332336,CT90,MFL,0.0,120.0,60.0,1.5,2.371533854945827,0.7016557317776335
INSP_004175,String_I,String_I_176,2024-03-13,88447.97347146693,0.14769584783388295,2.402091716332336,CT90,UT,0.0,120.0,60.0,1.5,2.698111359188397,0.8022887206709315
INSP_004176,String_I,String_I_177,2024-01-08,88447.97347146693,0.14832896002068752,2.402091716332336,CT90,MFL,0.012694745727819035,120.0,60.0,1.5,1.9780755580698497,0.9351515293339686
INSP_004177,String_I,String_I_178,2024-05-12,88447.97347146693,0.1480676721280331,2.402091716332336,CT90,MFL,2.3515325956154913,120.0,60.0,1.5,3.2236520122568777,0.986015090952436
INSP_004178,String_I,String_I_179,2024-01-13,88447.97347146693,0.14537526923112526,2.402091716332336,CT90,MFL,0.6843944127438077,120.0,60.0,1.5,4.066805619955942,0.8200658681113913
INSP_004179,String_I,String_I_180,2024-01-24,88447.97347146693,0.14520376351651584,2.402091716332336,CT90,MFL,0.0,120.0,60.0,1.5,1.0837293906140948,0.9135910493700816
INSP_004180,String_I,String_I_181,2024-03-03,88447.97347146693,0.1454902830591928,2.402091716332336,CT90,EMAT,0.0,120.0,60.0,1.5,4.071866179950568,0.9023348426570232
INSP_004181,String_I,String_I_182,2024-03-11,88447.97347146693,0.14832910166518232,2.402091716332336,CT90,UT,0.0,120.0,60.0,1.5,3.229043081713938,0.9831147290074743
INSP_004182,String_I,String_I_183,2024-06-23,88447.97347146693,0.14808523626353107,2.402091716332336,CT90,MFL,0.47872964844146715,120.0,60.0,1.5,2.1548642353291476,0.711780635991278
INSP_004183,String_I,String_I_184,2024-06-28,88447.97347146693,0.14624865874124582,2.402091716332336,CT90,MFL,0.0,120.0,60.0,1.5,2.392534603890152,0.958567669320826
INSP_004184,String_I,String_I_185,2024-02-09,88447.97347146693,0.14863767607562742,2.402091716332336,CT90,EMAT,1.3808854577244876,120.0,60.0,1.5,0.33991961747270283,0.8160258097974187
INSP_004185,String_I,String_I_186,2024-04-12,88447.97347146693,0.14971556233845829,2.402091716332336,CT90,UT,4.543884653981451,120.0,60.0,1.5,1.0275868225734381,0.7175487857648039
INSP_004186,String_I,String_I_187,2024-02-02,88447.97347146693,0.14511242098184804,2.402091716332336,CT90,MFL,0.0,120.0,60.0,1.5,1.80437510214007,0.8194202412189668
INSP_004187,String_I,String_I_188,2024-01-31,88447.97347146693,0.1478119709437701,2.402091716332336,CT90,MFL,0.07584924610689459,120.0,60.0,1.5,0.6921201810225477,0.7045633575913791
INSP_004188,String_I,String_I_189,2024-06-15,88447.97347146693,0.14894240597738387,2.402091716332336,CT90,UT,0.0,120.0,60.0,1.5,2.830632835664897,0.9698478441499027
INSP_004189,String_I,String_I_190,2024-06-20,88447.97347146693,0.1463584683981314,2.402091716332336,CT90,MFL,0.0,120.0,60.0,1.5,3.523316143585739,0.8891355280249177
INSP_004190,String_I,String_I_191,2024-01-07,88447.97347146693,0.14668639296273883,2.402091716332336,CT90,UT,0.0,120.0,60.0,1.5,1.3009351685297128,0.7370989292128947
INSP_004191,String_I,String_I_192,2024-04-24,88447.97347146693,0.1484949603987123,2.402091716332336,CT90,UT,0.0,120.0,60.0,1.5,3.34590798526461,0.8669562489626972
INSP_004192,String_I,String_I_193,2024-05-03,88447.97347146693,0.1501759884480954,2.402091716332336,CT90,EMAT,0.0,120.0,60.0,1.5,3.5858702629534047,0.9936876803141403
INSP_004193,String_I,String_I_194,2024-01-16,88447.97347146693,0.149655587095962,2.402091716332336,CT90,MFL,0.0,120.0,60.0,1.5,3.6575151584056904,0.7865258328235986
INSP_004194,String_I,String_I_195,2024-01-31,88447.97347146693,0.14831457086978095,2.402091716332336,CT90,MFL,1.9020187751957784,120.0,60.0,1.5,1.5505425444696597,0.9011570981305357
INSP_004195,String_I,String_I_196,2024-02-16,88447.97347146693,0.1491843113013557,2.402091716332336,CT90,MFL,0.0,120.0,60.0,1.5,3.5099078231755634,0.936037421873466
INSP_004196,String_I,String_I_197,2024-06-22,88447.97347146693,0.14702373436685603,2.402091716332336,CT90,UT,0.0,120.0,60.0,1.5,0.8942982889347736,0.9451958183617324
INSP_004197,String_I,String_I_198,2024-02-21,88447.97347146693,0.14865654649086202,2.402091716332336,CT90,MFL,0.0,120.0,60.0,1.5,4.494022899699924,0.7098070375078855
INSP_004198,String_I,String_I_199,2024-05-24,88447.97347146693,0.1476230628554314,2.402091716332336,CT90,UT,0.0,120.0,60.0,1.5,0.7543809361397936,0.9925402927587148
INSP_004199,String_I,String_I_200,2024-04-29,88447.97347146693,0.14598964526734623,2.402091716332336,CT90,MFL,0.43821896715136266,120.0,60.0,1.5,3.973717601030235,0.869192985129234
INSP_004200,String_I,String_I_201,2024-02-29,88447.97347146693,0.14901589094396592,2.402091716332336,CT90,EMAT,0.0,120.0,60.0,1.5,2.9135766414992186,0.9290872636269571
INSP_004201,String_I,String_I_202,2024-05-24,88447.97347146693,0.14815689938780038,2.402091716332336,CT90,MFL,0.0,120.0,60.0,1.5,1.6090980974968927,0.7598163562259003
INSP_004202,String_I,String_I_203,2024-03-01,88447.97347146693,0.14698706900362582,2.402091716332336,CT90,EMAT,0.0,120.0,60.0,1.5,2.0287484865875283,0.9520844460047617
INSP_004203,String_I,String_I_204,2024-06-19,88447.97347146693,0.15025524463183412,2.402091716332336,CT90,EMAT,0.0,120.0,60.0,1.5,2.4909126845756817,0.9458685128815091
INSP_004204,String_I,String_I_205,2024-06-26,88447.97347146693,0.1449903496590863,2.402091716332336,CT90,MFL,0.0,120.0,60.0,1.5,2.460986252944398,0.7890069834765835
INSP_004205,String_I,String_I_206,2024-04-01,88447.97347146693,0.1467337096120024,2.402091716332336,CT90,MFL,0.2722836396166462,120.0,60.0,1.5,1.8367216053404978,0.7484397577982874
INSP_004206,String_I,String_I_207,2024-02-02,88447.97347146693,0.14520290309054742,2.402091716332336,CT90,MFL,0.0,120.0,60.0,1.5,3.4093556684251682,0.7291824339416365
INSP_004207,String_I,String_I_208,2024-05-07,88447.97347146693,0.14939898344192906,2.402091716332336,CT90,MFL,0.0,120.0,60.0,1.5,4.142770247390395,0.9526620251167056
INSP_004208,String_I,String_I_209,2024-04-09,88447.97347146693,0.1490180738775901,2.402091716332336,CT90,MFL,0.0,120.0,60.0,1.5,3.4682421772799703,0.854422545635013
INSP_004209,String_I,String_I_210,2024-06-04,88447.97347146693,0.14682582740944938,2.402091716332336,CT90,MFL,0.0,120.0,60.0,1.5,2.7584377227129946,0.9823667441555869
INSP_004210,String_I,String_I_211,2024-03-17,88447.97347146693,0.14886170932764642,2.402091716332336,CT90,UT,0.0,120.0,60.0,1.5,2.913025432546114,0.9797922365267951
INSP_004211,String_I,String_I_212,2024-04-16,88447.97347146693,0.14720771346522976,2.402091716332336,CT90,MFL,0.0,120.0,60.0,1.5,3.4440218087797314,0.7958047011431847
INSP_004212,String_I,String_I_213,2024-05-01,88447.97347146693,0.1493382368999862,2.402091716332336,CT90,MFL,0.5653972269349543,120.0,60.0,1.5,1.880244916228106,0.9995305879219266
INSP_004213,String_I,String_I_214,2024-01-11,88447.97347146693,0.14755212005104168,2.402091716332336,CT90,EMAT,0.7281325269721894,120.0,60.0,1.5,5.674327707598413,0.9119318563523073
INSP_004214,String_I,String_I_215,2024-02-06,88447.97347146693,0.1473043453885929,2.402091716332336,CT90,EMAT,0.0,120.0,60.0,1.5,3.0153813254095345,0.7306103398051796
INSP_004215,String_I,String_I_216,2024-01-14,88447.97347146693,0.15039355214653288,2.402091716332336,CT90,EMAT,0.0,120.0,60.0,1.5,1.2280965290609984,0.9761877127625402
INSP_004216,String_I,String_I_217,2024-06-16,88447.97347146693,0.14634999620401826,2.402091716332336,CT90,MFL,0.0,120.0,60.0,1.5,4.4885078883876615,0.9493234968611509
INSP_004217,String_I,String_I_218,2024-05-09,88447.97347146693,0.14557876349392537,2.402091716332336,CT90,MFL,0.0,120.0,60.0,1.5,3.5536023312443827,0.7296157897291791
INSP_004218,String_I,String_I_219,2024-02-12,88447.97347146693,0.1483229252015241,2.402091716332336,CT90,MFL,0.2926662916414429,120.0,60.0,1.5,2.668419080173259,0.8216073889872623
INSP_004219,String_I,String_I_220,2024-04-07,88447.97347146693,0.15059809130428703,2.402091716332336,CT90,EMAT,0.0,120.0,60.0,1.5,1.8816906274482834,0.8325783997121222
INSP_004220,String_I,String_I_221,2024-06-15,88447.97347146693,0.1471007013447546,2.402091716332336,CT90,MFL,1.1705495556605234,120.0,60.0,1.5,3.9761175734307814,0.7028651968068956
INSP_004221,String_I,String_I_222,2024-05-31,88447.97347146693,0.14523338636226069,2.402091716332336,CT90,MFL,0.0,120.0,60.0,1.5,1.2795242503150421,0.7181056009067438
INSP_004222,String_I,String_I_223,2024-04-20,88447.97347146693,0.14687285315846654,2.402091716332336,CT90,UT,0.0,120.0,60.0,1.5,0.7949080505873511,0.8865736756382143
INSP_004223,String_I,String_I_224,2024-02-15,88447.97347146693,0.14785810184430048,2.402091716332336,CT90,EMAT,0.0,120.0,60.0,1.5,0.8848076606992548,0.7903294324890711
INSP_004224,String_I,String_I_225,2024-06-27,88447.97347146693,0.1458240058398715,2.402091716332336,CT90,MFL,2.4704670703520093,120.0,60.0,1.5,3.233478886517268,0.7898086808856761
INSP_004225,String_I,String_I_226,2024-03-08,88447.97347146693,0.1487578743871417,2.402091716332336,CT90,MFL,1.819094621675815,120.0,60.0,1.5,2.548527640006775,0.732815857225904
INSP_004226,String_I,String_I_227,2024-04-06,88447.97347146693,0.15076618132360114,2.402091716332336,CT90,MFL,0.7218284834474009,120.0,60.0,1.5,3.515641570771014,0.7092824292360383
INSP_004227,String_I,String_I_228,2024-06-15,88447.97347146693,0.14753766776751226,2.402091716332336,CT90,UT,0.0,120.0,60.0,1.5,2.402816442279844,0.7672252655960072
INSP_004228,String_I,String_I_229,2024-05-05,88447.97347146693,0.14696404985249328,2.402091716332336,CT90,UT,0.0,120.0,60.0,1.5,2.902728459803507,0.710599135089251
INSP_004229,String_I,String_I_230,2024-06-03,88447.97347146693,0.14723590000929296,2.402091716332336,CT90,UT,0.07332202207336463,120.0,60.0,1.5,2.180366325015562,0.9425378195066505
INSP_004230,String_I,String_I_231,2024-02-17,88447.97347146693,0.1455474181434388,2.402091716332336,CT90,MFL,0.0,120.0,60.0,1.5,4.075041394409261,0.7818592013515312
INSP_004231,String_I,String_I_232,2024-02-05,88447.97347146693,0.15008929501945203,2.402091716332336,CT90,EMAT,0.0,120.0,60.0,1.5,2.362211690447285,0.7044750809431312
INSP_004232,String_I,String_I_233,2024-01-24,88447.97347146693,0.14731939925824405,2.402091716332336,CT90,MFL,0.17915855518135004,120.0,60.0,1.5,2.429612605789908,0.9340735786743826
INSP_004233,String_I,String_I_234,2024-02-10,88447.97347146693,0.14715649092465852,2.402091716332336,CT90,MFL,0.0,120.0,60.0,1.5,1.7857954350706473,0.8902278796854479
INSP_004234,String_I,String_I_235,2024-05-15,88447.97347146693,0.14876726443037372,2.402091716332336,CT90,MFL,0.0,120.0,60.0,1.5,3.8815919395173033,0.8031659463618993
INSP_004235,String_I,String_I_236,2024-03-11,88447.97347146693,0.14748027662944246,2.402091716332336,CT90,UT,0.0,120.0,60.0,1.5,0.9043479057751439,0.9616279692943035
INSP_004236,String_I,String_I_237,2024-01-16,88447.97347146693,0.14869952125110764,2.402091716332336,CT90,UT,0.0,120.0,60.0,1.5,4.844957540664964,0.7783480480427866
INSP_004237,String_I,String_I_238,2024-01-27,88447.97347146693,0.14522989493903318,2.402091716332336,CT90,UT,2.9516742553174713,120.0,60.0,1.5,3.3266603411975724,0.9965719027618544
INSP_004238,String_I,String_I_239,2024-02-04,88447.97347146693,0.14967804983054828,2.402091716332336,CT90,MFL,0.0,120.0,60.0,1.5,0.5010371750580168,0.9516963505894631
INSP_004239,String_I,String_I_240,2024-05-03,88447.97347146693,0.15042769357427202,2.402091716332336,CT90,MFL,0.0,120.0,60.0,1.5,3.5163171698615723,0.8780665875694036
INSP_004240,String_I,String_I_241,2024-03-25,88447.97347146693,0.14870266643645902,2.402091716332336,CT90,MFL,0.0,120.0,60.0,1.5,2.3161488691559273,0.8691710766080666
INSP_004241,String_I,String_I_242,2024-01-26,88447.97347146693,0.15051084092927716,2.402091716332336,CT90,MFL,0.0,120.0,60.0,1.5,1.603622870281446,0.7519097113690512
INSP_004242,String_I,String_I_243,2024-05-20,88447.97347146693,0.14576197520384596,2.402091716332336,CT90,EMAT,0.5732996079431366,120.0,60.0,1.5,1.6742752191678507,0.7616478625798702
INSP_004243,String_I,String_I_244,2024-01-23,88447.97347146693,0.14768949214950414,2.402091716332336,CT90,UT,0.0,120.0,60.0,1.5,0.9076857247103569,0.8986195194097228
INSP_004244,String_I,String_I_245,2024-03-21,88447.97347146693,0.14842500362918984,2.402091716332336,CT90,UT,0.0,120.0,60.0,1.5,0.0,0.8458592786081779
INSP_004245,String_I,String_I_246,2024-03-22,88447.97347146693,0.148306330790347,2.402091716332336,CT90,MFL,0.0,120.0,60.0,1.5,0.0,0.7716774971948591
INSP_004246,String_I,String_I_247,2024-03-12,88447.97347146693,0.14724037971080714,2.402091716332336,CT90,UT,0.0,120.0,60.0,1.5,0.0,0.8452124296444268
INSP_004247,String_I,String_I_248,2024-04-18,88447.97347146693,0.14686563432172758,2.402091716332336,CT90,MFL,0.08522754851476466,120.0,60.0,1.5,0.0,0.8610795108854257
INSP_004248,String_I,String_I_249,2024-06-17,88447.97347146693,0.14561646831498584,2.402091716332336,CT90,UT,0.0,120.0,60.0,1.5,0.0,0.9143441074045258
INSP_004249,String_I,String_I_250,2024-06-22,88447.97347146693,0.14718291008771792,2.402091716332336,CT90,EMAT,1.4278776049455417,120.0,60.0,1.5,0.0,0.779106979087741
INSP_004250,String_I,String_I_251,2024-06-17,88447.97347146693,0.1458283684431886,2.402091716332336,CT90,MFL,0.0,120.0,60.0,1.5,0.0,0.8975588219447302
INSP_004251,String_I,String_I_252,2024-03-31,88447.97347146693,0.14920881420255305,2.402091716332336,CT90,MFL,0.0,120.0,60.0,1.5,0.0,0.8094322601194053
INSP_004252,String_I,String_I_253,2024-03-13,88447.97347146693,0.14610136872396304,2.402091716332336,CT90,MFL,0.0,120.0,60.0,1.5,0.0,0.9933802894083619
INSP_004253,String_I,String_I_254,2024-04-04,88447.97347146693,0.14521285990283866,2.402091716332336,CT90,MFL,0.0,120.0,60.0,1.5,0.0,0.8610796869167003
INSP_004254,String_I,String_I_255,2024-05-15,88447.97347146693,0.14813266528328758,2.402091716332336,CT90,UT,0.1717859762595025,120.0,60.0,1.5,0.0,0.9118290527422506
INSP_004255,String_I,String_I_256,2024-01-25,88447.97347146693,0.14838611433961832,2.402091716332336,CT90,UT,0.0,120.0,60.0,1.5,0.0,0.7058793927188689
INSP_004256,String_I,String_I_257,2024-03-14,88447.97347146693,0.15002212104148982,2.402091716332336,CT90,UT,0.0,120.0,60.0,1.5,0.0,0.8526207213336412
INSP_004257,String_I,String_I_258,2024-05-07,88447.97347146693,0.14827821464336474,2.402091716332336,CT90,UT,0.0,120.0,60.0,1.5,0.0,0.9591868186386194
INSP_004258,String_I,String_I_259,2024-05-21,88447.97347146693,0.14690936891391027,2.402091716332336,CT90,MFL,0.7004592388105477,120.0,60.0,1.5,0.0,0.9931435481314561
INSP_004259,String_I,String_I_260,2024-05-22,88447.97347146693,0.14961471379931546,2.402091716332336,CT90,EMAT,0.0,120.0,60.0,1.5,0.0,0.878533237957525
INSP_004260,String_I,String_I_261,2024-01-10,88447.97347146693,0.1480611943590206,2.402091716332336,CT90,UT,0.0,120.0,60.0,1.5,0.0,0.8624822985889145
INSP_004261,String_I,String_I_262,2024-03-30,88447.97347146693,0.14533534594208256,2.402091716332336,CT90,UT,0.10881003064276543,120.0,60.0,1.5,0.0,0.9094430495885335
INSP_004262,String_I,String_I_263,2024-05-15,88447.97347146693,0.14821239761009264,2.402091716332336,CT90,EMAT,0.0,120.0,60.0,1.5,0.0,0.8365015270301208
INSP_004263,String_I,String_I_264,2024-05-05,88447.97347146693,0.15023560992185148,2.402091716332336,CT90,MFL,0.0,120.0,60.0,1.5,0.0,0.9306197685781856
INSP_004264,String_I,String_I_265,2024-06-11,88447.97347146693,0.1472099331716992,2.402091716332336,CT90,MFL,0.0,120.0,60.0,1.5,0.0,0.848303263567071
INSP_004265,String_I,String_I_266,2024-05-07,88447.97347146693,0.14661871896896223,2.402091716332336,CT90,EMAT,0.0,120.0,60.0,1.5,0.0,0.7795528291046703
INSP_004266,String_I,String_I_267,2024-01-19,88447.97347146693,0.1457148914562939,2.402091716332336,CT90,UT,0.9797780989168219,120.0,60.0,1.5,0.0,0.7739543793223995
INSP_004267,String_I,String_I_268,2024-04-07,88447.97347146693,0.14576205329913852,2.402091716332336,CT90,MFL,0.7020205216855526,120.0,60.0,1.5,0.0,0.7441543937167729
INSP_004268,String_I,String_I_269,2024-01-14,88447.97347146693,0.14742551152880842,2.402091716332336,CT90,MFL,0.46717389563004413,120.0,60.0,1.5,0.0,0.7261358604061134
INSP_004269,String_I,String_I_270,2024-05-02,88447.97347146693,0.14838877569482034,2.402091716332336,CT90,UT,0.0,120.0,60.0,1.5,0.0,0.7494671203680786
INSP_004270,String_I,String_I_271,2024-01-13,88447.97347146693,0.14534324040453536,2.402091716332336,CT90,MFL,0.0,120.0,60.0,1.5,0.0,0.9809295201943613
INSP_004271,String_I,String_I_272,2024-03-05,88447.97347146693,0.15042216284156693,2.402091716332336,CT90,UT,0.0,120.0,60.0,1.5,0.0,0.8653252382424301
INSP_004272,String_I,String_I_273,2024-04-06,88447.97347146693,0.1493316133995984,2.402091716332336,CT90,UT,0.0,120.0,60.0,1.5,0.0,0.952704935127315
INSP_004273,String_I,String_I_274,2024-04-01,88447.97347146693,0.14833522883753492,2.402091716332336,CT90,MFL,0.0,120.0,60.0,1.5,0.0,0.8521317973487095
INSP_004274,String_I,String_I_275,2024-04-15,88447.97347146693,0.14976506039989504,2.402091716332336,CT90,MFL,0.0,120.0,60.0,1.5,0.0,0.998090080848552
INSP_004275,String_I,String_I_276,2024-05-26,88447.97347146693,0.14534070584060177,2.402091716332336,CT90,MFL,0.0,120.0,60.0,1.5,0.0,0.7980164764789482
INSP_004276,String_I,String_I_277,2024-06-25,88447.97347146693,0.14768607855067095,2.402091716332336,CT90,UT,2.1278810775537425,120.0,60.0,1.5,0.0,0.753107771431952
INSP_004277,String_I,String_I_278,2024-04-28,88447.97347146693,0.1485922588397707,2.402091716332336,CT90,EMAT,0.0,120.0,60.0,1.5,0.0,0.9126375117356367
INSP_004278,String_I,String_I_279,2024-02-05,88447.97347146693,0.1497663271556151,2.402091716332336,CT90,MFL,0.0,120.0,60.0,1.5,0.0,0.7925636591094177
INSP_004279,String_I,String_I_280,2024-01-10,88447.97347146693,0.14949916159357593,2.402091716332336,CT90,MFL,0.0,120.0,60.0,1.5,0.0,0.729512966019463
INSP_004280,String_I,String_I_281,2024-01-16,88447.97347146693,0.1465048564945019,2.402091716332336,CT90,MFL,0.0,120.0,60.0,1.5,0.0,0.8557114321709223
INSP_004281,String_I,String_I_282,2024-01-30,88447.97347146693,0.15042991811383033,2.402091716332336,CT90,EMAT,0.0,120.0,60.0,1.5,0.0,0.9609559457405135
INSP_004282,String_I,String_I_283,2024-01-19,88447.97347146693,0.14560181502546124,2.402091716332336,CT90,UT,0.0,120.0,60.0,1.5,0.0,0.9569079333036582
INSP_004283,String_I,String_I_284,2024-01-13,88447.97347146693,0.15004116394306422,2.402091716332336,CT90,MFL,0.0,120.0,60.0,1.5,0.0,0.9237061953755552
INSP_004284,String_I,String_I_285,2024-03-01,88447.97347146693,0.15060766099652892,2.402091716332336,CT90,UT,0.1173864181177641,120.0,60.0,1.5,0.0,0.9897033438579403
INSP_004285,String_I,String_I_286,2024-01-02,88447.97347146693,0.14591406268335558,2.402091716332336,CT90,MFL,0.0,120.0,60.0,1.5,0.0,0.7144826567436685
INSP_004286,String_I,String_I_287,2024-02-14,88447.97347146693,0.14913608756506844,2.402091716332336,CT90,UT,0.0,120.0,60.0,1.5,0.0,0.9468938944719061
INSP_004287,String_I,String_I_288,2024-05-29,88447.97347146693,0.1451047729668133,2.402091716332336,CT90,MFL,0.0,120.0,60.0,1.5,0.0,0.8707702793287189
INSP_004288,String_I,String_I_289,2024-06-14,88447.97347146693,0.1472638010637239,2.402091716332336,CT90,EMAT,0.0,120.0,60.0,1.5,0.0,0.7964688971955525
INSP_004289,String_I,String_I_290,2024-04-01,88447.97347146693,0.14791931030410924,2.402091716332336,CT90,MFL,0.0,120.0,60.0,1.5,0.0,0.7785188646618999
INSP_004290,String_I,String_I_291,2024-06-02,88447.97347146693,0.14829987730102132,2.402091716332336,CT90,UT,0.0,120.0,60.0,1.5,0.0,0.9819771361163349
INSP_004291,String_I,String_I_292,2024-06-12,88447.97347146693,0.15040069100993111,2.402091716332336,CT90,UT,2.986028020521085,120.0,60.0,1.5,0.0,0.7017795277283916
INSP_004292,String_I,String_I_293,2024-01-10,88447.97347146693,0.14884153316996201,2.402091716332336,CT90,UT,0.0,120.0,60.0,1.5,0.0,0.8906792132509566
INSP_004293,String_I,String_I_294,2024-01-10,88447.97347146693,0.14771232644211837,2.402091716332336,CT90,MFL,0.0,120.0,60.0,1.5,0.0,0.815362246393297
INSP_004294,String_I,String_I_295,2024-03-07,88447.97347146693,0.14965411250781818,2.402091716332336,CT90,MFL,0.8874791496120951,120.0,60.0,1.5,0.0,0.9141521543553488
INSP_004295,String_I,String_I_296,2024-02-26,88447.97347146693,0.15048699348029895,2.402091716332336,CT90,UT,0.0,120.0,60.0,1.5,0.0,0.7365737576698862
INSP_004296,String_I,String_I_297,2024-05-29,88447.97347146693,0.14499704326826054,2.402091716332336,CT90,MFL,1.0363428726169959,120.0,60.0,1.5,0.0,0.7707790565904055
INSP_004297,String_I,String_I_298,2024-05-16,88447.97347146693,0.15067613867015958,2.402091716332336,CT90,MFL,0.0,120.0,60.0,1.5,0.0,0.8101867606557622
INSP_004298,String_I,String_I_299,2024-01-05,88447.97347146693,0.1453758604169882,2.402091716332336,CT90,MFL,0.0,120.0,60.0,1.5,0.0,0.7679434348625527
INSP_004299,String_I,String_I_300,2024-06-16,88447.97347146693,0.14968197267261482,2.402091716332336,CT90,MFL,0.0,120.0,60.0,1.5,0.0,0.9346802172330166
INSP_004300,String_I,String_I_301,2024-02-03,88447.97347146693,0.14652416515525768,2.402091716332336,CT90,MFL,5.575970678617478,120.0,60.0,1.5,0.0,0.8485731671563275
INSP_004301,String_I,String_I_302,2024-01-05,88447.97347146693,0.14564813576358562,2.402091716332336,CT90,MFL,0.0,120.0,60.0,1.5,0.0,0.8618609708620882
INSP_004302,String_I,String_I_303,2024-02-09,88447.97347146693,0.14746739958084967,2.402091716332336,CT90,MFL,0.0,120.0,60.0,1.5,0.0,0.8076163739914908
INSP_004303,String_I,String_I_304,2024-05-18,88447.97347146693,0.14867423234160632,2.402091716332336,CT90,UT,0.0,120.0,60.0,1.5,0.0,0.7294762332059772
INSP_004304,String_I,String_I_305,2024-03-10,88447.97347146693,0.14711910608813997,2.402091716332336,CT90,EMAT,0.0,120.0,60.0,1.5,0.0,0.7655576360641332
INSP_004305,String_I,String_I_306,2024-02-01,88447.97347146693,0.1451892088273083,2.402091716332336,CT90,MFL,0.50607591492544,120.0,60.0,1.5,0.0,0.8203200927107852
INSP_004306,String_I,String_I_307,2024-04-25,88447.97347146693,0.1484111343151516,2.402091716332336,CT90,MFL,0.0,120.0,60.0,1.5,0.0,0.9186141626427102
INSP_004307,String_I,String_I_308,2024-03-24,88447.97347146693,0.1502024072772492,2.402091716332336,CT90,MFL,0.0,120.0,60.0,1.5,0.0,0.7255326629902153
INSP_004308,String_I,String_I_309,2024-06-02,88447.97347146693,0.14713249010885557,2.402091716332336,CT90,MFL,0.0,120.0,60.0,1.5,0.0,0.7428974967401658
INSP_004309,String_I,String_I_310,2024-04-27,88447.97347146693,0.14614572652490138,2.402091716332336,CT90,EMAT,1.5893764432882718,120.0,60.0,1.5,0.0,0.8506539211224813
INSP_004310,String_I,String_I_311,2024-04-30,88447.97347146693,0.14748349281508225,2.402091716332336,CT90,UT,0.20195945479066538,120.0,60.0,1.5,0.0,0.9601948738575627
INSP_004311,String_I,String_I_312,2024-05-25,88447.97347146693,0.1451525327677237,2.402091716332336,CT90,UT,0.0,120.0,60.0,1.5,0.0,0.9093703225738062
INSP_004312,String_I,String_I_313,2024-06-05,88447.97347146693,0.1497180462527064,2.402091716332336,CT90,MFL,0.2390982183322137,120.0,60.0,1.5,0.0,0.8463395713819801
INSP_004313,String_I,String_I_314,2024-04-20,88447.97347146693,0.14975265591922352,2.402091716332336,CT90,EMAT,0.0,120.0,60.0,1.5,0.0,0.7204658633679212
INSP_004314,String_I,String_I_315,2024-04-15,88447.97347146693,0.14834336824042538,2.402091716332336,CT90,MFL,0.0,120.0,60.0,1.5,0.0,0.7460865565789001
INSP_004315,String_I,String_I_316,2024-06-14,88447.97347146693,0.14695443740704428,2.402091716332336,CT90,MFL,0.0,120.0,60.0,1.5,0.0,0.8825661524939853
INSP_004316,String_I,String_I_317,2024-03-13,88447.97347146693,0.14959562383242683,2.402091716332336,CT90,UT,0.0,120.0,60.0,1.5,0.0,0.8741410956229234
INSP_004317,String_I,String_I_318,2024-02-11,88447.97347146693,0.1481463885049172,2.402091716332336,CT90,MFL,0.0,120.0,60.0,1.5,0.0,0.7334515504334697
INSP_004318,String_I,String_I_319,2024-05-08,88447.97347146693,0.14975024047674676,2.402091716332336,CT90,EMAT,3.3711753824730293,120.0,60.0,1.5,0.0,0.8883349292911735
INSP_004319,String_I,String_I_320,2024-01-06,88447.97347146693,0.14860033391348143,2.402091716332336,CT90,MFL,0.0,120.0,60.0,1.5,0.0,0.7384187636572936
INSP_004320,String_I,String_I_321,2024-06-17,88447.97347146693,0.14950469557430354,2.402091716332336,CT90,MFL,0.0,120.0,60.0,1.5,0.0,0.7659634764363814
INSP_004321,String_I,String_I_322,2024-06-08,88447.97347146693,0.14840582364607618,2.402091716332336,CT90,EMAT,0.0,120.0,60.0,1.5,0.0,0.721687395209227
INSP_004322,String_I,String_I_323,2024-04-01,88447.97347146693,0.14731535134749374,2.402091716332336,CT90,MFL,0.0,120.0,60.0,1.5,0.0,0.913193756061833
INSP_004323,String_I,String_I_324,2024-06-23,88447.97347146693,0.15053082619512878,2.402091716332336,CT90,UT,0.0,120.0,60.0,1.5,0.0,0.8418101693385527
INSP_004324,String_I,String_I_325,2024-02-29,88447.97347146693,0.14806613124426726,2.402091716332336,CT90,MFL,0.0,120.0,60.0,1.5,0.0,0.7389677655930982
INSP_004325,String_I,String_I_326,2024-05-17,88447.97347146693,0.14844441447561235,2.402091716332336,CT90,MFL,0.0,120.0,60.0,1.5,0.0,0.7668495138201242
INSP_004326,String_I,String_I_327,2024-02-18,88447.97347146693,0.14617029389496736,2.402091716332336,CT90,MFL,1.6419383568879269,120.0,60.0,1.5,0.0,0.8710972803956015
INSP_004327,String_I,String_I_328,2024-03-10,88447.97347146693,0.14856599164885456,2.402091716332336,CT90,MFL,0.0,120.0,60.0,1.5,0.0,0.7408165741394989
INSP_004328,String_I,String_I_329,2024-01-09,88447.97347146693,0.14824643882433525,2.402091716332336,CT90,MFL,1.1518130695092978,120.0,60.0,1.5,0.0,0.8563797006189211
INSP_004329,String_I,String_I_330,2024-06-13,88447.97347146693,0.1459595027415533,2.402091716332336,CT90,MFL,0.0,120.0,60.0,1.5,0.0,0.8276585418999429
INSP_004330,String_I,String_I_331,2024-04-11,88447.97347146693,0.1452189016787594,2.402091716332336,CT90,MFL,0.0,120.0,60.0,1.5,0.0,0.9105247242659983
INSP_004331,String_I,String_I_332,2024-01-15,88447.97347146693,0.1484400968675408,2.402091716332336,CT90,UT,1.0688998168951591,120.0,60.0,1.5,0.0,0.7390891306786749
INSP_004332,String_I,String_I_333,2024-02-06,88447.97347146693,0.1493822200333576,2.402091716332336,CT90,MFL,0.0,120.0,60.0,1.5,0.0,0.7542780606473138
INSP_004333,String_I,String_I_334,2024-02-24,88447.97347146693,0.14796139890086707,2.402091716332336,CT90,MFL,0.0,120.0,60.0,1.5,0.0,0.7738746003152582
INSP_004334,String_I,String_I_335,2024-04-26,88447.97347146693,0.14620745652097397,2.402091716332336,CT90,MFL,0.2572350713192893,120.0,60.0,1.5,0.0,0.9262966342434351
INSP_004335,String_I,String_I_336,2024-05-25,88447.97347146693,0.1488076597559572,2.402091716332336,CT90,MFL,0.0,120.0,60.0,1.5,0.0,0.9348227846741117
INSP_004336,String_I,String_I_337,2024-01-25,88447.97347146693,0.14534022671540456,2.402091716332336,CT90,EMAT,0.0,120.0,60.0,1.5,0.0,0.9054100930890663
INSP_004337,String_I,String_I_338,2024-02-03,88447.97347146693,0.14747909572372078,2.402091716332336,CT90,UT,0.0,120.0,60.0,1.5,0.0,0.9527536150694899
INSP_004338,String_I,String_I_339,2024-05-12,88447.97347146693,0.14583254263020734,2.402091716332336,CT90,UT,0.25061880601458014,120.0,60.0,1.5,0.0,0.7659092839623626
INSP_004339,String_I,String_I_340,2024-06-22,88447.97347146693,0.14595725969332585,2.402091716332336,CT90,UT,0.46899961061813866,120.0,60.0,1.5,0.0,0.7629788891601588
INSP_004340,String_I,String_I_341,2024-05-30,88447.97347146693,0.1460627160392784,2.402091716332336,CT90,UT,0.0,120.0,60.0,1.5,0.0,0.9337617210587709
INSP_004341,String_I,String_I_342,2024-04-03,88447.97347146693,0.1471531362029474,2.402091716332336,CT90,MFL,0.0,120.0,60.0,1.5,0.0,0.7049297293451333
INSP_004342,String_I,String_I_343,2024-03-25,88447.97347146693,0.14516901500329715,2.402091716332336,CT90,MFL,0.0,120.0,60.0,1.5,0.0,0.7687325057367154
INSP_004343,String_I,String_I_344,2024-03-19,88447.97347146693,0.14721868911656133,2.402091716332336,CT90,UT,0.0,120.0,60.0,1.5,0.0,0.7389116266777468
INSP_004344,String_I,String_I_345,2024-06-03,88447.97347146693,0.1478922536516053,2.402091716332336,CT90,EMAT,0.6572258031129462,120.0,60.0,1.5,0.0,0.8691719259667368
INSP_004345,String_I,String_I_346,2024-05-26,88447.97347146693,0.14772424886455202,2.402091716332336,CT90,MFL,0.0,120.0,60.0,1.5,0.0,0.9098883106416056
INSP_004346,String_I,String_I_347,2024-06-01,88447.97347146693,0.1471299400697033,2.402091716332336,CT90,EMAT,0.0,120.0,60.0,1.5,0.0,0.9256952181840232
INSP_004347,String_I,String_I_348,2024-02-14,88447.97347146693,0.14982837558770154,2.402091716332336,CT90,MFL,0.07600792158003583,120.0,60.0,1.5,0.0,0.7117645702265691
INSP_004348,String_I,String_I_349,2024-05-03,88447.97347146693,0.14572587314276278,2.402091716332336,CT90,UT,0.0,120.0,60.0,1.5,0.0,0.8836263167101169
INSP_004349,String_I,String_I_350,2024-01-22,88447.97347146693,0.14785671283681381,2.402091716332336,CT90,EMAT,0.0,120.0,60.0,1.5,0.0,0.9191349567140451
INSP_004350,String_I,String_I_351,2024-04-16,88447.97347146693,0.14523341387702082,2.402091716332336,CT90,UT,0.0,120.0,60.0,1.5,0.0,0.8056932137469577
INSP_004351,String_I,String_I_352,2024-03-26,88447.97347146693,0.14528730578898927,2.402091716332336,CT90,MFL,0.07500685653481565,120.0,60.0,1.5,0.0,0.8829108430400778
INSP_004352,String_I,String_I_353,2024-05-12,88447.97347146693,0.14825979138399617,2.402091716332336,CT90,MFL,0.0,120.0,60.0,1.5,0.0,0.9990497403890014
INSP_004353,String_I,String_I_354,2024-02-04,88447.97347146693,0.1482133901800839,2.402091716332336,CT90,UT,0.0,120.0,60.0,1.5,0.0,0.7504060118038219
INSP_004354,String_I,String_I_355,2024-02-04,88447.97347146693,0.150058310788914,2.402091716332336,CT90,UT,1.022864164161758,120.0,60.0,1.5,0.0,0.7088912048314665
INSP_004355,String_I,String_I_356,2024-02-23,88447.97347146693,0.1481652309202147,2.402091716332336,CT90,MFL,0.0,120.0,60.0,1.5,0.0,0.9082523813179798
INSP_004356,String_I,String_I_357,2024-03-17,88447.97347146693,0.15054173648352562,2.402091716332336,CT90,MFL,0.0,120.0,60.0,1.5,0.0,0.7203633408999063
INSP_004357,String_I,String_I_358,2024-04-24,88447.97347146693,0.14515449666968788,2.402091716332336,CT90,EMAT,0.15301900233980112,120.0,60.0,1.5,0.0,0.8560326132236264
INSP_004358,String_I,String_I_359,2024-02-13,88447.97347146693,0.14544607958227918,2.402091716332336,CT90,MFL,0.0,120.0,60.0,1.5,0.0,0.8759304843020369
INSP_004359,String_I,String_I_360,2024-04-19,88447.97347146693,0.14512712583561777,2.402091716332336,CT90,MFL,0.0,120.0,60.0,1.5,0.0,0.8455095636699254
INSP_004360,String_I,String_I_361,2024-02-25,88447.97347146693,0.14596209527593737,2.402091716332336,CT90,EMAT,0.04449645515335902,120.0,60.0,1.5,0.0,0.735487954921095
INSP_004361,String_I,String_I_362,2024-06-09,88447.97347146693,0.1480670553514317,2.402091716332336,CT90,MFL,1.426597350864666,120.0,60.0,1.5,0.0,0.9174561691836642
INSP_004362,String_I,String_I_363,2024-05-18,88447.97347146693,0.14868378526870274,2.402091716332336,CT90,EMAT,0.0,120.0,60.0,1.5,0.0,0.892517482539284
INSP_004363,String_I,String_I_364,2024-02-24,88447.97347146693,0.14513610931528723,2.402091716332336,CT90,MFL,0.0,120.0,60.0,1.5,0.0,0.7052940617607159
INSP_004364,String_I,String_I_365,2024-01-03,88447.97347146693,0.15046001914141738,2.402091716332336,CT90,MFL,0.0,120.0,60.0,1.5,0.0,0.7090173569770103
INSP_004365,String_I,String_I_366,2024-04-13,88447.97347146693,0.1498462253282456,2.402091716332336,CT90,UT,0.0,120.0,60.0,1.5,0.0,0.8258477293802251
INSP_004366,String_I,String_I_367,2024-05-23,88447.97347146693,0.14662041408671533,2.402091716332336,CT90,UT,0.0,120.0,60.0,1.5,0.0,0.7987537781575219
INSP_004367,String_I,String_I_368,2024-05-26,88447.97347146693,0.14532297165032704,2.402091716332336,CT90,EMAT,0.0,120.0,60.0,1.5,0.0,0.8322896025149891
INSP_004368,String_I,String_I_369,2024-02-16,88447.97347146693,0.14587109673753412,2.402091716332336,CT90,EMAT,0.0,120.0,60.0,1.5,0.0,0.8106602722125321
INSP_004369,String_I,String_I_370,2024-02-25,88447.97347146693,0.14561718017868402,2.402091716332336,CT90,MFL,0.0,120.0,60.0,1.5,0.0,0.7536249377531593
INSP_004370,String_I,String_I_371,2024-05-06,88447.97347146693,0.14559553513583195,2.402091716332336,CT90,MFL,0.0,120.0,60.0,1.5,0.0,0.8550426206245543
INSP_004371,String_I,String_I_372,2024-04-16,88447.97347146693,0.14793278224135464,2.402091716332336,CT90,UT,0.0,120.0,60.0,1.5,0.0,0.8577382347285479
INSP_004372,String_I,String_I_373,2024-05-12,88447.97347146693,0.14632024441063657,2.402091716332336,CT90,MFL,0.0,120.0,60.0,1.5,0.0,0.7965124131970989
INSP_004373,String_I,String_I_374,2024-03-21,88447.97347146693,0.14698421977137213,2.402091716332336,CT90,EMAT,0.0,120.0,60.0,1.5,0.0,0.7694064069916455
INSP_004374,String_I,String_I_375,2024-04-19,88447.97347146693,0.15071743487283132,2.402091716332336,CT90,EMAT,0.0,120.0,60.0,1.5,0.0,0.9491634826397133
INSP_004375,String_I,String_I_376,2024-06-10,88447.97347146693,0.14891286405852563,2.402091716332336,CT90,MFL,0.0,120.0,60.0,1.5,0.0,0.8598587220111902
INSP_004376,String_I,String_I_377,2024-03-20,88447.97347146693,0.15047781571665103,2.402091716332336,CT90,MFL,0.0,120.0,60.0,1.5,0.0,0.9477646067997416
INSP_004377,String_I,String_I_378,2024-05-08,88447.97347146693,0.14570949353885082,2.402091716332336,CT90,MFL,0.0,120.0,60.0,1.5,0.0,0.8972526139179106
INSP_004378,String_I,String_I_379,2024-06-12,88447.97347146693,0.14712612844954182,2.402091716332336,CT90,MFL,0.0,120.0,60.0,1.5,0.0,0.7119495607012635
INSP_004379,String_I,String_I_380,2024-05-23,88447.97347146693,0.1481466532766208,2.402091716332336,CT90,UT,0.0,120.0,60.0,1.5,0.0,0.8240646538881712
INSP_004380,String_I,String_I_381,2024-02-14,88447.97347146693,0.14532043223791494,2.402091716332336,CT90,MFL,0.0,120.0,60.0,1.5,0.0,0.8507671446977744
INSP_004381,String_I,String_I_382,2024-03-06,88447.97347146693,0.1448913278952318,2.402091716332336,CT90,EMAT,0.0,120.0,60.0,1.5,0.0,0.7267253170847485
INSP_004382,String_I,String_I_383,2024-03-12,88447.97347146693,0.14883079321497458,2.402091716332336,CT90,MFL,0.0,120.0,60.0,1.5,0.0,0.9479609530761174
INSP_004383,String_I,String_I_384,2024-05-13,88447.97347146693,0.14866159605871335,2.402091716332336,CT90,MFL,0.0,120.0,60.0,1.5,0.0,0.94578932888173
INSP_004384,String_I,String_I_385,2024-02-07,88447.97347146693,0.14729552970902932,2.402091716332336,CT90,MFL,0.7528791743314852,120.0,60.0,1.5,0.0,0.9518372671687572
INSP_004385,String_I,String_I_386,2024-03-12,88447.97347146693,0.14776179467836378,2.402091716332336,CT90,MFL,0.0,120.0,60.0,1.5,0.0,0.7089204913693816
INSP_004386,String_I,String_I_387,2024-02-20,88447.97347146693,0.147323049570962,2.402091716332336,CT90,MFL,0.0,120.0,60.0,1.5,0.0,0.7329776328802996
INSP_004387,String_I,String_I_388,2024-02-12,88447.97347146693,0.145008507808364,2.402091716332336,CT90,MFL,0.0,120.0,60.0,1.5,0.0,0.7931528629240423
INSP_004388,String_I,String_I_389,2024-04-09,88447.97347146693,0.14684959373064688,2.402091716332336,CT90,MFL,0.0,120.0,60.0,1.5,0.0,0.7116617549933866
INSP_004389,String_I,String_I_390,2024-05-24,88447.97347146693,0.1459136412823247,2.402091716332336,CT90,UT,1.3372170824384566,120.0,60.0,1.5,0.0,0.9144989721577332
INSP_004390,String_I,String_I_391,2024-05-11,88447.97347146693,0.1454485423394805,2.402091716332336,CT90,MFL,0.0,120.0,60.0,1.5,0.0,0.7979981315699595
INSP_004391,String_I,String_I_392,2024-04-06,88447.97347146693,0.1505235803476133,2.402091716332336,CT90,MFL,0.0,120.0,60.0,1.5,0.0,0.9092961629385842
INSP_004392,String_I,String_I_393,2024-05-01,88447.97347146693,0.14841053465852172,2.402091716332336,CT90,EMAT,0.0,120.0,60.0,1.5,0.0,0.8555992769599222
INSP_004393,String_I,String_I_394,2024-01-26,88447.97347146693,0.14917505501640194,2.402091716332336,CT90,UT,0.4866177668373089,120.0,60.0,1.5,0.0,0.9664779387164575
INSP_004394,String_I,String_I_395,2024-01-02,88447.97347146693,0.1467312888148836,2.402091716332336,CT90,MFL,0.0,120.0,60.0,1.5,0.0,0.7412587610288858
INSP_004395,String_I,String_I_396,2024-03-01,88447.97347146693,0.14719121584346492,2.402091716332336,CT90,UT,0.0,120.0,60.0,1.5,0.0,0.7566391083394335
INSP_004396,String_I,String_I_397,2024-06-04,88447.97347146693,0.14626748076280896,2.402091716332336,CT90,MFL,0.0,120.0,60.0,1.5,0.0,0.8384193111357321
INSP_004397,String_I,String_I_398,2024-06-12,88447.97347146693,0.14543991823676491,2.402091716332336,CT90,MFL,0.0,120.0,60.0,1.5,0.0,0.9708891329998868
INSP_004398,String_I,String_I_399,2024-06-21,88447.97347146693,0.14592516782461967,2.402091716332336,CT90,MFL,0.0,120.0,60.0,1.5,0.0,0.8829474123376877
INSP_004399,String_I,String_I_400,2024-04-26,88447.97347146693,0.149582205527261,2.402091716332336,CT90,MFL,0.7364574639984183,120.0,60.0,1.5,0.0,0.9034348252596178
INSP_004400,String_I,String_I_401,2024-01-24,88447.97347146693,0.14887284278445742,2.402091716332336,CT90,MFL,0.0,120.0,60.0,1.5,0.0,0.8205413277218152
INSP_004401,String_I,String_I_402,2024-01-06,88447.97347146693,0.1481005151828719,2.402091716332336,CT90,EMAT,0.0,120.0,60.0,1.5,0.0,0.70572460260926
INSP_004402,String_I,String_I_403,2024-01-02,88447.97347146693,0.14767573682282692,2.402091716332336,CT90,UT,1.1681627560471939,120.0,60.0,1.5,0.0,0.8006115790042021
INSP_004403,String_I,String_I_404,2024-01-25,88447.97347146693,0.1503208490451722,2.402091716332336,CT90,MFL,0.0,120.0,60.0,1.5,0.0,0.9197382518647041
INSP_004404,String_I,String_I_405,2024-04-17,88447.97347146693,0.14529664388145452,2.402091716332336,CT90,UT,0.0,120.0,60.0,1.5,0.0,0.9638112255633109
INSP_004405,String_I,String_I_406,2024-06-12,88447.97347146693,0.1465257383511148,2.402091716332336,CT90,UT,0.0,120.0,60.0,1.5,0.0,0.8457128421886013
INSP_004406,String_I,String_I_407,2024-02-06,88447.97347146693,0.1469357228025175,2.402091716332336,CT90,MFL,0.0,120.0,60.0,1.5,0.0,0.8874024176154598
INSP_004407,String_I,String_I_408,2024-06-09,88447.97347146693,0.1494929899949313,2.402091716332336,CT90,EMAT,1.129742031822577,120.0,60.0,1.5,0.0,0.9145839857638364
INSP_004408,String_I,String_I_409,2024-05-21,88447.97347146693,0.150735228548228,2.402091716332336,CT90,UT,0.0,120.0,60.0,1.5,0.0,0.8479570368218965
INSP_004409,String_I,String_I_410,2024-02-27,88447.97347146693,0.14628963364519706,2.402091716332336,CT90,MFL,0.0,120.0,60.0,1.5,0.0,0.982516058722634
INSP_004410,String_I,String_I_411,2024-01-08,88447.97347146693,0.15003627818807266,2.402091716332336,CT90,EMAT,1.6107027151281526,120.0,60.0,1.5,0.0,0.9363811873875113
INSP_004411,String_I,String_I_412,2024-03-19,88447.97347146693,0.14977797474882346,2.402091716332336,CT90,UT,0.33114057088428844,120.0,60.0,1.5,0.0,0.7612561775303998
INSP_004412,String_I,String_I_413,2024-05-28,88447.97347146693,0.14619494934652658,2.402091716332336,CT90,MFL,0.0,120.0,60.0,1.5,0.0,0.7207276713669347
INSP_004413,String_I,String_I_414,2024-05-12,88447.97347146693,0.14722778992568536,2.402091716332336,CT90,UT,0.37655017429492404,120.0,60.0,1.5,0.0,0.7942593813004546
INSP_004414,String_I,String_I_415,2024-01-05,88447.97347146693,0.14728893123963405,2.402091716332336,CT90,MFL,0.0,120.0,60.0,1.5,0.0,0.820137609449301
INSP_004415,String_I,String_I_416,2024-06-20,88447.97347146693,0.15065070953946308,2.402091716332336,CT90,EMAT,0.0,120.0,60.0,1.5,0.0,0.787403549400651
INSP_004416,String_I,String_I_417,2024-04-16,88447.97347146693,0.14593616741857615,2.402091716332336,CT90,MFL,0.0,120.0,60.0,1.5,0.0,0.9972485373152193
INSP_004417,String_I,String_I_418,2024-04-17,88447.97347146693,0.1495919259309215,2.402091716332336,CT90,MFL,0.46351521484671854,120.0,60.0,1.5,0.0,0.7421600774704954
INSP_004418,String_I,String_I_419,2024-06-19,88447.97347146693,0.14684262303495887,2.402091716332336,CT90,MFL,0.0,120.0,60.0,1.5,0.0,0.9631129204743106
INSP_004419,String_I,String_I_420,2024-03-14,88447.97347146693,0.14918814658767915,2.402091716332336,CT90,UT,0.0,120.0,60.0,1.5,0.0,0.7587452887050914
INSP_004420,String_I,String_I_421,2024-06-10,88447.97347146693,0.14735005981661753,2.402091716332336,CT90,EMAT,0.0,120.0,60.0,1.5,0.0,0.8293411774300166
INSP_004421,String_I,String_I_422,2024-06-06,88447.97347146693,0.14828636353976282,2.402091716332336,CT90,MFL,1.0308490245081916,120.0,60.0,1.5,0.0,0.8041183326349117
INSP_004422,String_I,String_I_423,2024-02-13,88447.97347146693,0.14978973562520934,2.402091716332336,CT90,MFL,0.5852548691087728,120.0,60.0,1.5,0.0,0.7308234074950266
INSP_004423,String_I,String_I_424,2024-05-20,88447.97347146693,0.14962153543861778,2.402091716332336,CT90,MFL,0.0,120.0,60.0,1.5,0.0,0.8663908633236787
INSP_004424,String_I,String_I_425,2024-06-06,88447.97347146693,0.14998965982735335,2.402091716332336,CT90,UT,0.0,120.0,60.0,1.5,0.0,0.901286394716227
INSP_004425,String_I,String_I_426,2024-04-16,88447.97347146693,0.14521908041448936,2.402091716332336,CT90,MFL,0.0,120.0,60.0,1.5,0.0,0.7870215329921167
INSP_004426,String_I,String_I_427,2024-06-25,88447.97347146693,0.1489586082146506,2.402091716332336,CT90,MFL,2.0308996216560202,120.0,60.0,1.5,0.0,0.7973697205427664
INSP_004427,String_I,String_I_428,2024-01-03,88447.97347146693,0.14569430219010734,2.402091716332336,CT90,MFL,0.0,120.0,60.0,1.5,0.0,0.892475551358226
INSP_004428,String_I,String_I_429,2024-05-27,88447.97347146693,0.14732527027153572,2.402091716332336,CT90,MFL,0.0,120.0,60.0,1.5,0.0,0.7917996233778094
INSP_004429,String_I,String_I_430,2024-05-17,88447.97347146693,0.14811032790651293,2.402091716332336,CT90,MFL,0.0,120.0,60.0,1.5,0.0,0.8554851845529339
INSP_004430,String_I,String_I_431,2024-06-16,88447.97347146693,0.1472479346835987,2.402091716332336,CT90,MFL,0.0,120.0,60.0,1.5,0.0,0.9231106786788136
INSP_004431,String_I,String_I_432,2024-03-30,88447.97347146693,0.1479389907324928,2.402091716332336,CT90,MFL,1.9617727694896103,120.0,60.0,1.5,0.0,0.8148748309302645
INSP_004432,String_I,String_I_433,2024-05-16,88447.97347146693,0.1507589493467651,2.402091716332336,CT90,MFL,0.0,120.0,60.0,1.5,0.0,0.7188771796245833
INSP_004433,String_I,String_I_434,2024-05-08,88447.97347146693,0.14566609718371426,2.402091716332336,CT90,MFL,0.0,120.0,60.0,1.5,0.0,0.8373874777921049
INSP_004434,String_I,String_I_435,2024-02-11,88447.97347146693,0.14886048619928352,2.402091716332336,CT90,MFL,0.0,120.0,60.0,1.5,0.0,0.8680090792852777
INSP_004435,String_I,String_I_436,2024-06-06,88447.97347146693,0.14720809035594454,2.402091716332336,CT90,MFL,0.5141180258058645,120.0,60.0,1.5,0.0,0.7547096892250609
INSP_004436,String_I,String_I_437,2024-01-16,88447.97347146693,0.1456530443227591,2.402091716332336,CT90,EMAT,0.0,120.0,60.0,1.5,0.0,0.9682112292158156
INSP_004437,String_I,String_I_438,2024-05-18,88447.97347146693,0.14580516583476227,2.402091716332336,CT90,MFL,0.0,120.0,60.0,1.5,0.0,0.9082445895638109
INSP_004438,String_I,String_I_439,2024-02-05,88447.97347146693,0.15047954488657,2.402091716332336,CT90,EMAT,0.0,120.0,60.0,1.5,0.0,0.8814885463401753
INSP_004439,String_I,String_I_440,2024-01-04,88447.97347146693,0.1500675821538664,2.402091716332336,CT90,EMAT,0.0,120.0,60.0,1.5,0.0,0.7702869612788755
INSP_004440,String_I,String_I_441,2024-06-02,88447.97347146693,0.15022983545172305,2.402091716332336,CT90,UT,1.07392076860117,120.0,60.0,1.5,0.0,0.9505586511773203
INSP_004441,String_I,String_I_442,2024-04-26,88447.97347146693,0.1507294229801082,2.402091716332336,CT90,MFL,0.0,120.0,60.0,1.5,0.0,0.9811707012140395
INSP_004442,String_I,String_I_443,2024-04-28,88447.97347146693,0.14609832034416106,2.402091716332336,CT90,MFL,1.2074537187194834,120.0,60.0,1.5,0.0,0.8048190919452388
INSP_004443,String_I,String_I_444,2024-03-28,88447.97347146693,0.14696825264232735,2.402091716332336,CT90,MFL,0.0,120.0,60.0,1.5,0.0,0.7621153969717915
INSP_004444,String_I,String_I_445,2024-02-13,88447.97347146693,0.14882360721902094,2.402091716332336,CT90,MFL,0.0,120.0,60.0,1.5,0.0,0.8809518260794452
INSP_004445,String_I,String_I_446,2024-01-04,88447.97347146693,0.14772725413565993,2.402091716332336,CT90,UT,2.0696286795266428,0.0,100.0,0.0,0.0,0.7668817310810079
INSP_004446,String_I,String_I_447,2024-04-02,88447.97347146693,0.14734047218695645,2.402091716332336,CT90,MFL,0.9355035928582911,120.0,60.0,1.5,0.0,0.9771683523784995
INSP_004447,String_I,String_I_448,2024-03-21,88447.97347146693,0.14698227757076035,2.402091716332336,CT90,EMAT,1.17130505017155,120.0,60.0,1.5,0.0,0.7960133477231358
INSP_004448,String_I,String_I_449,2024-03-06,88447.97347146693,0.14837754592100968,2.402091716332336,CT90,MFL,1.0986435667034176,120.0,60.0,1.5,0.0,0.8609825311480201
INSP_004449,String_I,String_I_450,2024-04-26,88447.97347146693,0.1482700064221633,2.402091716332336,CT90,UT,1.2679791125397477,120.0,60.0,1.5,0.0,0.9002581794066465
INSP_004450,String_I,String_I_451,2024-06-15,88447.97347146693,0.1458212553111617,2.402091716332336,CT90,UT,0.0,120.0,60.0,1.5,0.0,0.9061002492174663
INSP_004451,String_I,String_I_452,2024-05-14,88447.97347146693,0.14765592832800406,2.402091716332336,CT90,UT,0.0,120.0,60.0,1.5,0.0,0.9351410805786066
INSP_004452,String_I,String_I_453,2024-05-12,88447.97347146693,0.14813920283590984,2.402091716332336,CT90,UT,0.0,120.0,60.0,1.5,0.0,0.7843867194704917
INSP_004453,String_I,String_I_454,2024-06-16,88447.97347146693,0.14823862956581568,2.402091716332336,CT90,UT,0.0,0.0,100.0,0.0,0.0,0.9921207025746441
INSP_004454,String_I,String_I_455,2024-05-30,88447.97347146693,0.14610891513342555,2.402091716332336,CT90,MFL,0.0,120.0,60.0,1.5,0.0,0.9596368951150652
INSP_004455,String_I,String_I_456,2024-01-09,88447.97347146693,0.14925556007637863,2.402091716332336,CT90,MFL,0.0,120.0,60.0,1.5,0.0,0.9422363880347391
INSP_004456,String_I,String_I_457,2024-03-12,88447.97347146693,0.14501556813170752,2.402091716332336,CT90,UT,0.0,120.0,60.0,1.5,0.0,0.9178364853864162
INSP_004457,String_I,String_I_458,2024-04-12,88447.97347146693,0.14696466065022787,2.402091716332336,CT90,MFL,0.0,120.0,60.0,1.5,0.0,0.7656300601578552
INSP_004458,String_I,String_I_459,2024-02-29,88447.97347146693,0.14947990373264367,2.402091716332336,CT90,UT,1.9937788013316882,0.0,100.0,0.0,0.0,0.9309399478615572
INSP_004459,String_I,String_I_460,2024-05-12,88447.97347146693,0.14820082224354514,2.402091716332336,CT90,MFL,0.1037148760855797,0.0,100.0,0.0,0.0,0.9914215900503061
INSP_004460,String_I,String_I_461,2024-03-26,88447.97347146693,0.146410800738833,2.402091716332336,CT90,UT,1.7096154664922851,0.0,100.0,0.0,0.0,0.7296018296295769
INSP_004461,String_I,String_I_462,2024-06-12,88447.97347146693,0.1489757708602987,2.402091716332336,CT90,MFL,0.3386731856438419,0.0,100.0,0.0,0.0,0.8309172493978163
INSP_004462,String_I,String_I_463,2024-05-06,88447.97347146693,0.14822150577827695,2.402091716332336,CT90,MFL,0.0,0.0,100.0,0.0,0.0,0.9450208135304409
INSP_004463,String_I,String_I_464,2024-05-05,88447.97347146693,0.1495746935403281,2.402091716332336,CT90,MFL,0.0,0.0,100.0,0.0,0.0,0.7464879558667245
INSP_004464,String_I,String_I_465,2024-06-23,88447.97347146693,0.14921271383138446,2.402091716332336,CT90,EMAT,0.0,0.0,100.0,0.0,0.0,0.8777447163095113
INSP_004465,String_I,String_I_466,2024-01-06,88447.97347146693,0.14847408789971908,2.402091716332336,CT90,UT,1.6213062938032567,0.0,100.0,0.0,0.0,0.7574176965405917
INSP_004466,String_I,String_I_467,2024-03-30,88447.97347146693,0.14775312396654308,2.402091716332336,CT90,MFL,0.0,0.0,100.0,0.0,0.0,0.8842329095463309
INSP_004467,String_I,String_I_468,2024-06-10,88447.97347146693,0.14565406327730204,2.402091716332336,CT90,MFL,1.0583405672788637,0.0,100.0,0.0,0.0,0.8844580617343963
INSP_004468,String_I,String_I_469,2024-05-10,88447.97347146693,0.1464118093966998,2.402091716332336,CT90,MFL,0.0,0.0,100.0,0.0,0.0,0.9880653461894847
INSP_004469,String_I,String_I_470,2024-03-22,88447.97347146693,0.14734467000346155,2.402091716332336,CT90,MFL,0.0,0.0,100.0,0.0,0.0,0.8786219558522587
INSP_004470,String_I,String_I_471,2024-01-29,88447.97347146693,0.14841017729318245,2.402091716332336,CT90,MFL,0.0,0.0,100.0,0.0,0.0,0.7117740360106267
INSP_004471,String_I,String_I_472,2024-06-06,88447.97347146693,0.1479040819069472,2.402091716332336,CT90,EMAT,0.0,0.0,100.0,0.0,0.0,0.7249649955231567
INSP_004472,String_I,String_I_473,2024-03-12,88447.97347146693,0.14657058024636793,2.402091716332336,CT90,MFL,0.9048639185838055,0.0,100.0,0.0,0.0,0.986630047196464
INSP_004473,String_I,String_I_474,2024-02-27,88447.97347146693,0.14490479110910734,2.402091716332336,CT90,MFL,1.223205100294786,0.0,100.0,0.0,0.0,0.8572918773356051
INSP_004474,String_I,String_I_475,2024-04-18,88447.97347146693,0.1478007912557769,2.402091716332336,CT90,EMAT,0.3323186416168461,0.0,100.0,0.0,0.0,0.7048265611699361
INSP_004475,String_I,String_I_476,2024-05-01,88447.97347146693,0.1465554518165102,2.402091716332336,CT90,EMAT,0.0,0.0,100.0,0.0,0.0,0.7449183442879825
INSP_004476,String_I,String_I_477,2024-04-07,88447.97347146693,0.14921024882042203,2.402091716332336,CT90,MFL,0.0,0.0,100.0,0.0,0.0,0.8373705249774442
INSP_004477,String_I,String_I_478,2024-03-02,88447.97347146693,0.14500816024937604,2.402091716332336,CT90,EMAT,1.0522188518201887,0.0,100.0,0.0,0.0,0.8014842759995876
INSP_004478,String_I,String_I_479,2024-05-10,88447.97347146693,0.1483246085986201,2.402091716332336,CT90,EMAT,0.0,0.0,100.0,0.0,0.0,0.7019541888407602
INSP_004479,String_I,String_I_480,2024-04-14,88447.97347146693,0.15043343079075053,2.402091716332336,CT90,MFL,0.0,0.0,100.0,0.0,0.0,0.7246547452371205
INSP_004480,String_I,String_I_481,2024-04-17,88447.97347146693,0.1458978361133891,2.402091716332336,CT90,MFL,0.0,0.0,100.0,0.0,0.0,0.8610831608944968
INSP_004481,String_I,String_I_482,2024-05-21,88447.97347146693,0.14765539411469075,2.402091716332336,CT90,MFL,0.0,0.0,100.0,0.0,0.0,0.8522210479938713
INSP_004482,String_I,String_I_483,2024-01-19,88447.97347146693,0.14540713889914894,2.402091716332336,CT90,UT,0.12041466002571588,0.0,100.0,0.0,0.0,0.9513765621805681
INSP_004483,String_I,String_I_484,2024-02-04,88447.97347146693,0.14856617567571803,2.402091716332336,CT90,UT,0.0,0.0,100.0,0.0,0.0,0.850347597787475
INSP_004484,String_I,String_I_485,2024-03-28,88447.97347146693,0.14812181828240947,2.402091716332336,CT90,MFL,0.0,0.0,100.0,0.0,0.0,0.8748889966153176
INSP_004485,String_I,String_I_486,2024-03-19,88447.97347146693,0.14727528809014062,2.402091716332336,CT90,MFL,0.0,0.0,100.0,0.0,0.0,0.8117991145061306
INSP_004486,String_I,String_I_487,2024-01-04,88447.97347146693,0.1479494290822245,2.402091716332336,CT90,MFL,4.182208449688263,0.0,100.0,0.0,0.0,0.8473269769302956
INSP_004487,String_I,String_I_488,2024-05-15,88447.97347146693,0.15016794312079282,2.402091716332336,CT90,MFL,0.5227376570585498,0.0,100.0,0.0,0.0,0.8542111743559232
INSP_004488,String_I,String_I_489,2024-01-16,88447.97347146693,0.1460272406006178,2.402091716332336,CT90,MFL,2.4096854403387438,0.0,100.0,0.0,0.0,0.8095273331455968
INSP_004489,String_I,String_I_490,2024-05-19,88447.97347146693,0.14499999004951378,2.402091716332336,CT90,EMAT,0.0,0.0,100.0,0.0,0.0,0.703307505578758
INSP_004490,String_I,String_I_491,2024-04-30,88447.97347146693,0.14996152438155974,2.402091716332336,CT90,MFL,0.0,0.0,100.0,0.0,0.0,0.9646003723805634
INSP_004491,String_I,String_I_492,2024-02-25,88447.97347146693,0.1482790156666152,2.402091716332336,CT90,MFL,0.0,0.0,100.0,0.0,0.0,0.705767917795487
INSP_004492,String_I,String_I_493,2024-03-01,88447.97347146693,0.15013296107897736,2.402091716332336,CT90,UT,0.0,0.0,100.0,0.0,0.0,0.9085948591225694
INSP_004493,String_I,String_I_494,2024-03-24,88447.97347146693,0.14839625790080288,2.402091716332336,CT90,EMAT,0.0,0.0,100.0,0.0,0.0,0.8637472545948216
INSP_004494,String_I,String_I_495,2024-06-08,88447.97347146693,0.14965698650497836,2.402091716332336,CT90,MFL,0.0,0.0,100.0,0.0,0.0,0.7903758957774443
INSP_004495,String_I,String_I_496,2024-06-06,88447.97347146693,0.14740719258373947,2.402091716332336,CT90,UT,0.0,0.0,100.0,0.0,0.0,0.800678315215559
INSP_004496,String_I,String_I_497,2024-05-24,88447.97347146693,0.14930043050924804,2.402091716332336,CT90,UT,0.738846541012547,0.0,100.0,0.0,0.0,0.9552271586772798
INSP_004497,String_I,String_I_498,2024-01-06,88447.97347146693,0.1502653100603733,2.402091716332336,CT90,EMAT,0.0,0.0,100.0,0.0,0.0,0.7593030818402277
INSP_004498,String_I,String_I_499,2024-01-08,88447.97347146693,0.14824948583679304,2.402091716332336,CT90,EMAT,0.0,0.0,100.0,0.0,0.0,0.7125739228527891
INSP_004499,String_I,String_I_500,2024-06-04,88447.97347146693,0.14593553620941668,2.402091716332336,CT90,MFL,0.8661886636944186,0.0,100.0,0.0,0.0,0.7650425225676387
INSP_004500,String_J,String_J_001,2024-01-06,77886.95010983224,0.09864864977512408,1.756469019820343,CT80,MFL,0.0,120.0,60.0,1.5,0.0,0.7438190748708333
INSP_004501,String_J,String_J_002,2024-02-13,77886.95010983224,0.09836924572019236,1.756469019820343,CT80,MFL,0.4765507124592496,120.0,60.0,1.5,0.0,0.8693526333003545
INSP_004502,String_J,String_J_003,2024-01-15,77886.95010983224,0.098561265261781,1.756469019820343,CT80,EMAT,4.766363905228584,120.0,60.0,1.5,0.0,0.8154196707961623
INSP_004503,String_J,String_J_004,2024-05-05,77886.95010983224,0.09879847329990282,1.756469019820343,CT80,MFL,0.0,120.0,60.0,1.5,0.0,0.8280578789966215
INSP_004504,String_J,String_J_005,2024-03-18,77886.95010983224,0.09978906349892594,1.756469019820343,CT80,MFL,0.0,120.0,60.0,1.5,0.0,0.8735063160233014
INSP_004505,String_J,String_J_006,2024-01-05,77886.95010983224,0.09991992902854542,1.756469019820343,CT80,UT,0.2940715720013975,120.0,60.0,1.5,0.0,0.8081861278184598
INSP_004506,String_J,String_J_007,2024-03-30,77886.95010983224,0.09927674253324402,1.756469019820343,CT80,MFL,1.1205946092122823,120.0,60.0,1.5,0.0,0.702599232371312
INSP_004507,String_J,String_J_008,2024-01-27,77886.95010983224,0.10002917327565232,1.756469019820343,CT80,MFL,0.7432458615835683,120.0,60.0,1.5,0.0,0.8432349631222709
INSP_004508,String_J,String_J_009,2024-04-27,77886.95010983224,0.09790298315837934,1.756469019820343,CT80,MFL,0.0,120.0,60.0,1.5,0.0,0.8922885509166374
INSP_004509,String_J,String_J_010,2024-04-23,77886.95010983224,0.09792772940542713,1.756469019820343,CT80,UT,1.1548844313415505,120.0,60.0,1.5,0.0,0.9677154051096404
INSP_004510,String_J,String_J_011,2024-05-06,77886.95010983224,0.09826244703414701,1.756469019820343,CT80,UT,0.0,120.0,60.0,1.5,0.0,0.8067999861752587
INSP_004511,String_J,String_J_012,2024-05-21,77886.95010983224,0.09964147648626528,1.756469019820343,CT80,MFL,0.0,120.0,60.0,1.5,0.0,0.8855359395762616
INSP_004512,String_J,String_J_013,2024-06-04,77886.95010983224,0.09843038178501497,1.756469019820343,CT80,MFL,0.0,120.0,60.0,1.5,0.0,0.7529353549108855
INSP_004513,String_J,String_J_014,2024-01-04,77886.95010983224,0.09870634745361473,1.756469019820343,CT80,UT,0.0,120.0,60.0,1.5,0.0,0.7586856952752694
INSP_004514,String_J,String_J_015,2024-06-23,77886.95010983224,0.09917244585082624,1.756469019820343,CT80,EMAT,1.1799240947230856,120.0,60.0,1.5,0.0,0.8868411957755202
INSP_004515,String_J,String_J_016,2024-01-15,77886.95010983224,0.10081157168917677,1.756469019820343,CT80,EMAT,0.0,120.0,60.0,1.5,0.0,0.8306042222754595
INSP_004516,String_J,String_J_017,2024-06-03,77886.95010983224,0.09763329807394022,1.756469019820343,CT80,UT,0.2077648630620308,120.0,60.0,1.5,0.0,0.8170909574150412
INSP_004517,String_J,String_J_018,2024-04-10,77886.95010983224,0.10016442064971111,1.756469019820343,CT80,EMAT,0.0,120.0,60.0,1.5,0.0,0.9698123108379149
INSP_004518,String_J,String_J_019,2024-03-22,77886.95010983224,0.10024207572503699,1.756469019820343,CT80,EMAT,0.0,120.0,60.0,1.5,0.0,0.7612465543266902
INSP_004519,String_J,String_J_020,2024-05-04,77886.95010983224,0.10075895780840785,1.756469019820343,CT80,MFL,0.0,120.0,60.0,1.5,0.0,0.8139874532022
INSP_004520,String_J,String_J_021,2024-02-14,77886.95010983224,0.10129303717109645,1.756469019820343,CT80,UT,0.7123860899539035,120.0,60.0,1.5,0.0,0.928318153058111
INSP_004521,String_J,String_J_022,2024-02-26,77886.95010983224,0.09765829285273579,1.756469019820343,CT80,MFL,0.0,120.0,60.0,1.5,0.0,0.9407953426653262
INSP_004522,String_J,String_J_023,2024-01-27,77886.95010983224,0.09819057477868891,1.756469019820343,CT80,MFL,0.0,120.0,60.0,1.5,0.0,0.8520515987727859
INSP_004523,String_J,String_J_024,2024-01-10,77886.95010983224,0.10110751276836193,1.756469019820343,CT80,MFL,0.0,120.0,60.0,1.5,0.0,0.8274123214127944
INSP_004524,String_J,String_J_025,2024-02-29,77886.95010983224,0.09940426640060455,1.756469019820343,CT80,MFL,0.8868427662366856,120.0,60.0,1.5,0.0,0.7507523514466473
INSP_004525,String_J,String_J_026,2024-06-26,77886.95010983224,0.09982672805225659,1.756469019820343,CT80,EMAT,0.0,120.0,60.0,1.5,0.0,0.757603820094385
INSP_004526,String_J,String_J_027,2024-06-08,77886.95010983224,0.10021877914637636,1.756469019820343,CT80,UT,0.0,120.0,60.0,1.5,0.0,0.9973830045785774
INSP_004527,String_J,String_J_028,2024-02-14,77886.95010983224,0.10028266053674502,1.756469019820343,CT80,EMAT,0.0,120.0,60.0,1.5,0.0,0.9896659899946564
INSP_004528,String_J,String_J_029,2024-04-28,77886.95010983224,0.10128900446488567,1.756469019820343,CT80,MFL,0.0,120.0,60.0,1.5,0.0,0.729459184741515
INSP_004529,String_J,String_J_030,2024-05-03,77886.95010983224,0.10154871756415017,1.756469019820343,CT80,MFL,0.03314492748591634,120.0,60.0,1.5,0.0,0.895524086480321
INSP_004530,String_J,String_J_031,2024-05-02,77886.95010983224,0.10044631634145741,1.756469019820343,CT80,EMAT,3.724418457229647,120.0,60.0,1.5,0.0,0.8625574010272619
INSP_004531,String_J,String_J_032,2024-04-28,77886.95010983224,0.0987220268811755,1.756469019820343,CT80,MFL,0.0,120.0,60.0,1.5,0.0,0.806345215600209
INSP_004532,String_J,String_J_033,2024-05-11,77886.95010983224,0.10108194774033025,1.756469019820343,CT80,EMAT,1.5166787684225942,120.0,60.0,1.5,0.0,0.7686507695556722
INSP_004533,String_J,String_J_034,2024-05-12,77886.95010983224,0.09777412427889187,1.756469019820343,CT80,UT,0.0,120.0,60.0,1.5,0.0,0.7510448729389475
INSP_004534,String_J,String_J_035,2024-05-18,77886.95010983224,0.09849843224263104,1.756469019820343,CT80,MFL,0.0,120.0,60.0,1.5,0.0,0.9999116085906687
INSP_004535,String_J,String_J_036,2024-03-02,77886.95010983224,0.10115217733966543,1.756469019820343,CT80,MFL,0.0,120.0,60.0,1.5,0.0,0.9061691019873932
INSP_004536,String_J,String_J_037,2024-03-11,77886.95010983224,0.09859844246100476,1.756469019820343,CT80,EMAT,0.0,120.0,60.0,1.5,0.0,0.7846873999008482
INSP_004537,String_J,String_J_038,2024-03-11,77886.95010983224,0.09845689267991957,1.756469019820343,CT80,MFL,0.0,120.0,60.0,1.5,0.0,0.9703336800962985
INSP_004538,String_J,String_J_039,2024-03-27,77886.95010983224,0.09812821078095985,1.756469019820343,CT80,UT,0.0,120.0,60.0,1.5,0.0,0.8584261088879512
INSP_004539,String_J,String_J_040,2024-06-03,77886.95010983224,0.10099974061196641,1.756469019820343,CT80,MFL,0.07963104249954914,120.0,60.0,1.5,0.0,0.7300162388185295
INSP_004540,String_J,String_J_041,2024-02-09,77886.95010983224,0.09956970983815894,1.756469019820343,CT80,EMAT,1.0051623445953763,120.0,60.0,1.5,0.0,0.9340644530192457
INSP_004541,String_J,String_J_042,2024-06-20,77886.95010983224,0.10026603880065711,1.756469019820343,CT80,MFL,0.0,120.0,60.0,1.5,0.0,0.8290510820442397
INSP_004542,String_J,String_J_043,2024-02-19,77886.95010983224,0.09853023684949624,1.756469019820343,CT80,MFL,1.1278250045859175,120.0,60.0,1.5,0.0,0.7300098872500923
INSP_004543,String_J,String_J_044,2024-06-18,77886.95010983224,0.10059719580357294,1.756469019820343,CT80,UT,0.12329446499134968,120.0,60.0,1.5,0.0,0.9176029104171879
INSP_004544,String_J,String_J_045,2024-06-22,77886.95010983224,0.10060502245819737,1.756469019820343,CT80,UT,0.8599227989523576,120.0,60.0,1.5,0.0,0.7623640657893349
INSP_004545,String_J,String_J_046,2024-06-04,77886.95010983224,0.09882309713269181,1.756469019820343,CT80,UT,0.22356268107233793,120.0,60.0,1.5,0.0,0.850830950690782
INSP_004546,String_J,String_J_047,2024-03-21,77886.95010983224,0.09921374646106743,1.756469019820343,CT80,MFL,0.0,120.0,60.0,1.5,0.0,0.8547867921083094
INSP_004547,String_J,String_J_048,2024-03-18,77886.95010983224,0.09841323830555385,1.756469019820343,CT80,UT,0.0,120.0,60.0,1.5,0.0,0.734797082389063
INSP_004548,String_J,String_J_049,2024-05-16,77886.95010983224,0.1014675150940424,1.756469019820343,CT80,MFL,2.581654222059815,120.0,60.0,1.5,0.0,0.8918443161157514
INSP_004549,String_J,String_J_050,2024-03-06,77886.95010983224,0.1001493807072584,1.756469019820343,CT80,MFL,0.0,120.0,60.0,1.5,0.0,0.760725265399301
INSP_004550,String_J,String_J_051,2024-01-01,77886.95010983224,0.10130017009611192,1.756469019820343,CT80,MFL,0.0,120.0,60.0,1.5,0.0,0.7865368032854276
INSP_004551,String_J,String_J_052,2024-03-15,77886.95010983224,0.09878640585468174,1.756469019820343,CT80,EMAT,0.0,120.0,60.0,1.5,0.0,0.9195631483543956
INSP_004552,String_J,String_J_053,2024-05-12,77886.95010983224,0.10069218704486886,1.756469019820343,CT80,MFL,0.18238544686523353,120.0,60.0,1.5,0.0,0.8517113188021709
INSP_004553,String_J,String_J_054,2024-06-21,77886.95010983224,0.10062833405832804,1.756469019820343,CT80,UT,0.045416564197107524,120.0,60.0,1.5,0.0,0.9942609929331672
INSP_004554,String_J,String_J_055,2024-05-02,77886.95010983224,0.10033279993165618,1.756469019820343,CT80,MFL,0.4977347092841338,120.0,60.0,1.5,0.0,0.8855505583858225
INSP_004555,String_J,String_J_056,2024-02-03,77886.95010983224,0.10142401498918226,1.756469019820343,CT80,MFL,0.0,120.0,60.0,1.5,0.0,0.7332564232723059
INSP_004556,String_J,String_J_057,2024-02-15,77886.95010983224,0.09914553222071007,1.756469019820343,CT80,UT,1.155050681662837,120.0,60.0,1.5,0.0,0.8852287688795425
INSP_004557,String_J,String_J_058,2024-02-16,77886.95010983224,0.09809870647457043,1.756469019820343,CT80,EMAT,0.0,120.0,60.0,1.5,0.0,0.9021489050058202
INSP_004558,String_J,String_J_059,2024-05-06,77886.95010983224,0.10025335626264426,1.756469019820343,CT80,MFL,0.0,120.0,60.0,1.5,0.0,0.7533831890604279
INSP_004559,String_J,String_J_060,2024-03-29,77886.95010983224,0.10048276808822992,1.756469019820343,CT80,EMAT,0.0,120.0,60.0,1.5,0.0,0.8379365171626497
INSP_004560,String_J,String_J_061,2024-04-15,77886.95010983224,0.0998684274887901,1.756469019820343,CT80,MFL,0.0,120.0,60.0,1.5,0.0,0.7096874122217431
INSP_004561,String_J,String_J_062,2024-02-10,77886.95010983224,0.09840179823337436,1.756469019820343,CT80,MFL,0.0,120.0,60.0,1.5,0.0,0.9004932393298584
INSP_004562,String_J,String_J_063,2024-04-14,77886.95010983224,0.09958722483607542,1.756469019820343,CT80,EMAT,0.0,120.0,60.0,1.5,0.0,0.9717274812402847
INSP_004563,String_J,String_J_064,2024-02-26,77886.95010983224,0.09882147101042281,1.756469019820343,CT80,MFL,0.5406591267642319,120.0,60.0,1.5,0.0,0.8764271927514328
INSP_004564,String_J,String_J_065,2024-01-02,77886.95010983224,0.09928059300811748,1.756469019820343,CT80,UT,0.42153653494992505,120.0,60.0,1.5,0.0,0.8164138150889948
INSP_004565,String_J,String_J_066,2024-03-14,77886.95010983224,0.10014785131524521,1.756469019820343,CT80,UT,0.0,120.0,60.0,1.5,0.0,0.8594957123985154
INSP_004566,String_J,String_J_067,2024-05-02,77886.95010983224,0.10054611395985891,1.756469019820343,CT80,MFL,0.0,120.0,60.0,1.5,0.0,0.9215279387183449
INSP_004567,String_J,String_J_068,2024-03-23,77886.95010983224,0.0985029878968321,1.756469019820343,CT80,EMAT,1.4141139287045124,120.0,60.0,1.5,0.0,0.7677350922571505
INSP_004568,String_J,String_J_069,2024-06-01,77886.95010983224,0.09919240962860046,1.756469019820343,CT80,MFL,0.009946037215959942,120.0,60.0,1.5,0.0,0.8265346595758818
INSP_004569,String_J,String_J_070,2024-05-07,77886.95010983224,0.09865009933132504,1.756469019820343,CT80,MFL,0.0,120.0,60.0,1.5,0.0,0.9165544963607319
INSP_004570,String_J,String_J_071,2024-05-11,77886.95010983224,0.0983691940912852,1.756469019820343,CT80,MFL,0.0,120.0,60.0,1.5,0.0,0.77719334564639
INSP_004571,String_J,String_J_072,2024-04-30,77886.95010983224,0.10069814650512969,1.756469019820343,CT80,EMAT,1.7528407177705108,120.0,60.0,1.5,0.0,0.8640565292606808
INSP_004572,String_J,String_J_073,2024-02-07,77886.95010983224,0.10119944088767939,1.756469019820343,CT80,UT,0.0,120.0,60.0,1.5,0.0,0.9857462208807749
INSP_004573,String_J,String_J_074,2024-04-19,77886.95010983224,0.09905264126437999,1.756469019820343,CT80,MFL,0.0,120.0,60.0,1.5,0.0,0.9216048326128845
INSP_004574,String_J,String_J_075,2024-03-26,77886.95010983224,0.10057026625599819,1.756469019820343,CT80,UT,0.0,120.0,60.0,1.5,0.0,0.9007701291893251
INSP_004575,String_J,String_J_076,2024-02-08,77886.95010983224,0.1011506223507867,1.756469019820343,CT80,MFL,0.0,120.0,60.0,1.5,0.0,0.8220145957307526
INSP_004576,String_J,String_J_077,2024-02-28,77886.95010983224,0.10094801408059152,1.756469019820343,CT80,UT,0.0,120.0,60.0,1.5,0.0,0.7101727022018453
INSP_004577,String_J,String_J_078,2024-06-01,77886.95010983224,0.09830619359387831,1.756469019820343,CT80,MFL,2.459800677870559,120.0,60.0,1.5,0.0,0.8979161327301236
INSP_004578,String_J,String_J_079,2024-04-12,77886.95010983224,0.1013867875794214,1.756469019820343,CT80,UT,0.0,120.0,60.0,1.5,0.0,0.9775824310292682
INSP_004579,String_J,String_J_080,2024-06-10,77886.95010983224,0.09907830730757153,1.756469019820343,CT80,MFL,0.0,120.0,60.0,1.5,0.0,0.8522084005910877
INSP_004580,String_J,String_J_081,2024-05-29,77886.95010983224,0.09892920886790378,1.756469019820343,CT80,UT,0.385481872067938,120.0,60.0,1.5,0.0,0.7363594609534844
INSP_004581,String_J,String_J_082,2024-02-20,77886.95010983224,0.09782673843480423,1.756469019820343,CT80,UT,0.0,120.0,60.0,1.5,0.0,0.8561147171999508
INSP_004582,String_J,String_J_083,2024-02-16,77886.95010983224,0.09951441052304064,1.756469019820343,CT80,UT,0.0,120.0,60.0,1.5,0.0,0.8881445629939513
INSP_004583,String_J,String_J_084,2024-06-16,77886.95010983224,0.09801226539989484,1.756469019820343,CT80,UT,0.0,120.0,60.0,1.5,0.0,0.7035420850411348
INSP_004584,String_J,String_J_085,2024-05-23,77886.95010983224,0.09856796745591259,1.756469019820343,CT80,EMAT,0.0,120.0,60.0,1.5,0.0,0.8278924030884109
INSP_004585,String_J,String_J_086,2024-05-14,77886.95010983224,0.09884040070231265,1.756469019820343,CT80,MFL,0.718722699928644,120.0,60.0,1.5,0.0,0.7437658241292336
INSP_004586,String_J,String_J_087,2024-04-17,77886.95010983224,0.1007994648351657,1.756469019820343,CT80,MFL,0.0,120.0,60.0,1.5,0.0,0.9804034426203236
INSP_004587,String_J,String_J_088,2024-04-05,77886.95010983224,0.10106496615832956,1.756469019820343,CT80,EMAT,0.0,120.0,60.0,1.5,0.0,0.8766071081898814
INSP_004588,String_J,String_J_089,2024-01-19,77886.95010983224,0.09878274477990179,1.756469019820343,CT80,MFL,0.8751247565700252,120.0,60.0,1.5,0.0,0.7914665644721922
INSP_004589,String_J,String_J_090,2024-06-13,77886.95010983224,0.1009980931895431,1.756469019820343,CT80,UT,0.0,120.0,60.0,1.5,0.0,0.9654449615861489
INSP_004590,String_J,String_J_091,2024-02-22,77886.95010983224,0.10099224972025289,1.756469019820343,CT80,EMAT,0.0,120.0,60.0,1.5,0.0,0.8811874610536359
INSP_004591,String_J,String_J_092,2024-01-06,77886.95010983224,0.10062352408188285,1.756469019820343,CT80,MFL,0.0,120.0,60.0,1.5,0.9443917314039928,0.827869129347253
INSP_004592,String_J,String_J_093,2024-05-06,77886.95010983224,0.09816234248453572,1.756469019820343,CT80,UT,0.05190247319705311,120.0,60.0,1.5,4.3341636948233,0.793052045520424
INSP_004593,String_J,String_J_094,2024-06-22,77886.95010983224,0.10032749166387774,1.756469019820343,CT80,EMAT,0.0,120.0,60.0,1.5,2.40571818103796,0.8090406997655983
INSP_004594,String_J,String_J_095,2024-01-19,77886.95010983224,0.10134191035350153,1.756469019820343,CT80,EMAT,0.6960686191261932,120.0,60.0,1.5,3.185645471662463,0.7161567253992173
INSP_004595,String_J,String_J_096,2024-04-12,77886.95010983224,0.100296496210632,1.756469019820343,CT80,MFL,0.0,120.0,60.0,1.5,2.936022521167375,0.9856917501490974
INSP_004596,String_J,String_J_097,2024-04-12,77886.95010983224,0.09889884490845208,1.756469019820343,CT80,MFL,0.0,120.0,60.0,1.5,0.6047461344866699,0.9987935331799984
INSP_004597,String_J,String_J_098,2024-04-15,77886.95010983224,0.09957178509803243,1.756469019820343,CT80,MFL,0.0,120.0,60.0,1.5,3.856047788339391,0.9063314650253176
INSP_004598,String_J,String_J_099,2024-04-20,77886.95010983224,0.10014986846345067,1.756469019820343,CT80,UT,0.0,120.0,60.0,1.5,1.5874327096434337,0.8572156420236476
INSP_004599,String_J,String_J_100,2024-04-03,77886.95010983224,0.09961157740776075,1.756469019820343,CT80,UT,0.8803056913751399,120.0,60.0,1.5,3.7785420456670082,0.8675423857493701
INSP_004600,String_J,String_J_101,2024-04-29,77886.95010983224,0.09805583431934765,1.756469019820343,CT80,EMAT,0.0,120.0,60.0,1.5,3.4351309017089893,0.9347800083249176
INSP_004601,String_J,String_J_102,2024-05-18,77886.95010983224,0.09882097040728079,1.756469019820343,CT80,UT,0.0,120.0,60.0,1.5,1.2967578921478113,0.9185684632191112
INSP_004602,String_J,String_J_103,2024-05-25,77886.95010983224,0.10077385439876678,1.756469019820343,CT80,MFL,0.8671203566992169,120.0,60.0,1.5,5.232170643267639,0.8482838771801967
INSP_004603,String_J,String_J_104,2024-03-23,77886.95010983224,0.10100892604942617,1.756469019820343,CT80,UT,0.0,120.0,60.0,1.5,2.0164649056545954,0.7480287897107548
INSP_004604,String_J,String_J_105,2024-06-20,77886.95010983224,0.09812492395097833,1.756469019820343,CT80,MFL,0.6195521925148442,120.0,60.0,1.5,1.2937765328535975,0.9371538526473024
INSP_004605,String_J,String_J_106,2024-06-05,77886.95010983224,0.10137123431275324,1.756469019820343,CT80,EMAT,0.0,120.0,60.0,1.5,2.5966266666987603,0.8737968448416982
INSP_004606,String_J,String_J_107,2024-06-06,77886.95010983224,0.09888771610255821,1.756469019820343,CT80,MFL,0.0,120.0,60.0,1.5,2.4973292327355203,0.9903471527623384
INSP_004607,String_J,String_J_108,2024-01-20,77886.95010983224,0.10021593757290723,1.756469019820343,CT80,UT,0.0,120.0,60.0,1.5,1.39967564491,0.9655978654065949
INSP_004608,String_J,String_J_109,2024-01-16,77886.95010983224,0.10057244173590923,1.756469019820343,CT80,UT,0.0,120.0,60.0,1.5,2.1156452278644724,0.9155004753199967
INSP_004609,String_J,String_J_110,2024-03-05,77886.95010983224,0.10081189075211067,1.756469019820343,CT80,EMAT,0.0,120.0,60.0,1.5,2.5246899778471033,0.7084614036654738
INSP_004610,String_J,String_J_111,2024-03-04,77886.95010983224,0.10134480040795849,1.756469019820343,CT80,MFL,0.0,120.0,60.0,1.5,2.9821247452882993,0.9515315521109156
INSP_004611,String_J,String_J_112,2024-04-10,77886.95010983224,0.09882437768826031,1.756469019820343,CT80,MFL,0.0,120.0,60.0,1.5,4.409140619730922,0.9917012311354598
INSP_004612,String_J,String_J_113,2024-05-14,77886.95010983224,0.10099732982344166,1.756469019820343,CT80,MFL,0.0,120.0,60.0,1.5,2.5377276278266074,0.9657342139176208
INSP_004613,String_J,String_J_114,2024-05-17,77886.95010983224,0.09810256809693048,1.756469019820343,CT80,UT,0.0,120.0,60.0,1.5,3.6254595166393253,0.8128411659646555
INSP_004614,String_J,String_J_115,2024-03-30,77886.95010983224,0.10038611044363852,1.756469019820343,CT80,MFL,0.0,120.0,60.0,1.5,2.856282167237536,0.7172904792609133
INSP_004615,String_J,String_J_116,2024-05-03,77886.95010983224,0.10053322165139228,1.756469019820343,CT80,MFL,1.8021422380928542,120.0,60.0,1.5,2.5139458242480712,0.9837384684395705
INSP_004616,String_J,String_J_117,2024-02-09,77886.95010983224,0.10027731021747634,1.756469019820343,CT80,EMAT,0.0,120.0,60.0,1.5,1.1840921525912471,0.9270905071928508
INSP_004617,String_J,String_J_118,2024-01-03,77886.95010983224,0.0985830021093522,1.756469019820343,CT80,MFL,0.0,120.0,60.0,1.5,0.5285453421215942,0.8069857331445051
INSP_004618,String_J,String_J_119,2024-03-16,77886.95010983224,0.10105522625854617,1.756469019820343,CT80,UT,0.159598574175306,120.0,60.0,1.5,0.3771987568623583,0.8642491407930378
INSP_004619,String_J,String_J_120,2024-01-08,77886.95010983224,0.09825061420940376,1.756469019820343,CT80,EMAT,0.34388612935088075,120.0,60.0,1.5,1.5416059706949339,0.7729561122735512
INSP_004620,String_J,String_J_121,2024-02-24,77886.95010983224,0.09779170377593185,1.756469019820343,CT80,MFL,1.1911152380922136,120.0,60.0,1.5,1.2509594889156128,0.9636264216521084
INSP_004621,String_J,String_J_122,2024-02-24,77886.95010983224,0.1004355928269106,1.756469019820343,CT80,UT,1.7285270330682452,120.0,60.0,1.5,1.8707488562069785,0.7512396128346575
INSP_004622,String_J,String_J_123,2024-05-09,77886.95010983224,0.09947180299555719,1.756469019820343,CT80,MFL,1.2816203232584802,120.0,60.0,1.5,1.901808301557139,0.7638895670345236
INSP_004623,String_J,String_J_124,2024-04-01,77886.95010983224,0.10095985810666677,1.756469019820343,CT80,MFL,0.0,120.0,60.0,1.5,1.7686049159655235,0.9880500765003779
INSP_004624,String_J,String_J_125,2024-01-13,77886.95010983224,0.09910507437365515,1.756469019820343,CT80,MFL,0.0,120.0,60.0,1.5,1.0918995091023322,0.9929069506823796
INSP_004625,String_J,String_J_126,2024-04-28,77886.95010983224,0.09824830469591299,1.756469019820343,CT80,UT,0.0,120.0,60.0,1.5,3.822743965707091,0.7080730492797205
INSP_004626,String_J,String_J_127,2024-01-01,77886.95010983224,0.10090945274129691,1.756469019820343,CT80,MFL,0.0,120.0,60.0,1.5,2.712288229475875,0.7267603796540796
INSP_004627,String_J,String_J_128,2024-01-22,77886.95010983224,0.0997642740639504,1.756469019820343,CT80,UT,0.0,120.0,60.0,1.5,2.3876753083037303,0.7848237343036053
INSP_004628,String_J,String_J_129,2024-06-08,77886.95010983224,0.09833161329862213,1.756469019820343,CT80,EMAT,0.0,120.0,60.0,1.5,2.6068076007122993,0.8451818890302718
INSP_004629,String_J,String_J_130,2024-03-01,77886.95010983224,0.10044721859089989,1.756469019820343,CT80,EMAT,0.0,120.0,60.0,1.5,2.985631013705769,0.8837946811160884
INSP_004630,String_J,String_J_131,2024-01-27,77886.95010983224,0.09961374097190596,1.756469019820343,CT80,MFL,0.2523589635376771,120.0,60.0,1.5,1.087794471397681,0.8478076876174134
INSP_004631,String_J,String_J_132,2024-04-20,77886.95010983224,0.09998493337146623,1.756469019820343,CT80,UT,0.0,120.0,60.0,1.5,2.2390013876261157,0.8755101672278486
INSP_004632,String_J,String_J_133,2024-04-02,77886.95010983224,0.09941374452282697,1.756469019820343,CT80,EMAT,0.3491651589673919,120.0,60.0,1.5,5.18015937552575,0.8068136253757361
INSP_004633,String_J,String_J_134,2024-05-27,77886.95010983224,0.10087865307940808,1.756469019820343,CT80,UT,7.422145124685202,120.0,60.0,1.5,4.5403772146354004,0.9990885688056497
INSP_004634,String_J,String_J_135,2024-03-16,77886.95010983224,0.10088205330484759,1.756469019820343,CT80,MFL,0.0,120.0,60.0,1.5,2.3942178544780632,0.7623390916055176
INSP_004635,String_J,String_J_136,2024-06-26,77886.95010983224,0.10040342723055715,1.756469019820343,CT80,MFL,0.0,120.0,60.0,1.5,2.2920878225839547,0.9564345865424351
INSP_004636,String_J,String_J_137,2024-05-20,77886.95010983224,0.09799787865286654,1.756469019820343,CT80,MFL,0.3076054422015149,120.0,60.0,1.5,4.08139487278192,0.8895579909189539
INSP_004637,String_J,String_J_138,2024-06-02,77886.95010983224,0.10091905788794495,1.756469019820343,CT80,UT,0.0,120.0,60.0,1.5,4.379200059309341,0.8157572505829057
INSP_004638,String_J,String_J_139,2024-01-11,77886.95010983224,0.10025058473144886,1.756469019820343,CT80,UT,0.0,120.0,60.0,1.5,3.764110017955231,0.9671791294284495
INSP_004639,String_J,String_J_140,2024-06-06,77886.95010983224,0.10035418153762753,1.756469019820343,CT80,UT,0.0,120.0,60.0,1.5,2.510942915904172,0.9251735623245467
INSP_004640,String_J,String_J_141,2024-01-15,77886.95010983224,0.09902376872341896,1.756469019820343,CT80,MFL,1.6494942685178078,120.0,60.0,1.5,2.6873996187888487,0.8649469684940334
INSP_004641,String_J,String_J_142,2024-06-21,77886.95010983224,0.10108006449861119,1.756469019820343,CT80,UT,0.0,120.0,60.0,1.5,2.8409986885841274,0.7753523216898399
INSP_004642,String_J,String_J_143,2024-04-29,77886.95010983224,0.10046708310656509,1.756469019820343,CT80,UT,0.0,120.0,60.0,1.5,0.72970250215065,0.9940392188811759
INSP_004643,String_J,String_J_144,2024-01-06,77886.95010983224,0.09802651120690004,1.756469019820343,CT80,MFL,0.0,120.0,60.0,1.5,2.1024876409728477,0.8822419033455433
INSP_004644,String_J,String_J_145,2024-01-26,77886.95010983224,0.09920217808641764,1.756469019820343,CT80,MFL,0.0,120.0,60.0,1.5,4.069553239425982,0.9608019157063403
INSP_004645,String_J,String_J_146,2024-03-28,77886.95010983224,0.10110834543964362,1.756469019820343,CT80,EMAT,0.0,120.0,60.0,1.5,1.9783619408461697,0.8111673500603249
INSP_004646,String_J,String_J_147,2024-06-22,77886.95010983224,0.09776606228626063,1.756469019820343,CT80,MFL,0.0,120.0,60.0,1.5,4.190272601001719,0.8428838072773782
INSP_004647,String_J,String_J_148,2024-03-18,77886.95010983224,0.10140719827939579,1.756469019820343,CT80,MFL,0.8076027990799989,120.0,60.0,1.5,3.1649221416985838,0.8639107948607666
INSP_004648,String_J,String_J_149,2024-03-14,77886.95010983224,0.10028304273945848,1.756469019820343,CT80,MFL,0.0,120.0,60.0,1.5,0.7296641887006182,0.8527537007486383
INSP_004649,String_J,String_J_150,2024-04-15,77886.95010983224,0.10009271930427074,1.756469019820343,CT80,UT,0.0,120.0,60.0,1.5,1.8409580549094853,0.9666327816499221
INSP_004650,String_J,String_J_151,2024-01-15,77886.95010983224,0.09865566600392535,1.756469019820343,CT80,EMAT,0.0,120.0,60.0,1.5,1.71819895805587,0.7415141193380796
INSP_004651,String_J,String_J_152,2024-03-30,77886.95010983224,0.09856897098805018,1.756469019820343,CT80,UT,0.0,120.0,60.0,1.5,2.8587325972929083,0.7295838735409071
INSP_004652,String_J,String_J_153,2024-03-28,77886.95010983224,0.10133009804761924,1.756469019820343,CT80,UT,0.0,120.0,60.0,1.5,2.8603590272500616,0.9884779794240365
INSP_004653,String_J,String_J_154,2024-02-18,77886.95010983224,0.09876604154904053,1.756469019820343,CT80,EMAT,0.0,120.0,60.0,1.5,1.8821968067521013,0.8623898246549428
INSP_004654,String_J,String_J_155,2024-05-12,77886.95010983224,0.10066675454573883,1.756469019820343,CT80,UT,0.7880962078653984,120.0,60.0,1.5,2.5844461956284657,0.9241445103445245
INSP_004655,String_J,String_J_156,2024-01-10,77886.95010983224,0.09914380553502065,1.756469019820343,CT80,MFL,0.0,120.0,60.0,1.5,1.5611187864861151,0.7749393412128481
INSP_004656,String_J,String_J_157,2024-01-30,77886.95010983224,0.09813270645298448,1.756469019820343,CT80,UT,0.0,120.0,60.0,1.5,3.4438327941622244,0.779821700116284
INSP_004657,String_J,String_J_158,2024-01-14,77886.95010983224,0.09762076491241814,1.756469019820343,CT80,UT,0.8816588068024673,120.0,60.0,1.5,2.0541030865448757,0.982775753144697
INSP_004658,String_J,String_J_159,2024-05-16,77886.95010983224,0.09974574500209495,1.756469019820343,CT80,MFL,0.0,120.0,60.0,1.5,3.496300925688557,0.8579913136088443
INSP_004659,String_J,String_J_160,2024-05-05,77886.95010983224,0.10146439974520718,1.756469019820343,CT80,MFL,0.07208456761257322,120.0,60.0,1.5,3.4152482365059393,0.8750027198362058
INSP_004660,String_J,String_J_161,2024-01-01,77886.95010983224,0.09904827617083163,1.756469019820343,CT80,UT,3.18726032366138,120.0,60.0,1.5,2.362404270741734,0.8710886930326776
INSP_004661,String_J,String_J_162,2024-05-22,77886.95010983224,0.09900070641543693,1.756469019820343,CT80,EMAT,0.0,120.0,60.0,1.5,2.8482817441533346,0.9982460338106942
INSP_004662,String_J,String_J_163,2024-03-01,77886.95010983224,0.0989485291568255,1.756469019820343,CT80,EMAT,0.0,120.0,60.0,1.5,3.0533620622147115,0.9728849454321431
INSP_004663,String_J,String_J_164,2024-02-05,77886.95010983224,0.09965129937077154,1.756469019820343,CT80,EMAT,0.0,120.0,60.0,1.5,2.158521952832692,0.8455940288645738
INSP_004664,String_J,String_J_165,2024-03-01,77886.95010983224,0.0993331591417527,1.756469019820343,CT80,UT,0.6019425211119267,120.0,60.0,1.5,2.1576031155427455,0.7804735748275149
INSP_004665,String_J,String_J_166,2024-04-08,77886.95010983224,0.10108259384441216,1.756469019820343,CT80,EMAT,0.0,120.0,60.0,1.5,2.8322369047034655,0.7287360800182388
INSP_004666,String_J,String_J_167,2024-03-23,77886.95010983224,0.09959146589862863,1.756469019820343,CT80,MFL,0.0,120.0,60.0,1.5,4.5713118417217755,0.7222396182751936
INSP_004667,String_J,String_J_168,2024-01-13,77886.95010983224,0.09960037556056275,1.756469019820343,CT80,UT,0.0,120.0,60.0,1.5,2.160722883724996,0.7329905934735857
INSP_004668,String_J,String_J_169,2024-02-19,77886.95010983224,0.0981291917457492,1.756469019820343,CT80,MFL,0.0,120.0,60.0,1.5,1.9321924547140257,0.8850170132089408
INSP_004669,String_J,String_J_170,2024-01-24,77886.95010983224,0.10149212276483412,1.756469019820343,CT80,MFL,0.0,120.0,60.0,1.5,3.9128188441397906,0.7275651285882173
INSP_004670,String_J,String_J_171,2024-01-30,77886.95010983224,0.0985736750569415,1.756469019820343,CT80,UT,0.03506106881827769,120.0,60.0,1.5,3.346415501916395,0.8266389772574328
INSP_004671,String_J,String_J_172,2024-03-24,77886.95010983224,0.09787028112403935,1.756469019820343,CT80,UT,1.0476345828519036,120.0,60.0,1.5,4.32224756184388,0.9399270827787168
INSP_004672,String_J,String_J_173,2024-04-19,77886.95010983224,0.10021925327731968,1.756469019820343,CT80,UT,0.0,120.0,60.0,1.5,1.568485112287795,0.916608423796254
INSP_004673,String_J,String_J_174,2024-05-07,77886.95010983224,0.09994930099173546,1.756469019820343,CT80,EMAT,0.25741985402548934,120.0,60.0,1.5,1.5104379571535058,0.9142100986865355
INSP_004674,String_J,String_J_175,2024-05-25,77886.95010983224,0.09923152168781363,1.756469019820343,CT80,EMAT,0.0,120.0,60.0,1.5,3.5925991131218824,0.8908673236635657
INSP_004675,String_J,String_J_176,2024-04-21,77886.95010983224,0.09925958665900363,1.756469019820343,CT80,MFL,0.4112388753124641,120.0,60.0,1.5,3.213306280695853,0.8878573282976903
INSP_004676,String_J,String_J_177,2024-01-10,77886.95010983224,0.10070482443505137,1.756469019820343,CT80,MFL,1.4476491249479706,120.0,60.0,1.5,1.134722194267614,0.8139861378547685
INSP_004677,String_J,String_J_178,2024-05-25,77886.95010983224,0.098357568463556,1.756469019820343,CT80,UT,0.0,120.0,60.0,1.5,3.0615529190786037,0.7206610394937908
INSP_004678,String_J,String_J_179,2024-02-17,77886.95010983224,0.10084497603397179,1.756469019820343,CT80,MFL,0.0,120.0,60.0,1.5,1.9240276627278232,0.999588655229136
INSP_004679,String_J,String_J_180,2024-05-29,77886.95010983224,0.10016190470288874,1.756469019820343,CT80,MFL,1.9688021949763934,120.0,60.0,1.5,2.5188488059528833,0.8611757269825782
INSP_004680,String_J,String_J_181,2024-04-16,77886.95010983224,0.09924675231222291,1.756469019820343,CT80,EMAT,0.0,120.0,60.0,1.5,0.6285158562299749,0.8480551441457729
INSP_004681,String_J,String_J_182,2024-02-28,77886.95010983224,0.09940231505549023,1.756469019820343,CT80,EMAT,0.0,120.0,60.0,1.5,1.8768553389899545,0.8131098794949229
INSP_004682,String_J,String_J_183,2024-04-30,77886.95010983224,0.09860025738455805,1.756469019820343,CT80,MFL,0.0,120.0,60.0,1.5,2.208532678036885,0.9749949866492849
INSP_004683,String_J,String_J_184,2024-02-17,77886.95010983224,0.100573593502818,1.756469019820343,CT80,MFL,0.0,120.0,60.0,1.5,2.111688505464467,0.8076890691190425
INSP_004684,String_J,String_J_185,2024-06-23,77886.95010983224,0.0996207550593978,1.756469019820343,CT80,MFL,0.0,120.0,60.0,1.5,2.6051527313100618,0.9663165055843075
INSP_004685,String_J,String_J_186,2024-02-19,77886.95010983224,0.0988559810194905,1.756469019820343,CT80,MFL,0.6432284462086063,120.0,60.0,1.5,1.5597428602657433,0.8731563245237177
INSP_004686,String_J,String_J_187,2024-04-06,77886.95010983224,0.09995202419944542,1.756469019820343,CT80,MFL,0.0,120.0,60.0,1.5,3.6117817479092666,0.9208796406286923
INSP_004687,String_J,String_J_188,2024-06-08,77886.95010983224,0.10154387862549095,1.756469019820343,CT80,MFL,1.9227225600433662,120.0,60.0,1.5,0.9939141528636519,0.7129531602598004
INSP_004688,String_J,String_J_189,2024-03-03,77886.95010983224,0.09931164176431512,1.756469019820343,CT80,MFL,0.20772507373889096,120.0,60.0,1.5,1.7583373513325977,0.9213630355580802
INSP_004689,String_J,String_J_190,2024-05-30,77886.95010983224,0.10124499872836729,1.756469019820343,CT80,MFL,0.0,120.0,60.0,1.5,3.4721256352326844,0.7781303807050279
INSP_004690,String_J,String_J_191,2024-05-11,77886.95010983224,0.09895221411198045,1.756469019820343,CT80,UT,0.10982218001960502,120.0,60.0,1.5,3.5933823063547425,0.9722373822654503
INSP_004691,String_J,String_J_192,2024-01-24,77886.95010983224,0.09779607653047047,1.756469019820343,CT80,MFL,0.0,120.0,60.0,1.5,2.9998329067549805,0.994470089624919
INSP_004692,String_J,String_J_193,2024-05-31,77886.95010983224,0.09839153944364941,1.756469019820343,CT80,UT,0.0,120.0,60.0,1.5,2.0143160595033005,0.936858599535642
INSP_004693,String_J,String_J_194,2024-04-03,77886.95010983224,0.09924565851979575,1.756469019820343,CT80,EMAT,0.0,120.0,60.0,1.5,2.2934860470983867,0.801599647152983
INSP_004694,String_J,String_J_195,2024-03-27,77886.95010983224,0.09845284565448928,1.756469019820343,CT80,EMAT,0.0,120.0,60.0,1.5,3.960323778938454,0.9799339403375847
INSP_004695,String_J,String_J_196,2024-03-23,77886.95010983224,0.09757899249164953,1.756469019820343,CT80,MFL,0.0,120.0,60.0,1.5,2.3883363514138116,0.9282585383399954
INSP_004696,String_J,String_J_197,2024-05-22,77886.95010983224,0.10122233726073583,1.756469019820343,CT80,UT,0.0,120.0,60.0,1.5,1.3026850803475452,0.8753901688724803
INSP_004697,String_J,String_J_198,2024-01-11,77886.95010983224,0.10093907354083122,1.756469019820343,CT80,MFL,0.0,120.0,60.0,1.5,3.8146541455265557,0.960096619461291
INSP_004698,String_J,String_J_199,2024-06-17,77886.95010983224,0.10053447424328092,1.756469019820343,CT80,MFL,0.09853592065207607,120.0,60.0,1.5,6.9579243666324135,0.8839408602874459
INSP_004699,String_J,String_J_200,2024-03-03,77886.95010983224,0.09824645671483527,1.756469019820343,CT80,MFL,0.8482068767564024,120.0,60.0,1.5,1.490527013928375,0.7070816158747215
INSP_004700,String_J,String_J_201,2024-02-05,77886.95010983224,0.09805746978577343,1.756469019820343,CT80,EMAT,0.8222962155051491,120.0,60.0,1.5,1.5811035050254412,0.7923865145050014
INSP_004701,String_J,String_J_202,2024-01-05,77886.95010983224,0.09784734303265942,1.756469019820343,CT80,UT,0.0,120.0,60.0,1.5,1.8519178270086891,0.716467452674987
INSP_004702,String_J,String_J_203,2024-05-15,77886.95010983224,0.10046173657823453,1.756469019820343,CT80,MFL,0.0,120.0,60.0,1.5,3.839848744807801,0.707503304844352
INSP_004703,String_J,String_J_204,2024-03-25,77886.95010983224,0.10127732519363672,1.756469019820343,CT80,UT,0.0,120.0,60.0,1.5,1.8640080920695574,0.8860738964768115
INSP_004704,String_J,String_J_205,2024-04-24,77886.95010983224,0.09929281732315683,1.756469019820343,CT80,UT,0.0,120.0,60.0,1.5,2.398266132746597,0.7924746313169224
INSP_004705,String_J,String_J_206,2024-01-17,77886.95010983224,0.09805259922841394,1.756469019820343,CT80,UT,1.6327832225897532,120.0,60.0,1.5,1.0777042326731094,0.7440167871479707
INSP_004706,String_J,String_J_207,2024-03-07,77886.95010983224,0.09961883567222249,1.756469019820343,CT80,UT,0.44267403081713613,120.0,60.0,1.5,2.261642263700268,0.9330940761032201
INSP_004707,String_J,String_J_208,2024-04-01,77886.95010983224,0.0989674086832667,1.756469019820343,CT80,MFL,0.0,120.0,60.0,1.5,1.8287621730272379,0.9968158683092698
INSP_004708,String_J,String_J_209,2024-04-23,77886.95010983224,0.09907093312800436,1.756469019820343,CT80,MFL,0.0,120.0,60.0,1.5,1.9053838972405488,0.7906639105694775
INSP_004709,String_J,String_J_210,2024-06-04,77886.95010983224,0.10005271088022552,1.756469019820343,CT80,EMAT,0.0,120.0,60.0,1.5,4.051797552650853,0.7300385416936906
INSP_004710,String_J,String_J_211,2024-04-15,77886.95010983224,0.10044058373762718,1.756469019820343,CT80,MFL,0.0,120.0,60.0,1.5,2.0386519229998803,0.7081737676263138
INSP_004711,String_J,String_J_212,2024-06-13,77886.95010983224,0.0980185979519009,1.756469019820343,CT80,UT,0.0,120.0,60.0,1.5,2.505775772734771,0.7650971686801222
INSP_004712,String_J,String_J_213,2024-03-08,77886.95010983224,0.09771983627643013,1.756469019820343,CT80,UT,1.5465439594747545,120.0,60.0,1.5,3.162187139566536,0.723131934410192
INSP_004713,String_J,String_J_214,2024-04-22,77886.95010983224,0.10153828620872722,1.756469019820343,CT80,MFL,0.0,120.0,60.0,1.5,2.3196872129246895,0.8762141149489693
INSP_004714,String_J,String_J_215,2024-01-03,77886.95010983224,0.09850499385545076,1.756469019820343,CT80,MFL,0.0,120.0,60.0,1.5,0.7758841482413252,0.804782486467174
INSP_004715,String_J,String_J_216,2024-01-07,77886.95010983224,0.09779248333877966,1.756469019820343,CT80,UT,0.4543693113248181,120.0,60.0,1.5,3.5011945499983192,0.9735008236423933
INSP_004716,String_J,String_J_217,2024-03-30,77886.95010983224,0.09833431974321902,1.756469019820343,CT80,EMAT,0.0,120.0,60.0,1.5,1.8391430806836426,0.9968567125391407
INSP_004717,String_J,String_J_218,2024-04-23,77886.95010983224,0.09773324874526863,1.756469019820343,CT80,MFL,0.0,120.0,60.0,1.5,6.511735918282063,0.9314046908069683
INSP_004718,String_J,String_J_219,2024-03-26,77886.95010983224,0.09913858449558469,1.756469019820343,CT80,MFL,1.5688940015656692,120.0,60.0,1.5,4.0117171359489,0.9806440777213065
INSP_004719,String_J,String_J_220,2024-06-11,77886.95010983224,0.10077387731527032,1.756469019820343,CT80,EMAT,0.0,120.0,60.0,1.5,4.20010823565458,0.9669255540138362
INSP_004720,String_J,String_J_221,2024-01-06,77886.95010983224,0.09893718951522092,1.756469019820343,CT80,UT,0.0,120.0,60.0,1.5,2.075164011197621,0.84620990887635
INSP_004721,String_J,String_J_222,2024-01-22,77886.95010983224,0.09934717264347132,1.756469019820343,CT80,UT,0.0,120.0,60.0,1.5,2.0947338669295736,0.7278769269625277
INSP_004722,String_J,String_J_223,2024-04-15,77886.95010983224,0.10026880113881025,1.756469019820343,CT80,MFL,0.0,120.0,60.0,1.5,2.2507130320723436,0.8053341008602628
INSP_004723,String_J,String_J_224,2024-05-08,77886.95010983224,0.09960490092116624,1.756469019820343,CT80,MFL,0.0,120.0,60.0,1.5,1.476720375133068,0.9432443816179783
INSP_004724,String_J,String_J_225,2024-02-05,77886.95010983224,0.10100903613314532,1.756469019820343,CT80,UT,0.0,120.0,60.0,1.5,0.8170040389540779,0.7136824890076514
INSP_004725,String_J,String_J_226,2024-03-27,77886.95010983224,0.10102731704555701,1.756469019820343,CT80,UT,0.4541898650729518,120.0,60.0,1.5,2.947226079486022,0.7100002376317318
INSP_004726,String_J,String_J_227,2024-04-06,77886.95010983224,0.09761756035956559,1.756469019820343,CT80,MFL,0.0,120.0,60.0,1.5,1.6550000821287871,0.8063260978227322
INSP_004727,String_J,String_J_228,2024-03-18,77886.95010983224,0.10067687482635156,1.756469019820343,CT80,MFL,0.37803590777240986,120.0,60.0,1.5,3.483799363290465,0.7185525217925102
INSP_004728,String_J,String_J_229,2024-02-25,77886.95010983224,0.09941308840790135,1.756469019820343,CT80,MFL,0.24296608734947436,120.0,60.0,1.5,2.055063377217548,0.7702409128298947
INSP_004729,String_J,String_J_230,2024-02-06,77886.95010983224,0.1015164217017639,1.756469019820343,CT80,EMAT,0.0,120.0,60.0,1.5,2.575232750040535,0.9936789467444876
INSP_004730,String_J,String_J_231,2024-05-02,77886.95010983224,0.09950269486671154,1.756469019820343,CT80,EMAT,0.08786789466180428,120.0,60.0,1.5,1.8647190815033767,0.7054928051237153
INSP_004731,String_J,String_J_232,2024-06-01,77886.95010983224,0.10150867680577054,1.756469019820343,CT80,MFL,0.0,120.0,60.0,1.5,1.7297702813964577,0.8580454008792353
INSP_004732,String_J,String_J_233,2024-04-01,77886.95010983224,0.10058337133908253,1.756469019820343,CT80,UT,0.0,120.0,60.0,1.5,0.9239504211058573,0.9609862469336814
INSP_004733,String_J,String_J_234,2024-06-11,77886.95010983224,0.09856822659020167,1.756469019820343,CT80,UT,0.0,120.0,60.0,1.5,4.534646505793452,0.8946674899250153
INSP_004734,String_J,String_J_235,2024-01-22,77886.95010983224,0.09972239652618653,1.756469019820343,CT80,EMAT,0.0,120.0,60.0,1.5,4.797372272054692,0.7880808351357323
INSP_004735,String_J,String_J_236,2024-03-03,77886.95010983224,0.10152954534994758,1.756469019820343,CT80,UT,0.0,120.0,60.0,1.5,3.107971159389198,0.956050777067264
INSP_004736,String_J,String_J_237,2024-03-13,77886.95010983224,0.10099344324119139,1.756469019820343,CT80,UT,0.0,120.0,60.0,1.5,1.3089586325980376,0.9683811076278557
INSP_004737,String_J,String_J_238,2024-06-02,77886.95010983224,0.09796587907938638,1.756469019820343,CT80,MFL,0.2588629112276746,120.0,60.0,1.5,2.995607694906094,0.802807264444134
INSP_004738,String_J,String_J_239,2024-05-18,77886.95010983224,0.10039141188290471,1.756469019820343,CT80,UT,1.4710285955420495,120.0,60.0,1.5,1.239188610884371,0.9945030778199834
INSP_004739,String_J,String_J_240,2024-03-23,77886.95010983224,0.09895445540478064,1.756469019820343,CT80,MFL,1.2483760408023146,120.0,60.0,1.5,2.9261414735206333,0.7770229322789584
INSP_004740,String_J,String_J_241,2024-06-08,77886.95010983224,0.09760589705534906,1.756469019820343,CT80,MFL,0.0,120.0,60.0,1.5,4.707842241886795,0.9008606742396202
INSP_004741,String_J,String_J_242,2024-01-07,77886.95010983224,0.09918506382418181,1.756469019820343,CT80,MFL,0.0,120.0,60.0,1.5,4.066889957541206,0.8411802499242189
INSP_004742,String_J,String_J_243,2024-04-24,77886.95010983224,0.0985130632559159,1.756469019820343,CT80,MFL,1.1336058525295138,120.0,60.0,1.5,3.180359462211533,0.7478247219458728
INSP_004743,String_J,String_J_244,2024-01-02,77886.95010983224,0.10083946367481676,1.756469019820343,CT80,UT,0.0,120.0,60.0,1.5,1.3405199765513691,0.8887013290578438
INSP_004744,String_J,String_J_245,2024-06-21,77886.95010983224,0.09892160155138835,1.756469019820343,CT80,UT,0.4777263873246842,120.0,60.0,1.5,0.0,0.8965390011241969
INSP_004745,String_J,String_J_246,2024-01-30,77886.95010983224,0.10087393233169512,1.756469019820343,CT80,EMAT,0.0,120.0,60.0,1.5,0.0,0.7150691518244477
INSP_004746,String_J,String_J_247,2024-02-08,77886.95010983224,0.09758046970687778,1.756469019820343,CT80,UT,0.12265480550764614,120.0,60.0,1.5,0.0,0.992096631965629
INSP_004747,String_J,String_J_248,2024-02-08,77886.95010983224,0.09880406392963131,1.756469019820343,CT80,MFL,0.05232357739607695,120.0,60.0,1.5,0.0,0.7736662669273214
INSP_004748,String_J,String_J_249,2024-03-27,77886.95010983224,0.0985385960267072,1.756469019820343,CT80,MFL,0.0,120.0,60.0,1.5,0.0,0.7781941476795929
INSP_004749,String_J,String_J_250,2024-06-25,77886.95010983224,0.09850833545552885,1.756469019820343,CT80,UT,0.0,120.0,60.0,1.5,0.0,0.9407337590127022
INSP_004750,String_J,String_J_251,2024-01-25,77886.95010983224,0.0978496604935087,1.756469019820343,CT80,MFL,0.0,120.0,60.0,1.5,0.0,0.9628303669853375
INSP_004751,String_J,String_J_252,2024-05-08,77886.95010983224,0.09832336288415033,1.756469019820343,CT80,UT,0.0,120.0,60.0,1.5,0.0,0.8782632612644091
INSP_004752,String_J,String_J_253,2024-05-27,77886.95010983224,0.099790719471301,1.756469019820343,CT80,UT,0.0,120.0,60.0,1.5,0.0,0.997845130049904
INSP_004753,String_J,String_J_254,2024-04-24,77886.95010983224,0.0987385150435787,1.756469019820343,CT80,MFL,0.0,120.0,60.0,1.5,0.0,0.9388066307460408
INSP_004754,String_J,String_J_255,2024-03-24,77886.95010983224,0.09924047946917247,1.756469019820343,CT80,UT,0.0,120.0,60.0,1.5,0.0,0.820127200363996
INSP_004755,String_J,String_J_256,2024-06-22,77886.95010983224,0.09907906578769797,1.756469019820343,CT80,MFL,0.0,120.0,60.0,1.5,0.0,0.7719535422674929
INSP_004756,String_J,String_J_257,2024-02-19,77886.95010983224,0.10106662408812729,1.756469019820343,CT80,MFL,0.0,120.0,60.0,1.5,0.0,0.7799691297096458
INSP_004757,String_J,String_J_258,2024-06-03,77886.95010983224,0.10118369419211888,1.756469019820343,CT80,EMAT,0.678295954475484,120.0,60.0,1.5,0.0,0.7105057643948394
INSP_004758,String_J,String_J_259,2024-05-19,77886.95010983224,0.09954142697849401,1.756469019820343,CT80,UT,0.0,120.0,60.0,1.5,0.0,0.8582536315020809
INSP_004759,String_J,String_J_260,2024-05-25,77886.95010983224,0.09889302647125736,1.756469019820343,CT80,MFL,0.0,120.0,60.0,1.5,0.0,0.7579316587757096
INSP_004760,String_J,String_J_261,2024-01-20,77886.95010983224,0.09800345186164365,1.756469019820343,CT80,MFL,0.0,120.0,60.0,1.5,0.0,0.8475639564467599
INSP_004761,String_J,String_J_262,2024-06-08,77886.95010983224,0.10137528132207795,1.756469019820343,CT80,EMAT,0.0,120.0,60.0,1.5,0.0,0.7459757801640561
INSP_004762,String_J,String_J_263,2024-04-15,77886.95010983224,0.09781795886671592,1.756469019820343,CT80,MFL,0.5910441246217101,120.0,60.0,1.5,0.0,0.7169812728439734
INSP_004763,String_J,String_J_264,2024-06-27,77886.95010983224,0.09876356355681173,1.756469019820343,CT80,UT,1.215105015668811,120.0,60.0,1.5,0.0,0.9710120842019015
INSP_004764,String_J,String_J_265,2024-01-31,77886.95010983224,0.09876522008864495,1.756469019820343,CT80,UT,1.164171075443636,120.0,60.0,1.5,0.0,0.9372391815899165
INSP_004765,String_J,String_J_266,2024-03-13,77886.95010983224,0.09885417579853321,1.756469019820343,CT80,MFL,0.0,120.0,60.0,1.5,0.0,0.8588732928281616
INSP_004766,String_J,String_J_267,2024-05-25,77886.95010983224,0.09823240645636865,1.756469019820343,CT80,MFL,0.4647210512677235,120.0,60.0,1.5,0.0,0.9365687290835139
INSP_004767,String_J,String_J_268,2024-03-22,77886.95010983224,0.1006972472371294,1.756469019820343,CT80,MFL,0.37291407565193485,120.0,60.0,1.5,0.0,0.7365771728326863
INSP_004768,String_J,String_J_269,2024-06-26,77886.95010983224,0.09806597017450187,1.756469019820343,CT80,MFL,0.0,120.0,60.0,1.5,0.0,0.751830154048507
INSP_004769,String_J,String_J_270,2024-01-24,77886.95010983224,0.1001067812288397,1.756469019820343,CT80,MFL,0.0,120.0,60.0,1.5,0.0,0.7475797890782424
INSP_004770,String_J,String_J_271,2024-03-29,77886.95010983224,0.09807133961686745,1.756469019820343,CT80,UT,2.1897544647341434,120.0,60.0,1.5,0.0,0.8371481876255374
INSP_004771,String_J,String_J_272,2024-05-18,77886.95010983224,0.09785901611264619,1.756469019820343,CT80,MFL,0.0,120.0,60.0,1.5,0.0,0.7074876147044192
INSP_004772,String_J,String_J_273,2024-03-24,77886.95010983224,0.10120014507986269,1.756469019820343,CT80,UT,0.0,120.0,60.0,1.5,0.0,0.8602133325473916
INSP_004773,String_J,String_J_274,2024-03-12,77886.95010983224,0.09833532912769617,1.756469019820343,CT80,MFL,0.0,120.0,60.0,1.5,0.0,0.97538873089248
INSP_004774,String_J,String_J_275,2024-03-31,77886.95010983224,0.10084894621003675,1.756469019820343,CT80,UT,0.0,120.0,60.0,1.5,0.0,0.794942198392269
INSP_004775,String_J,String_J_276,2024-02-27,77886.95010983224,0.0997472327058738,1.756469019820343,CT80,UT,0.0,120.0,60.0,1.5,0.0,0.8798090621420268
INSP_004776,String_J,String_J_277,2024-06-21,77886.95010983224,0.09788817356862156,1.756469019820343,CT80,EMAT,0.0,120.0,60.0,1.5,0.0,0.7043834702948069
INSP_004777,String_J,String_J_278,2024-03-19,77886.95010983224,0.10138342734821237,1.756469019820343,CT80,MFL,0.0,120.0,60.0,1.5,0.0,0.9939499253160768
INSP_004778,String_J,String_J_279,2024-04-09,77886.95010983224,0.09856168002599278,1.756469019820343,CT80,MFL,0.0,120.0,60.0,1.5,0.0,0.8045345160156169
INSP_004779,String_J,String_J_280,2024-04-27,77886.95010983224,0.10100186577393515,1.756469019820343,CT80,MFL,0.0,120.0,60.0,1.5,0.0,0.8053189856699715
INSP_004780,String_J,String_J_281,2024-06-02,77886.95010983224,0.09825042121354309,1.756469019820343,CT80,MFL,0.0,120.0,60.0,1.5,0.0,0.9832406574623835
INSP_004781,String_J,String_J_282,2024-03-22,77886.95010983224,0.10097915412257136,1.756469019820343,CT80,UT,0.0,120.0,60.0,1.5,0.0,0.7920586127689909
INSP_004782,String_J,String_J_283,2024-05-17,77886.95010983224,0.09763077568829442,1.756469019820343,CT80,EMAT,0.0,120.0,60.0,1.5,0.0,0.938270350282668
INSP_004783,String_J,String_J_284,2024-01-07,77886.95010983224,0.09961639676102654,1.756469019820343,CT80,MFL,0.0,120.0,60.0,1.5,0.0,0.9203812687845188
INSP_004784,String_J,String_J_285,2024-06-06,77886.95010983224,0.10064260808192349,1.756469019820343,CT80,UT,0.0,120.0,60.0,1.5,0.0,0.8343266924291382
INSP_004785,String_J,String_J_286,2024-01-08,77886.95010983224,0.10130117230981228,1.756469019820343,CT80,MFL,0.0,120.0,60.0,1.5,0.0,0.7064462822635181
INSP_004786,String_J,String_J_287,2024-04-11,77886.95010983224,0.101199239525415,1.756469019820343,CT80,EMAT,0.0,120.0,60.0,1.5,0.0,0.9658285234968014
INSP_004787,String_J,String_J_288,2024-01-01,77886.95010983224,0.10084247305883938,1.756469019820343,CT80,UT,0.0,120.0,60.0,1.5,0.0,0.7019562519232053
INSP_004788,String_J,String_J_289,2024-05-08,77886.95010983224,0.10111555820363222,1.756469019820343,CT80,MFL,0.0,120.0,60.0,1.5,0.0,0.8120463201936278
INSP_004789,String_J,String_J_290,2024-06-28,77886.95010983224,0.09837153625206452,1.756469019820343,CT80,MFL,0.0,120.0,60.0,1.5,0.0,0.8359031090085791
INSP_004790,String_J,String_J_291,2024-01-20,77886.95010983224,0.09870993152554837,1.756469019820343,CT80,MFL,0.0,120.0,60.0,1.5,0.0,0.9535222543303687
INSP_004791,String_J,String_J_292,2024-05-27,77886.95010983224,0.09872898605371122,1.756469019820343,CT80,MFL,0.0,120.0,60.0,1.5,0.0,0.7007935942368245
INSP_004792,String_J,String_J_293,2024-05-23,77886.95010983224,0.09907981076913767,1.756469019820343,CT80,MFL,0.0,120.0,60.0,1.5,0.0,0.7702440840045066
INSP_004793,String_J,String_J_294,2024-05-08,77886.95010983224,0.09914459759897762,1.756469019820343,CT80,MFL,0.0,120.0,60.0,1.5,0.0,0.776962782238696
INSP_004794,String_J,String_J_295,2024-03-07,77886.95010983224,0.09974693182104093,1.756469019820343,CT80,UT,0.0,120.0,60.0,1.5,0.0,0.7260186488644252
INSP_004795,String_J,String_J_296,2024-06-24,77886.95010983224,0.09821485403057342,1.756469019820343,CT80,MFL,0.9813301062905391,120.0,60.0,1.5,0.0,0.7691889968526344
INSP_004796,String_J,String_J_297,2024-06-17,77886.95010983224,0.10033117102247183,1.756469019820343,CT80,UT,0.0,120.0,60.0,1.5,0.0,0.8135690873633046
INSP_004797,String_J,String_J_298,2024-06-19,77886.95010983224,0.0982454687612196,1.756469019820343,CT80,UT,0.0,120.0,60.0,1.5,0.0,0.7039639243804281
INSP_004798,String_J,String_J_299,2024-05-13,77886.95010983224,0.09881397838943658,1.756469019820343,CT80,UT,0.0,120.0,60.0,1.5,0.0,0.9674666728595491
INSP_004799,String_J,String_J_300,2024-05-08,77886.95010983224,0.0995828007209753,1.756469019820343,CT80,EMAT,1.1409816820588061,120.0,60.0,1.5,0.0,0.8898411923874101
INSP_004800,String_J,String_J_301,2024-05-13,77886.95010983224,0.1007501350811102,1.756469019820343,CT80,UT,0.0,120.0,60.0,1.5,0.0,0.9824688764681728
INSP_004801,String_J,String_J_302,2024-03-30,77886.95010983224,0.10052323086482416,1.756469019820343,CT80,MFL,0.0,120.0,60.0,1.5,0.0,0.8973063472296263
INSP_004802,String_J,String_J_303,2024-01-01,77886.95010983224,0.10014910899948695,1.756469019820343,CT80,EMAT,0.0,120.0,60.0,1.5,0.0,0.8149501557862647
INSP_004803,String_J,String_J_304,2024-01-11,77886.95010983224,0.09819849873705212,1.756469019820343,CT80,EMAT,0.0,120.0,60.0,1.5,0.0,0.9973452038083608
INSP_004804,String_J,String_J_305,2024-05-16,77886.95010983224,0.09975684902451291,1.756469019820343,CT80,UT,0.0,120.0,60.0,1.5,0.0,0.7690661141385909
INSP_004805,String_J,String_J_306,2024-01-07,77886.95010983224,0.09792636834937857,1.756469019820343,CT80,EMAT,0.0,120.0,60.0,1.5,0.0,0.7932518987790359
INSP_004806,String_J,String_J_307,2024-02-28,77886.95010983224,0.09908104242683034,1.756469019820343,CT80,MFL,0.0,120.0,60.0,1.5,0.0,0.7750159848288115
INSP_004807,String_J,String_J_308,2024-04-09,77886.95010983224,0.09922503324795899,1.756469019820343,CT80,MFL,0.0,120.0,60.0,1.5,0.0,0.9744201902696659
INSP_004808,String_J,String_J_309,2024-04-10,77886.95010983224,0.09773664841802683,1.756469019820343,CT80,EMAT,1.3884910840824454,120.0,60.0,1.5,0.0,0.9870313349665436
INSP_004809,String_J,String_J_310,2024-05-19,77886.95010983224,0.09866932232813294,1.756469019820343,CT80,UT,0.0,120.0,60.0,1.5,0.0,0.7173877188388443
INSP_004810,String_J,String_J_311,2024-04-22,77886.95010983224,0.10138422898537759,1.756469019820343,CT80,MFL,0.0,120.0,60.0,1.5,0.0,0.7255604159516841
INSP_004811,String_J,String_J_312,2024-03-01,77886.95010983224,0.1013761962797405,1.756469019820343,CT80,UT,0.0,120.0,60.0,1.5,0.0,0.9816366932127802
INSP_004812,String_J,String_J_313,2024-01-04,77886.95010983224,0.0989813290809115,1.756469019820343,CT80,MFL,0.0,120.0,60.0,1.5,0.0,0.9142111038428951
INSP_004813,String_J,String_J_314,2024-06-21,77886.95010983224,0.09774974646222855,1.756469019820343,CT80,EMAT,0.0,120.0,60.0,1.5,0.0,0.8472056992086083
INSP_004814,String_J,String_J_315,2024-02-23,77886.95010983224,0.09829138383203083,1.756469019820343,CT80,EMAT,0.0,120.0,60.0,1.5,0.0,0.7433777505560843
INSP_004815,String_J,String_J_316,2024-03-28,77886.95010983224,0.09914020508369129,1.756469019820343,CT80,UT,0.0,120.0,60.0,1.5,0.0,0.7294356203566816
INSP_004816,String_J,String_J_317,2024-04-25,77886.95010983224,0.10135288543260275,1.756469019820343,CT80,EMAT,0.0,120.0,60.0,1.5,0.0,0.9186447622581313
INSP_004817,String_J,String_J_318,2024-02-19,77886.95010983224,0.09814045292949242,1.756469019820343,CT80,MFL,0.0,120.0,60.0,1.5,0.0,0.9059552598263296
INSP_004818,String_J,String_J_319,2024-06-20,77886.95010983224,0.1006190032025616,1.756469019820343,CT80,MFL,0.0,120.0,60.0,1.5,0.0,0.8050020469666298
INSP_004819,String_J,String_J_320,2024-02-16,77886.95010983224,0.09801094679625713,1.756469019820343,CT80,MFL,0.0,120.0,60.0,1.5,0.0,0.7033793871488502
INSP_004820,String_J,String_J_321,2024-04-22,77886.95010983224,0.10148622043148517,1.756469019820343,CT80,MFL,1.065390631182338,120.0,60.0,1.5,0.0,0.8120445147762193
INSP_004821,String_J,String_J_322,2024-03-05,77886.95010983224,0.09909798247009391,1.756469019820343,CT80,MFL,0.0,120.0,60.0,1.5,0.0,0.7395288081341447
INSP_004822,String_J,String_J_323,2024-03-06,77886.95010983224,0.1006656761771491,1.756469019820343,CT80,MFL,2.4698039175522633,120.0,60.0,1.5,0.0,0.9217614658540079
INSP_004823,String_J,String_J_324,2024-03-02,77886.95010983224,0.09894255285721783,1.756469019820343,CT80,EMAT,0.8283063965262326,120.0,60.0,1.5,0.0,0.7998084253974066
INSP_004824,String_J,String_J_325,2024-03-12,77886.95010983224,0.10007795474189403,1.756469019820343,CT80,UT,0.0,120.0,60.0,1.5,0.0,0.7363533391357114
INSP_004825,String_J,String_J_326,2024-03-24,77886.95010983224,0.0983428459000827,1.756469019820343,CT80,MFL,0.0,120.0,60.0,1.5,0.0,0.7984336416889881
INSP_004826,String_J,String_J_327,2024-02-12,77886.95010983224,0.09815965771417236,1.756469019820343,CT80,EMAT,0.0,120.0,60.0,1.5,0.0,0.7364851509847727
INSP_004827,String_J,String_J_328,2024-04-09,77886.95010983224,0.10131419050953962,1.756469019820343,CT80,UT,0.0,120.0,60.0,1.5,0.0,0.7969086688502548
INSP_004828,String_J,String_J_329,2024-05-07,77886.95010983224,0.10123287465936902,1.756469019820343,CT80,UT,0.0,120.0,60.0,1.5,0.0,0.9639437619967308
INSP_004829,String_J,String_J_330,2024-06-16,77886.95010983224,0.1011126810063706,1.756469019820343,CT80,UT,0.0,120.0,60.0,1.5,0.0,0.9483194012818766
INSP_004830,String_J,String_J_331,2024-05-27,77886.95010983224,0.10006905152996262,1.756469019820343,CT80,UT,0.7707368620878657,120.0,60.0,1.5,0.0,0.9138289127954629
INSP_004831,String_J,String_J_332,2024-06-16,77886.95010983224,0.10079724199725296,1.756469019820343,CT80,MFL,0.0,120.0,60.0,1.5,0.0,0.8225365034668868
INSP_004832,String_J,String_J_333,2024-02-07,77886.95010983224,0.09785304711887617,1.756469019820343,CT80,EMAT,0.9914678268394411,120.0,60.0,1.5,0.0,0.8325126030582002
INSP_004833,String_J,String_J_334,2024-03-08,77886.95010983224,0.09891147905160741,1.756469019820343,CT80,MFL,0.0,120.0,60.0,1.5,0.0,0.7037987610562747
INSP_004834,String_J,String_J_335,2024-01-05,77886.95010983224,0.09882749850128672,1.756469019820343,CT80,UT,0.0,120.0,60.0,1.5,0.0,0.7723355090847925
INSP_004835,String_J,String_J_336,2024-03-30,77886.95010983224,0.10010972315960831,1.756469019820343,CT80,EMAT,0.0,120.0,60.0,1.5,0.0,0.7985247671044148
INSP_004836,String_J,String_J_337,2024-06-12,77886.95010983224,0.09899578943357558,1.756469019820343,CT80,UT,0.4222009848063002,120.0,60.0,1.5,0.0,0.7565727162140534
INSP_004837,String_J,String_J_338,2024-05-18,77886.95010983224,0.09816955795652473,1.756469019820343,CT80,UT,0.09447997593934107,120.0,60.0,1.5,0.0,0.816628293731422
INSP_004838,String_J,String_J_339,2024-06-09,77886.95010983224,0.09995368485764039,1.756469019820343,CT80,UT,0.0,120.0,60.0,1.5,0.0,0.8184121259782663
INSP_004839,String_J,String_J_340,2024-04-08,77886.95010983224,0.10082159951711779,1.756469019820343,CT80,EMAT,0.0,120.0,60.0,1.5,0.0,0.7431509414916072
INSP_004840,String_J,String_J_341,2024-01-28,77886.95010983224,0.0991000017205872,1.756469019820343,CT80,UT,0.0,120.0,60.0,1.5,0.0,0.7249945620723084
INSP_004841,String_J,String_J_342,2024-03-08,77886.95010983224,0.09810488532426621,1.756469019820343,CT80,UT,0.0,120.0,60.0,1.5,0.0,0.8307602682964497
INSP_004842,String_J,String_J_343,2024-01-29,77886.95010983224,0.09836145389244737,1.756469019820343,CT80,MFL,0.0,120.0,60.0,1.5,0.0,0.9112312413074538
INSP_004843,String_J,String_J_344,2024-03-19,77886.95010983224,0.0985239317958979,1.756469019820343,CT80,MFL,0.0,120.0,60.0,1.5,0.0,0.8790666105427445
INSP_004844,String_J,String_J_345,2024-02-27,77886.95010983224,0.09877251411774993,1.756469019820343,CT80,UT,0.0,120.0,60.0,1.5,0.0,0.7585525393322219
INSP_004845,String_J,String_J_346,2024-05-28,77886.95010983224,0.10013819902880534,1.756469019820343,CT80,UT,0.0,120.0,60.0,1.5,0.0,0.918177301196555
INSP_004846,String_J,String_J_347,2024-06-05,77886.95010983224,0.09997152137195599,1.756469019820343,CT80,UT,0.0,120.0,60.0,1.5,0.0,0.9470539560168322
INSP_004847,String_J,String_J_348,2024-02-22,77886.95010983224,0.10035042058163926,1.756469019820343,CT80,MFL,0.0,120.0,60.0,1.5,0.0,0.9434111132429418
INSP_004848,String_J,String_J_349,2024-03-06,77886.95010983224,0.09902185358069455,1.756469019820343,CT80,EMAT,0.1115131835319921,120.0,60.0,1.5,0.0,0.7565073990234596
INSP_004849,String_J,String_J_350,2024-02-16,77886.95010983224,0.10085988888497474,1.756469019820343,CT80,UT,0.0,120.0,60.0,1.5,0.0,0.8499634753657938
INSP_004850,String_J,String_J_351,2024-03-03,77886.95010983224,0.0983909243224824,1.756469019820343,CT80,EMAT,0.6812633074348783,120.0,60.0,1.5,0.0,0.9367868194054887
INSP_004851,String_J,String_J_352,2024-02-04,77886.95010983224,0.09944617394055597,1.756469019820343,CT80,MFL,0.0,120.0,60.0,1.5,0.0,0.7877587452847681
INSP_004852,String_J,String_J_353,2024-06-28,77886.95010983224,0.100768050258873,1.756469019820343,CT80,MFL,0.0,120.0,60.0,1.5,0.0,0.9737534118026749
INSP_004853,String_J,String_J_354,2024-03-17,77886.95010983224,0.09829562034764548,1.756469019820343,CT80,EMAT,1.5164791207658406,120.0,60.0,1.5,0.0,0.7864585277717385
INSP_004854,String_J,String_J_355,2024-05-27,77886.95010983224,0.09801564876318278,1.756469019820343,CT80,MFL,0.0,120.0,60.0,1.5,0.0,0.7471476432243689
INSP_004855,String_J,String_J_356,2024-05-09,77886.95010983224,0.10109760629685827,1.756469019820343,CT80,EMAT,0.0,120.0,60.0,1.5,0.0,0.9494199377590283
INSP_004856,String_J,String_J_357,2024-01-04,77886.95010983224,0.09894390134636277,1.756469019820343,CT80,EMAT,0.0,120.0,60.0,1.5,0.0,0.905517429203732
INSP_004857,String_J,String_J_358,2024-06-26,77886.95010983224,0.10030179189751244,1.756469019820343,CT80,MFL,0.006458481876541126,120.0,60.0,1.5,0.0,0.7402246752923617
INSP_004858,String_J,String_J_359,2024-05-04,77886.95010983224,0.0976790461401617,1.756469019820343,CT80,EMAT,1.392638697928672,120.0,60.0,1.5,0.0,0.9509737468968031
INSP_004859,String_J,String_J_360,2024-06-08,77886.95010983224,0.10032639258216283,1.756469019820343,CT80,MFL,0.0,120.0,60.0,1.5,0.0,0.740565555551565
INSP_004860,String_J,String_J_361,2024-01-27,77886.95010983224,0.09883704994954032,1.756469019820343,CT80,MFL,0.0,120.0,60.0,1.5,0.0,0.9194344950284713
INSP_004861,String_J,String_J_362,2024-01-30,77886.95010983224,0.09780009175593972,1.756469019820343,CT80,MFL,0.7486105045224279,120.0,60.0,1.5,0.0,0.7508992178654357
INSP_004862,String_J,String_J_363,2024-04-22,77886.95010983224,0.10000683777761497,1.756469019820343,CT80,MFL,1.3577679967175895,120.0,60.0,1.5,0.0,0.9852414885094463
INSP_004863,String_J,String_J_364,2024-03-24,77886.95010983224,0.0985371566573673,1.756469019820343,CT80,EMAT,0.0,120.0,60.0,1.5,0.0,0.7186964588373466
INSP_004864,String_J,String_J_365,2024-05-04,77886.95010983224,0.099118656052663,1.756469019820343,CT80,MFL,0.0,120.0,60.0,1.5,0.0,0.718839260011209
INSP_004865,String_J,String_J_366,2024-06-01,77886.95010983224,0.09789902382459396,1.756469019820343,CT80,EMAT,0.0,120.0,60.0,1.5,0.0,0.8754709325951722
INSP_004866,String_J,String_J_367,2024-06-04,77886.95010983224,0.09816420697111863,1.756469019820343,CT80,MFL,0.0,120.0,60.0,1.5,0.0,0.7434589918284632
INSP_004867,String_J,String_J_368,2024-02-15,77886.95010983224,0.0987648657580162,1.756469019820343,CT80,MFL,0.0,120.0,60.0,1.5,0.0,0.9461021674019573
INSP_004868,String_J,String_J_369,2024-02-02,77886.95010983224,0.0979355805125275,1.756469019820343,CT80,MFL,6.521253424596972,120.0,60.0,1.5,0.0,0.9218311913177138
INSP_004869,String_J,String_J_370,2024-01-03,77886.95010983224,0.10120570807039996,1.756469019820343,CT80,UT,0.0,120.0,60.0,1.5,0.0,0.7353537714385787
INSP_004870,String_J,String_J_371,2024-01-05,77886.95010983224,0.09760217228585984,1.756469019820343,CT80,MFL,1.0834351525581858,120.0,60.0,1.5,0.0,0.8994244909302229
INSP_004871,String_J,String_J_372,2024-05-29,77886.95010983224,0.0995051966214871,1.756469019820343,CT80,MFL,0.0,120.0,60.0,1.5,0.0,0.9077715159763218
INSP_004872,String_J,String_J_373,2024-04-12,77886.95010983224,0.09806895565045663,1.756469019820343,CT80,MFL,1.052561901272043,120.0,60.0,1.5,0.0,0.88380776538619
INSP_004873,String_J,String_J_374,2024-06-04,77886.95010983224,0.09880350609940562,1.756469019820343,CT80,EMAT,0.05258100297311702,120.0,60.0,1.5,0.0,0.8981401744451223
INSP_004874,String_J,String_J_375,2024-06-27,77886.95010983224,0.10126637892006127,1.756469019820343,CT80,UT,0.0,120.0,60.0,1.5,0.0,0.7533477273622331
INSP_004875,String_J,String_J_376,2024-06-19,77886.95010983224,0.0982220819379102,1.756469019820343,CT80,UT,0.0,120.0,60.0,1.5,0.0,0.7506823310383658
INSP_004876,String_J,String_J_377,2024-04-24,77886.95010983224,0.10142478503742529,1.756469019820343,CT80,MFL,0.4396919698554083,120.0,60.0,1.5,0.0,0.998205020913351
INSP_004877,String_J,String_J_378,2024-02-09,77886.95010983224,0.09839772179465515,1.756469019820343,CT80,UT,0.8708532931450034,120.0,60.0,1.5,0.0,0.7738312001323054
INSP_004878,String_J,String_J_379,2024-03-29,77886.95010983224,0.10053158225568351,1.756469019820343,CT80,MFL,0.0,120.0,60.0,1.5,0.0,0.9789906817758914
INSP_004879,String_J,String_J_380,2024-02-03,77886.95010983224,0.0997553830403166,1.756469019820343,CT80,UT,1.5826462796487961,120.0,60.0,1.5,0.0,0.7827619822901604
INSP_004880,String_J,String_J_381,2024-02-11,77886.95010983224,0.10110077165002211,1.756469019820343,CT80,UT,0.0,120.0,60.0,1.5,0.0,0.7420116184256141
INSP_004881,String_J,String_J_382,2024-04-11,77886.95010983224,0.09978452101488643,1.756469019820343,CT80,UT,0.0,120.0,60.0,1.5,0.0,0.892250607335534
INSP_004882,String_J,String_J_383,2024-03-30,77886.95010983224,0.09970711954085883,1.756469019820343,CT80,EMAT,0.0,120.0,60.0,1.5,0.0,0.8957748833150332
INSP_004883,String_J,String_J_384,2024-01-25,77886.95010983224,0.09835655428975325,1.756469019820343,CT80,EMAT,0.0,120.0,60.0,1.5,0.0,0.8636580604450018
INSP_004884,String_J,String_J_385,2024-03-16,77886.95010983224,0.09824014307958767,1.756469019820343,CT80,MFL,0.15116199056694582,120.0,60.0,1.5,0.0,0.9962401743025125
INSP_004885,String_J,String_J_386,2024-05-26,77886.95010983224,0.10122826209618485,1.756469019820343,CT80,MFL,1.3802207992931792,120.0,60.0,1.5,0.0,0.8789114917532606
INSP_004886,String_J,String_J_387,2024-06-20,77886.95010983224,0.09888379537913304,1.756469019820343,CT80,UT,1.0063289881063058,120.0,60.0,1.5,0.0,0.9807031781143443
INSP_004887,String_J,String_J_388,2024-01-11,77886.95010983224,0.09906000968165778,1.756469019820343,CT80,MFL,0.0,120.0,60.0,1.5,0.0,0.9864916871474825
INSP_004888,String_J,String_J_389,2024-06-26,77886.95010983224,0.10060429804431012,1.756469019820343,CT80,MFL,0.10071868081081355,120.0,60.0,1.5,0.0,0.9323246029085658
INSP_004889,String_J,String_J_390,2024-05-31,77886.95010983224,0.09892754733708813,1.756469019820343,CT80,UT,0.0,120.0,60.0,1.5,0.0,0.9981714234947265
INSP_004890,String_J,String_J_391,2024-01-15,77886.95010983224,0.10136994267454745,1.756469019820343,CT80,UT,0.0,120.0,60.0,1.5,0.0,0.8906420923376376
INSP_004891,String_J,String_J_392,2024-03-26,77886.95010983224,0.10051709155324721,1.756469019820343,CT80,MFL,0.6547833234609653,120.0,60.0,1.5,0.0,0.9245297437635202
INSP_004892,String_J,String_J_393,2024-03-31,77886.95010983224,0.09995751695690719,1.756469019820343,CT80,UT,0.0,120.0,60.0,1.5,0.0,0.7378790685556518
INSP_004893,String_J,String_J_394,2024-01-12,77886.95010983224,0.10108649909402026,1.756469019820343,CT80,EMAT,0.0,120.0,60.0,1.5,0.0,0.9328188006914458
INSP_004894,String_J,String_J_395,2024-01-09,77886.95010983224,0.09777565762419156,1.756469019820343,CT80,UT,1.1072550181757974,120.0,60.0,1.5,0.0,0.7480862491514683
INSP_004895,String_J,String_J_396,2024-01-18,77886.95010983224,0.09860191216954987,1.756469019820343,CT80,EMAT,2.5451731497836296,120.0,60.0,1.5,0.0,0.8651421155688734
INSP_004896,String_J,String_J_397,2024-05-18,77886.95010983224,0.09943022524691915,1.756469019820343,CT80,UT,2.1305726764419597,120.0,60.0,1.5,0.0,0.8312194351207469
INSP_004897,String_J,String_J_398,2024-03-10,77886.95010983224,0.09848209363449803,1.756469019820343,CT80,UT,0.0,120.0,60.0,1.5,0.0,0.8981305416410716
INSP_004898,String_J,String_J_399,2024-01-03,77886.95010983224,0.1005408982900106,1.756469019820343,CT80,MFL,0.1123178042813082,120.0,60.0,1.5,0.0,0.8443905883109168
INSP_004899,String_J,String_J_400,2024-05-01,77886.95010983224,0.1012390907944113,1.756469019820343,CT80,MFL,0.0,120.0,60.0,1.5,0.0,0.7625104985659397
INSP_004900,String_J,String_J_401,2024-05-07,77886.95010983224,0.09926587103060597,1.756469019820343,CT80,UT,0.0,120.0,60.0,1.5,0.0,0.9099568824370659
INSP_004901,String_J,String_J_402,2024-06-05,77886.95010983224,0.0989407268219,1.756469019820343,CT80,EMAT,0.8087274923956929,120.0,60.0,1.5,0.0,0.9855127994192139
INSP_004902,String_J,String_J_403,2024-05-30,77886.95010983224,0.1014077324198416,1.756469019820343,CT80,UT,0.0,120.0,60.0,1.5,0.0,0.7170322931446462
INSP_004903,String_J,String_J_404,2024-01-22,77886.95010983224,0.09934983722604719,1.756469019820343,CT80,MFL,0.0,120.0,60.0,1.5,0.0,0.7075912920754303
INSP_004904,String_J,String_J_405,2024-01-25,77886.95010983224,0.09952586000273395,1.756469019820343,CT80,EMAT,0.0,120.0,60.0,1.5,0.0,0.7472468265982484
INSP_004905,String_J,String_J_406,2024-01-24,77886.95010983224,0.09897863201494268,1.756469019820343,CT80,EMAT,2.1423413889051885,120.0,60.0,1.5,0.0,0.8955202332790079
INSP_004906,String_J,String_J_407,2024-01-19,77886.95010983224,0.10120061890841033,1.756469019820343,CT80,UT,0.0,120.0,60.0,1.5,0.0,0.7950524292519053
INSP_004907,String_J,String_J_408,2024-05-23,77886.95010983224,0.09984411226315529,1.756469019820343,CT80,MFL,0.0,120.0,60.0,1.5,0.0,0.7926379268483813
INSP_004908,String_J,String_J_409,2024-01-22,77886.95010983224,0.10061366127424284,1.756469019820343,CT80,MFL,0.0,120.0,60.0,1.5,0.0,0.8215263312684484
INSP_004909,String_J,String_J_410,2024-06-17,77886.95010983224,0.100811335089557,1.756469019820343,CT80,UT,1.350905581116482,120.0,60.0,1.5,0.0,0.7026485120393259
INSP_004910,String_J,String_J_411,2024-01-07,77886.95010983224,0.09893959747224532,1.756469019820343,CT80,MFL,0.0,120.0,60.0,1.5,0.0,0.9010940706642281
INSP_004911,String_J,String_J_412,2024-03-27,77886.95010983224,0.09930539697243282,1.756469019820343,CT80,MFL,0.0,120.0,60.0,1.5,0.0,0.9214574471119876
INSP_004912,String_J,String_J_413,2024-06-21,77886.95010983224,0.10095736390896153,1.756469019820343,CT80,UT,0.0,120.0,60.0,1.5,0.0,0.78879021909224
INSP_004913,String_J,String_J_414,2024-05-31,77886.95010983224,0.09902485407562069,1.756469019820343,CT80,MFL,2.4011481187913737,120.0,60.0,1.5,0.0,0.8773336834284858
INSP_004914,String_J,String_J_415,2024-06-09,77886.95010983224,0.10074015651451945,1.756469019820343,CT80,MFL,0.0,120.0,60.0,1.5,0.0,0.8951255938631024
INSP_004915,String_J,String_J_416,2024-04-29,77886.95010983224,0.10132585281565377,1.756469019820343,CT80,MFL,0.0,120.0,60.0,1.5,0.0,0.7402398048298868
INSP_004916,String_J,String_J_417,2024-04-30,77886.95010983224,0.10006019750492957,1.756469019820343,CT80,MFL,0.0,120.0,60.0,1.5,0.0,0.8828649831723522
INSP_004917,String_J,String_J_418,2024-02-14,77886.95010983224,0.10053182591806732,1.756469019820343,CT80,MFL,1.3967308368886422,120.0,60.0,1.5,0.0,0.9756448361175873
INSP_004918,String_J,String_J_419,2024-01-01,77886.95010983224,0.10078461300625136,1.756469019820343,CT80,MFL,0.0,120.0,60.0,1.5,0.0,0.9729978671885302
INSP_004919,String_J,String_J_420,2024-05-13,77886.95010983224,0.1009436945111714,1.756469019820343,CT80,UT,0.0,120.0,60.0,1.5,0.0,0.7712212469942522
INSP_004920,String_J,String_J_421,2024-06-03,77886.95010983224,0.0991514984307919,1.756469019820343,CT80,MFL,0.0,120.0,60.0,1.5,0.0,0.8809801005573297
INSP_004921,String_J,String_J_422,2024-05-13,77886.95010983224,0.0977822592830008,1.756469019820343,CT80,UT,0.0,120.0,60.0,1.5,0.0,0.9126135658091734
INSP_004922,String_J,String_J_423,2024-01-28,77886.95010983224,0.09917867266734139,1.756469019820343,CT80,UT,0.47745449887618424,120.0,60.0,1.5,0.0,0.9572590407489459
INSP_004923,String_J,String_J_424,2024-01-23,77886.95010983224,0.10026151048726598,1.756469019820343,CT80,MFL,0.0,120.0,60.0,1.5,0.0,0.8093103337998552
INSP_004924,String_J,String_J_425,2024-02-13,77886.95010983224,0.09937173435822919,1.756469019820343,CT80,MFL,1.5680750325251442,120.0,60.0,1.5,0.0,0.716501299319635
INSP_004925,String_J,String_J_426,2024-02-10,77886.95010983224,0.10056104304162058,1.756469019820343,CT80,MFL,5.706102029609938,120.0,60.0,1.5,0.0,0.8500007950680464
INSP_004926,String_J,String_J_427,2024-03-24,77886.95010983224,0.09899987041208168,1.756469019820343,CT80,MFL,0.0,120.0,60.0,1.5,0.0,0.8854031910562908
INSP_004927,String_J,String_J_428,2024-02-13,77886.95010983224,0.10010613395534827,1.756469019820343,CT80,MFL,0.0,120.0,60.0,1.5,0.0,0.7752145384531064
INSP_004928,String_J,String_J_429,2024-06-23,77886.95010983224,0.09832055715344654,1.756469019820343,CT80,UT,0.0,120.0,60.0,1.5,0.0,0.7803056518634489
INSP_004929,String_J,String_J_430,2024-05-30,77886.95010983224,0.1005626611881569,1.756469019820343,CT80,EMAT,1.0719093993263482,120.0,60.0,1.5,0.0,0.9753902183357529
INSP_004930,String_J,String_J_431,2024-06-14,77886.95010983224,0.09975147475476924,1.756469019820343,CT80,MFL,0.0,120.0,60.0,1.5,0.0,0.797923975469358
INSP_004931,String_J,String_J_432,2024-05-06,77886.95010983224,0.09839083163282077,1.756469019820343,CT80,EMAT,0.0,120.0,60.0,1.5,0.0,0.7026944480270924
INSP_004932,String_J,String_J_433,2024-03-14,77886.95010983224,0.0987407059729972,1.756469019820343,CT80,MFL,0.0,120.0,60.0,1.5,0.0,0.7183229040980281
INSP_004933,String_J,String_J_434,2024-04-23,77886.95010983224,0.10055963137631704,1.756469019820343,CT80,MFL,0.0,120.0,60.0,1.5,0.0,0.7006306961376582
INSP_004934,String_J,String_J_435,2024-05-17,77886.95010983224,0.09950018236948442,1.756469019820343,CT80,EMAT,0.0,120.0,60.0,1.5,0.0,0.8676954543961197
INSP_004935,String_J,String_J_436,2024-04-15,77886.95010983224,0.09843849375694934,1.756469019820343,CT80,UT,0.0,120.0,60.0,1.5,0.0,0.9572847467020202
INSP_004936,String_J,String_J_437,2024-03-05,77886.95010983224,0.10143051574140306,1.756469019820343,CT80,EMAT,0.0,120.0,60.0,1.5,0.0,0.8856117604526205
INSP_004937,String_J,String_J_438,2024-03-15,77886.95010983224,0.10042627324010504,1.756469019820343,CT80,UT,0.0,120.0,60.0,1.5,0.0,0.7413474407722956
INSP_004938,String_J,String_J_439,2024-04-21,77886.95010983224,0.1013901448671621,1.756469019820343,CT80,MFL,0.0,120.0,60.0,1.5,0.0,0.720093718051833
INSP_004939,String_J,String_J_440,2024-03-17,77886.95010983224,0.09927915330194695,1.756469019820343,CT80,UT,0.0,120.0,60.0,1.5,0.0,0.801693295321399
INSP_004940,String_J,String_J_441,2024-03-02,77886.95010983224,0.099470307961676,1.756469019820343,CT80,MFL,0.032773104710053284,120.0,60.0,1.5,0.0,0.8927302762521676
INSP_004941,String_J,String_J_442,2024-05-22,77886.95010983224,0.10115444552727705,1.756469019820343,CT80,UT,0.0,120.0,60.0,1.5,0.0,0.975988360242062
INSP_004942,String_J,String_J_443,2024-03-20,77886.95010983224,0.09966924379377297,1.756469019820343,CT80,UT,0.0,120.0,60.0,1.5,0.0,0.9479932610694555
INSP_004943,String_J,String_J_444,2024-03-25,77886.95010983224,0.10039502392540428,1.756469019820343,CT80,MFL,0.646055631429647,120.0,60.0,1.5,0.0,0.7564282549553678
INSP_004944,String_J,String_J_445,2024-02-04,77886.95010983224,0.09858243711772542,1.756469019820343,CT80,MFL,0.03013031008291506,120.0,60.0,1.5,0.0,0.9121657856532549
INSP_004945,String_J,String_J_446,2024-01-16,77886.95010983224,0.09935730109698603,1.756469019820343,CT80,MFL,1.4236662673529978,120.0,60.0,1.5,0.0,0.7890606078531707
INSP_004946,String_J,String_J_447,2024-06-13,77886.95010983224,0.09806976179552793,1.756469019820343,CT80,UT,1.5056749787566128,120.0,60.0,1.5,0.0,0.9199263008449252
INSP_004947,String_J,String_J_448,2024-05-19,77886.95010983224,0.09839846123299444,1.756469019820343,CT80,UT,0.0,120.0,60.0,1.5,0.0,0.8505200241369396
INSP_004948,String_J,String_J_449,2024-01-16,77886.95010983224,0.09758184566319823,1.756469019820343,CT80,MFL,1.0873152223806923,120.0,60.0,1.5,0.0,0.9108788587085411
INSP_004949,String_J,String_J_450,2024-05-13,77886.95010983224,0.0977344722761214,1.756469019820343,CT80,EMAT,0.0,120.0,60.0,1.5,0.0,0.8370948594268008
INSP_004950,String_J,String_J_451,2024-04-30,77886.95010983224,0.1014703938462033,1.756469019820343,CT80,MFL,3.080529257546648,120.0,60.0,1.5,0.0,0.7305285054999278
INSP_004951,String_J,String_J_452,2024-04-02,77886.95010983224,0.09854332948332817,1.756469019820343,CT80,EMAT,0.0,120.0,60.0,1.5,0.0,0.9360439915872965
INSP_004952,String_J,String_J_453,2024-04-16,77886.95010983224,0.10021990828727852,1.756469019820343,CT80,MFL,0.0,120.0,60.0,1.5,0.0,0.8699818620275158
INSP_004953,String_J,String_J_454,2024-06-13,77886.95010983224,0.1009200370019975,1.756469019820343,CT80,UT,0.48328554913673427,120.0,60.0,1.5,0.0,0.9894737785955368
INSP_004954,String_J,String_J_455,2024-01-25,77886.95010983224,0.09977124722353076,1.756469019820343,CT80,UT,0.02936599188342036,0.0,100.0,0.0,0.0,0.838906018116598
INSP_004955,String_J,String_J_456,2024-01-27,77886.95010983224,0.09818802896465686,1.756469019820343,CT80,MFL,1.039949173754924,120.0,60.0,1.5,0.0,0.7537559374585654
INSP_004956,String_J,String_J_457,2024-06-27,77886.95010983224,0.10047801518643854,1.756469019820343,CT80,EMAT,2.2525221159231976,0.0,100.0,0.0,0.0,0.9615231390122116
INSP_004957,String_J,String_J_458,2024-02-09,77886.95010983224,0.09996875702678147,1.756469019820343,CT80,MFL,0.0,0.0,100.0,0.0,0.0,0.7156160798606628
INSP_004958,String_J,String_J_459,2024-02-26,77886.95010983224,0.1004904978216032,1.756469019820343,CT80,UT,0.0,0.0,100.0,0.0,0.0,0.9610936923207269
INSP_004959,String_J,String_J_460,2024-05-20,77886.95010983224,0.10064381901976771,1.756469019820343,CT80,EMAT,0.0,0.0,100.0,0.0,0.0,0.7481059727263674
INSP_004960,String_J,String_J_461,2024-01-18,77886.95010983224,0.10146293228680144,1.756469019820343,CT80,UT,2.6593706238571326,0.0,100.0,0.0,0.0,0.8558218427268021
INSP_004961,String_J,String_J_462,2024-01-24,77886.95010983224,0.09986246409978392,1.756469019820343,CT80,MFL,0.0,0.0,100.0,0.0,0.0,0.8085846665241669
INSP_004962,String_J,String_J_463,2024-05-16,77886.95010983224,0.09893876933606457,1.756469019820343,CT80,MFL,0.1185670955226009,0.0,100.0,0.0,0.0,0.7413906813375433
INSP_004963,String_J,String_J_464,2024-05-30,77886.95010983224,0.10016077934079191,1.756469019820343,CT80,EMAT,0.18127459656184428,0.0,100.0,0.0,0.0,0.9624577558932299
INSP_004964,String_J,String_J_465,2024-05-15,77886.95010983224,0.09785067247577096,1.756469019820343,CT80,MFL,0.0,0.0,100.0,0.0,0.0,0.7678035100830091
INSP_004965,String_J,String_J_466,2024-02-09,77886.95010983224,0.10115222354331983,1.756469019820343,CT80,MFL,0.0,0.0,100.0,0.0,0.0,0.953750632685066
INSP_004966,String_J,String_J_467,2024-06-03,77886.95010983224,0.09805355644692569,1.756469019820343,CT80,UT,0.0,0.0,100.0,0.0,0.0,0.8552236958079849
INSP_004967,String_J,String_J_468,2024-06-24,77886.95010983224,0.09888381385538787,1.756469019820343,CT80,MFL,0.0,0.0,100.0,0.0,0.0,0.7418849933269478
INSP_004968,String_J,String_J_469,2024-03-09,77886.95010983224,0.10082702191139677,1.756469019820343,CT80,EMAT,0.0,0.0,100.0,0.0,0.0,0.8262639575160005
INSP_004969,String_J,String_J_470,2024-03-20,77886.95010983224,0.09995705151244236,1.756469019820343,CT80,UT,0.012720179259691943,0.0,100.0,0.0,0.0,0.8471264662066105
INSP_004970,String_J,String_J_471,2024-01-06,77886.95010983224,0.09914585157655197,1.756469019820343,CT80,MFL,0.0,0.0,100.0,0.0,0.0,0.8747510682359002
INSP_004971,String_J,String_J_472,2024-03-25,77886.95010983224,0.09946367790369941,1.756469019820343,CT80,UT,0.0,0.0,100.0,0.0,0.0,0.8168900428822795
INSP_004972,String_J,String_J_473,2024-06-26,77886.95010983224,0.1009815617565955,1.756469019820343,CT80,MFL,0.0,0.0,100.0,0.0,0.0,0.7192593505607872
INSP_004973,String_J,String_J_474,2024-02-09,77886.95010983224,0.09893225061542742,1.756469019820343,CT80,EMAT,0.5738886918707122,0.0,100.0,0.0,0.0,0.8555398114056831
INSP_004974,String_J,String_J_475,2024-01-18,77886.95010983224,0.10104171084816593,1.756469019820343,CT80,UT,0.7940366079335235,0.0,100.0,0.0,0.0,0.7648625276392172
INSP_004975,String_J,String_J_476,2024-02-27,77886.95010983224,0.09792910821933462,1.756469019820343,CT80,UT,0.0,0.0,100.0,0.0,0.0,0.9199324779640201
INSP_004976,String_J,String_J_477,2024-03-22,77886.95010983224,0.10067190483867007,1.756469019820343,CT80,EMAT,0.0,0.0,100.0,0.0,0.0,0.7941700561453092
INSP_004977,String_J,String_J_478,2024-01-31,77886.95010983224,0.10095368325808994,1.756469019820343,CT80,EMAT,0.0,0.0,100.0,0.0,0.0,0.7360711840102648
INSP_004978,String_J,String_J_479,2024-01-13,77886.95010983224,0.09830222779852357,1.756469019820343,CT80,MFL,1.788279480916976,0.0,100.0,0.0,0.0,0.7993675999542105
INSP_004979,String_J,String_J_480,2024-05-09,77886.95010983224,0.0992920634287102,1.756469019820343,CT80,MFL,0.23175061997835425,0.0,100.0,0.0,0.0,0.763531435682773
INSP_004980,String_J,String_J_481,2024-05-26,77886.95010983224,0.09823723729417821,1.756469019820343,CT80,MFL,0.0,0.0,100.0,0.0,0.0,0.8480675177481959
INSP_004981,String_J,String_J_482,2024-03-23,77886.95010983224,0.10039233641411931,1.756469019820343,CT80,UT,0.2472470245283342,0.0,100.0,0.0,0.0,0.8869329519268161
INSP_004982,String_J,String_J_483,2024-05-18,77886.95010983224,0.09971026015696798,1.756469019820343,CT80,MFL,0.782775516745973,0.0,100.0,0.0,0.0,0.9239553730514609
INSP_004983,String_J,String_J_484,2024-05-23,77886.95010983224,0.1001084408033307,1.756469019820343,CT80,MFL,0.0,0.0,100.0,0.0,0.0,0.9414045073967782
INSP_004984,String_J,String_J_485,2024-06-23,77886.95010983224,0.09836065243638632,1.756469019820343,CT80,UT,0.0,0.0,100.0,0.0,0.0,0.9739110463197116
INSP_004985,String_J,String_J_486,2024-05-02,77886.95010983224,0.09842142524505056,1.756469019820343,CT80,MFL,0.0,0.0,100.0,0.0,0.0,0.9014680072460423
INSP_004986,String_J,String_J_487,2024-02-03,77886.95010983224,0.09774336292982866,1.756469019820343,CT80,MFL,0.0,0.0,100.0,0.0,0.0,0.7556744521022102
INSP_004987,String_J,String_J_488,2024-02-17,77886.95010983224,0.09886081210046722,1.756469019820343,CT80,MFL,0.0,0.0,100.0,0.0,0.0,0.9456548096494307
INSP_004988,String_J,String_J_489,2024-03-21,77886.95010983224,0.09980742759389402,1.756469019820343,CT80,MFL,0.0,0.0,100.0,0.0,0.0,0.782884359407879
INSP_004989,String_J,String_J_490,2024-03-11,77886.95010983224,0.1009950535036605,1.756469019820343,CT80,UT,2.449597278801061,0.0,100.0,0.0,0.0,0.7708832257884055
INSP_004990,String_J,String_J_491,2024-06-25,77886.95010983224,0.10023431295565868,1.756469019820343,CT80,UT,0.0,0.0,100.0,0.0,0.0,0.8713412230889613
INSP_004991,String_J,String_J_492,2024-06-17,77886.95010983224,0.09931217563093564,1.756469019820343,CT80,MFL,0.0,0.0,100.0,0.0,0.0,0.9174840595342433
INSP_004992,String_J,String_J_493,2024-06-15,77886.95010983224,0.10137415513159025,1.756469019820343,CT80,MFL,0.8905028362903128,0.0,100.0,0.0,0.0,0.7112527572380397
INSP_004993,String_J,String_J_494,2024-05-04,77886.95010983224,0.1004426830099702,1.756469019820343,CT80,MFL,0.06823341431432535,0.0,100.0,0.0,0.0,0.7610534959221811
INSP_004994,String_J,String_J_495,2024-01-29,77886.95010983224,0.10128273078942013,1.756469019820343,CT80,MFL,0.0,0.0,100.0,0.0,0.0,0.7924802722987627
INSP_004995,String_J,String_J_496,2024-05-08,77886.95010983224,0.09967935460836552,1.756469019820343,CT80,MFL,0.0,0.0,100.0,0.0,0.0,0.9343091607102999
INSP_004996,String_J,String_J_497,2024-06-28,77886.95010983224,0.09860924678627818,1.756469019820343,CT80,EMAT,0.0,0.0,100.0,0.0,0.0,0.927967990542155
INSP_004997,String_J,String_J_498,2024-04-11,77886.95010983224,0.09778848527159564,1.756469019820343,CT80,UT,1.3936642529315295,0.0,100.0,0.0,0.0,0.7518068148062299
INSP_004998,String_J,String_J_499,2024-04-12,77886.95010983224,0.10046992382874131,1.756469019820343,CT80,EMAT,0.07567775269244571,0.0,100.0,0.0,0.0,0.7948154716628061
INSP_004999,String_J,String_J_500,2024-05-28,77886.95010983224,0.09806121129527827,1.756469019820343,CT80,MFL,0.5539146688652754,0.0,100.0,0.0,0.0,0.8416255466982565
